dataset,seed,Model,Time (s),Accuracy,Balanced Accuracy,F1 Score,Precision,Recall,MCC,Cohen Kappa,Positive class,AUC-ROC,PR-AUC,wall_s,RMSE,MAE,R²,MAPE (%)
adult,0,AdaBoost,3.3926,0.8643,0.7766,0.6822,0.7765,0.6083,0.6047,0.5975,1.0,0.9145,0.8003,3.7451427999767475,,,,
adult,0,Decision Tree,0.5794,0.8197,0.7555,0.6268,0.6214,0.6323,0.508,0.508,1.0,0.7555,0.4809,0.6418729000142775,,,,
adult,0,Extra Trees,9.1573,0.8543,0.7753,0.672,0.7285,0.6237,0.582,0.5791,1.0,0.9005,0.7504,9.757133300008718,,,,
adult,0,Gradient Boosting,12.2873,0.8679,0.7822,0.6913,0.7847,0.6177,0.6158,0.6087,1.0,0.9202,0.8127,12.380119899986312,,,,
adult,0,Hist Gradient Boosting,2.0473,0.8727,0.7971,0.7104,0.7802,0.652,0.6338,0.6296,1.0,0.9269,0.8246,2.4020544000086375,,,,
adult,0,KNN,0.005,0.8469,0.7747,0.6655,0.6977,0.6361,0.5675,0.5665,1.0,0.8681,0.6906,6.3814730000449345,,,,
adult,0,Logistic Regression,4.7349,0.8462,0.7529,0.6412,0.726,0.5741,0.5511,0.545,1.0,0.9026,0.757,4.794940499996301,,,,
adult,0,Random Forest,9.9563,0.8641,0.7856,0.6911,0.7582,0.6348,0.6087,0.6048,1.0,0.9129,0.7934,10.423287600046024,,,,
adult,0,SVM,70.0403,0.8165,0.6287,0.4118,0.8843,0.2684,0.4231,0.338,1.0,0.8754,0.7146,116.18951039999956,,,,
adult,0,XGBoost,0.7496,0.8679,0.7942,0.7029,0.7614,0.6528,0.6217,0.6186,1.0,0.9245,0.8216,0.893534200033173,,,,
adult,1,AdaBoost,3.783,0.8622,0.7746,0.6782,0.7689,0.6066,0.5987,0.592,1.0,0.9152,0.8014,4.159470800019335,,,,
adult,1,Decision Tree,0.6724,0.8205,0.7533,0.6248,0.6251,0.6246,0.5068,0.5068,1.0,0.7533,0.4803,0.7370319000328891,,,,
adult,1,Extra Trees,10.5915,0.8544,0.772,0.6687,0.7343,0.6139,0.5801,0.5763,1.0,0.9008,0.7579,11.246803399990313,,,,
adult,1,Gradient Boosting,13.2645,0.8703,0.7851,0.6964,0.7917,0.6216,0.6227,0.6154,1.0,0.9212,0.8178,13.36948349996237,,,,
adult,1,Hist Gradient Boosting,2.4947,0.8737,0.7961,0.7105,0.7875,0.6473,0.6357,0.6308,1.0,0.9258,0.8279,2.92502860003151,,,,
adult,1,KNN,0.0068,0.8411,0.7582,0.6435,0.6948,0.5993,0.5444,0.542,1.0,0.8671,0.6801,8.12200329999905,,,,
adult,1,Logistic Regression,4.589,0.8501,0.758,0.6499,0.7368,0.5813,0.5625,0.5562,1.0,0.9007,0.756,4.639117999991868,,,,
adult,1,Random Forest,12.5058,0.8675,0.7859,0.6945,0.7749,0.6293,0.6165,0.6111,1.0,0.9132,0.7988,13.26055649999762,,,,
adult,1,SVM,84.1607,0.8205,0.6404,0.4403,0.8678,0.2949,0.4383,0.3629,1.0,0.8798,0.7284,136.25406130001647,,,,
adult,1,XGBoost,0.8861,0.8681,0.7943,0.7033,0.7621,0.6528,0.6222,0.6191,1.0,0.9257,0.8248,1.0497081000357866,,,,
adult,2,AdaBoost,3.3274,0.8648,0.7787,0.6848,0.775,0.6134,0.6069,0.6003,1.0,0.92,0.8107,3.7773522999486886,,,,
adult,2,Decision Tree,0.7906,0.8172,0.7513,0.6207,0.6166,0.625,0.5003,0.5003,1.0,0.7513,0.4751,0.8761798999621533,,,,
adult,2,Extra Trees,10.567,0.851,0.7681,0.6619,0.7245,0.6092,0.5707,0.5672,1.0,0.9013,0.7604,11.144094799994491,,,,
adult,2,Gradient Boosting,11.2083,0.8699,0.7838,0.6947,0.7922,0.6186,0.6212,0.6136,1.0,0.9253,0.8235,11.286432500055525,,,,
adult,2,Hist Gradient Boosting,1.6238,0.8718,0.7913,0.704,0.7869,0.637,0.629,0.6234,1.0,0.9304,0.8342,1.889253000030294,,,,
adult,2,KNN,0.0052,0.8421,0.7656,0.6524,0.6896,0.619,0.5519,0.5506,1.0,0.8709,0.6927,5.298166799999308,,,,
adult,2,Logistic Regression,3.9492,0.8479,0.7553,0.6451,0.7308,0.5775,0.5562,0.5501,1.0,0.9051,0.7616,4.001140399952419,,,,
adult,2,Random Forest,8.3804,0.8624,0.7756,0.6794,0.7679,0.6092,0.5997,0.5933,1.0,0.914,0.7993,8.852717200003099,,,,
adult,2,SVM,55.5198,0.8124,0.6266,0.408,0.8336,0.2701,0.4038,0.3294,1.0,0.8767,0.7025,91.28415319998749,,,,
adult,2,XGBoost,0.6425,0.872,0.7962,0.7088,0.7783,0.6507,0.6317,0.6276,1.0,0.9295,0.8318,0.7570638000033796,,,,
adult,3,AdaBoost,4.0813,0.8632,0.772,0.6764,0.7798,0.5972,0.6,0.5915,1.0,0.9208,0.8087,4.485540500027128,,,,
adult,3,Decision Tree,0.7595,0.8194,0.7525,0.6233,0.6225,0.6241,0.5046,0.5046,1.0,0.7525,0.4785,0.837615700031165,,,,
adult,3,Extra Trees,15.3209,0.8523,0.7658,0.6604,0.7347,0.5997,0.572,0.5673,1.0,0.9019,0.7556,16.232537299976684,,,,
adult,3,Gradient Boosting,17.5478,0.8722,0.7857,0.699,0.8013,0.6199,0.6278,0.6196,1.0,0.9254,0.8238,17.69572080002399,,,,
adult,3,Hist Gradient Boosting,2.315,0.8743,0.7912,0.7064,0.8009,0.6318,0.6349,0.6278,1.0,0.9324,0.8367,2.635687700007111,,,,
adult,3,KNN,0.0077,0.8456,0.7622,0.6512,0.7088,0.6023,0.5559,0.5529,1.0,0.8727,0.6971,8.333986099984031,,,,
adult,3,Logistic Regression,5.6398,0.8496,0.7577,0.6491,0.7348,0.5813,0.5612,0.555,1.0,0.909,0.7623,5.714209700003266,,,,
adult,3,Random Forest,13.1163,0.8622,0.7762,0.6798,0.7657,0.6113,0.5995,0.5934,1.0,0.9129,0.7961,13.72233119996963,,,,
adult,3,SVM,90.2794,0.8011,0.623,0.4037,0.7149,0.2812,0.3593,0.3105,1.0,0.8647,0.6755,133.33168880001176,,,,
adult,3,XGBoost,0.7279,0.8754,0.7981,0.714,0.7923,0.6498,0.6404,0.6353,1.0,0.9317,0.8356,0.8633153999689966,,,,
adult,4,AdaBoost,2.7984,0.864,0.7782,0.6835,0.7717,0.6134,0.6047,0.5984,1.0,0.9186,0.8051,3.084608200006187,,,,
adult,4,Decision Tree,0.527,0.8176,0.752,0.6218,0.6173,0.6263,0.5016,0.5016,1.0,0.7522,0.4762,0.5803187999990769,,,,
adult,4,Extra Trees,8.0483,0.8514,0.7737,0.668,0.718,0.6246,0.5752,0.5729,1.0,0.9034,0.7549,8.71908579999581,,,,
adult,4,Gradient Boosting,10.8609,0.8687,0.7851,0.6949,0.7831,0.6246,0.619,0.6126,1.0,0.9248,0.8198,10.941677299968433,,,,
adult,4,Hist Gradient Boosting,1.9758,0.8743,0.799,0.7137,0.7845,0.6545,0.6382,0.6339,1.0,0.9304,0.8312,2.294476500013843,,,,
adult,4,KNN,0.005,0.8431,0.769,0.6566,0.6896,0.6267,0.5563,0.5553,1.0,0.8724,0.6928,5.5500927999964915,,,,
adult,4,Logistic Regression,4.2025,0.8505,0.7643,0.6573,0.7283,0.5989,0.5672,0.5628,1.0,0.9033,0.7539,4.250521299953107,,,,
adult,4,Random Forest,8.9526,0.8638,0.7817,0.6869,0.7638,0.6241,0.606,0.601,1.0,0.9152,0.7963,9.421451599977445,,,,
adult,4,SVM,62.4499,0.8099,0.6273,0.4109,0.7958,0.277,0.3931,0.3278,1.0,0.8757,0.7019,101.71771799999988,,,,
adult,4,XGBoost,0.6804,0.8735,0.8011,0.7149,0.7766,0.6622,0.6376,0.6343,1.0,0.9297,0.8301,0.7867817000369541,,,,
credit,0,AdaBoost,173.3964,0.9992,0.821,0.7305,0.8472,0.6421,0.7372,0.7301,1.0,0.975,0.7378,174.6641471000039,,,,
credit,0,Decision Tree,31.0218,0.999,0.8576,0.712,0.7083,0.7158,0.7116,0.7115,1.0,0.8576,0.5075,31.210342499951366,,,,
credit,0,Extra Trees,37.978,0.9995,0.8736,0.8304,0.9342,0.7474,0.8353,0.8301,1.0,0.9349,0.8339,39.292902799963485,,,,
credit,0,Gradient Boosting,930.5485,0.9984,0.5789,0.2521,0.625,0.1579,0.3136,0.2516,1.0,0.3666,0.144,931.1625223000301,,,,
credit,0,Hist Gradient Boosting,3.3254,0.9981,0.5629,0.1846,0.3429,0.1263,0.2073,0.1839,1.0,0.2428,0.1088,3.785799799952656,,,,
credit,0,KNN,0.0384,0.9994,0.8526,0.7976,0.9178,0.7053,0.8043,0.7973,1.0,0.9104,0.7462,361.11942540004384,,,,
credit,0,Logistic Regression,1.2554,0.9993,0.8736,0.7933,0.8452,0.7474,0.7945,0.793,1.0,0.9665,0.7891,1.6443633000017144,,,,
credit,0,Random Forest,712.9085,0.9995,0.8736,0.8353,0.9467,0.7474,0.8409,0.835,1.0,0.9401,0.8246,715.0249669000041,,,,
credit,0,SVM,182.0183,0.9994,0.8631,0.807,0.9079,0.7263,0.8118,0.8067,1.0,0.9513,0.8059,248.04793030000292,,,,
credit,0,XGBoost,10.4424,0.9995,0.8841,0.8343,0.9125,0.7684,0.8371,0.834,1.0,0.9728,0.8259,11.658487000036985,,,,
credit,1,AdaBoost,190.5538,0.9992,0.8472,0.7458,0.8049,0.6947,0.7474,0.7454,1.0,0.959,0.7878,192.02703480003402,,,,
credit,1,Decision Tree,31.5526,0.9991,0.8524,0.7363,0.7701,0.7053,0.7365,0.7358,1.0,0.8524,0.5436,31.831609299988486,,,,
credit,1,Extra Trees,43.9947,0.9995,0.8684,0.8434,0.9859,0.7368,0.8521,0.8431,1.0,0.961,0.8554,45.77745950000826,,,,
credit,1,Gradient Boosting,974.7387,0.9982,0.5473,0.1552,0.4286,0.0947,0.2009,0.1546,1.0,0.3016,0.0675,975.0649315000046,,,,
credit,1,Hist Gradient Boosting,1.6117,0.998,0.5524,0.155,0.2941,0.1053,0.1751,0.1543,1.0,0.1748,0.1035,1.7998472999897785,,,,
credit,1,KNN,0.0258,0.9995,0.8789,0.8471,0.96,0.7579,0.8528,0.8468,1.0,0.921,0.8131,146.52431800001068,,,,
credit,1,Logistic Regression,0.8601,0.9993,0.8631,0.7886,0.8625,0.7263,0.7912,0.7882,1.0,0.9823,0.8241,1.0466643000254408,,,,
credit,1,Random Forest,357.5909,0.9995,0.8789,0.8521,0.973,0.7579,0.8585,0.8518,1.0,0.956,0.8519,358.67004259995883,,,,
credit,1,SVM,113.1236,0.9995,0.8579,0.8193,0.9577,0.7158,0.8277,0.819,1.0,0.9491,0.8456,153.41746099997545,,,,
credit,1,XGBoost,6.0759,0.9996,0.8789,0.8623,1.0,0.7579,0.8704,0.8621,1.0,0.9818,0.8621,6.671582499984652,,,,
credit,2,AdaBoost,178.3871,0.9992,0.8472,0.75,0.8148,0.6947,0.752,0.7496,1.0,0.9737,0.7561,179.97339729999658,,,,
credit,2,Decision Tree,33.2485,0.9991,0.8892,0.7437,0.7115,0.7789,0.744,0.7433,1.0,0.8892,0.5546,33.40213320002658,,,,
credit,2,Extra Trees,31.349,0.9996,0.9,0.8686,0.95,0.8,0.8716,0.8684,1.0,0.9616,0.8817,32.68759380001575,,,,
credit,2,Gradient Boosting,896.8531,0.9992,0.8893,0.7789,0.7789,0.7789,0.7786,0.7786,1.0,0.9484,0.7006,897.207421500003,,,,
credit,2,Hist Gradient Boosting,1.8889,0.9978,0.5418,0.1168,0.1905,0.0842,0.1257,0.1159,1.0,0.1616,0.0621,2.139303600008134,,,,
credit,2,KNN,0.0229,0.9995,0.8842,0.8538,0.9605,0.7684,0.8589,0.8536,1.0,0.9367,0.8257,194.50233560003107,,,,
credit,2,Logistic Regression,0.6412,0.9994,0.8788,0.8045,0.8571,0.7579,0.8057,0.8042,1.0,0.9934,0.8225,0.7989388999994844,,,,
credit,2,Random Forest,412.1797,0.9995,0.8789,0.8421,0.9474,0.7579,0.8471,0.8419,1.0,0.9512,0.8661,413.1820346000022,,,,
credit,2,SVM,92.5177,0.9995,0.8894,0.8555,0.9487,0.7789,0.8594,0.8553,1.0,0.9616,0.8605,129.20359009999083,,,,
credit,2,XGBoost,5.6836,0.9996,0.9105,0.8814,0.9512,0.8211,0.8836,0.8812,1.0,0.9794,0.87,6.3442808000254445,,,,
credit,3,AdaBoost,176.261,0.9992,0.8262,0.7381,0.8493,0.6526,0.7441,0.7377,1.0,0.9548,0.7521,177.82811270002276,,,,
credit,3,Decision Tree,29.409,0.9991,0.8629,0.7302,0.734,0.7263,0.7297,0.7297,1.0,0.8629,0.5336,29.62642310000956,,,,
credit,3,Extra Trees,38.0355,0.9995,0.8631,0.8364,0.9857,0.7263,0.8459,0.8361,1.0,0.9344,0.824,39.5237921999651,,,,
credit,3,Gradient Boosting,1033.6996,0.9983,0.7627,0.5155,0.5051,0.5263,0.5147,0.5146,1.0,0.6872,0.2891,1034.0564367999905,,,,
credit,3,Hist Gradient Boosting,1.9094,0.9984,0.6997,0.4663,0.5588,0.4,0.472,0.4655,1.0,0.5158,0.3709,2.153039600001648,,,,
credit,3,KNN,0.0241,0.9994,0.8526,0.7976,0.9178,0.7053,0.8043,0.7973,1.0,0.8946,0.7405,196.10322539997287,,,,
credit,3,Logistic Regression,0.9458,0.9994,0.8841,0.8202,0.8795,0.7684,0.8218,0.8199,1.0,0.9618,0.7939,1.1652843999909237,,,,
credit,3,Random Forest,397.1079,0.9995,0.8684,0.8383,0.9722,0.7368,0.8462,0.8381,1.0,0.9242,0.8163,398.7981928999652,,,,
credit,3,SVM,99.3509,0.9994,0.8526,0.8024,0.9306,0.7053,0.8098,0.8021,1.0,0.9132,0.7924,132.98041759995976,,,,
credit,3,XGBoost,6.5089,0.9995,0.8789,0.8471,0.96,0.7579,0.8528,0.8468,1.0,0.9603,0.8216,7.262258699978702,,,,
credit,4,AdaBoost,190.6476,0.9991,0.8051,0.6988,0.8169,0.6105,0.7058,0.6984,1.0,0.9534,0.7373,192.10249870002735,,,,
credit,4,Decision Tree,31.8247,0.9992,0.8682,0.7527,0.7692,0.7368,0.7524,0.7523,1.0,0.8682,0.5673,32.05149949999759,,,,
credit,4,Extra Trees,42.3867,0.9995,0.8842,0.8439,0.9359,0.7684,0.8478,0.8437,1.0,0.9293,0.8193,43.904176700045355,,,,
credit,4,Gradient Boosting,1035.0303,0.9993,0.8262,0.7515,0.8857,0.6526,0.76,0.7512,1.0,0.8806,0.6604,1035.433984800009,,,,
credit,4,Hist Gradient Boosting,1.9803,0.9983,0.6576,0.3922,0.5172,0.3158,0.4034,0.3914,1.0,0.3956,0.2773,2.2346762999659404,,,,
credit,4,KNN,0.0258,0.9994,0.8526,0.7976,0.9178,0.7053,0.8043,0.7973,1.0,0.9051,0.7482,201.1019379000063,,,,
credit,4,Logistic Regression,0.998,0.9994,0.8789,0.8136,0.878,0.7579,0.8155,0.8133,1.0,0.961,0.7735,1.2219569000299089,,,,
credit,4,Random Forest,415.532,0.9995,0.8842,0.8488,0.9481,0.7684,0.8533,0.8486,1.0,0.9296,0.81,416.8113996000029,,,,
credit,4,SVM,95.1446,0.9994,0.8631,0.807,0.9079,0.7263,0.8118,0.8067,1.0,0.9199,0.7975,121.83396859996719,,,,
credit,4,XGBoost,4.6778,0.9995,0.8947,0.8523,0.9259,0.7895,0.8548,0.852,1.0,0.9495,0.8031,5.198392300051637,,,,
california,0,AdaBoost,2.6842,,,,,,,,,,,2.727585300046485,0.8553,0.7344,0.4389,54.5698
california,0,Decision Tree,1.1447,,,,,,,,,,,1.1534663999918848,0.7379,0.4749,0.5824,26.2095
california,0,ElasticNet,0.0182,,,,,,,,,,,0.0234999000094831,1.0195,0.8042,0.2029,54.7137
california,0,Extra Trees,27.6065,,,,,,,,,,,27.86150679999264,0.5216,0.3508,0.7914,20.1071
california,0,Gradient Boosting,18.7196,,,,,,,,,,,18.740919700008817,0.5351,0.3714,0.7804,21.5754
california,0,Hist Gradient Boosting,1.1762,,,,,,,,,,,1.28828809998231,0.4638,0.3123,0.835,17.9644
california,0,KNN,0.0726,,,,,,,,,,,0.644922100007534,0.6144,0.4252,0.7105,24.6451
california,0,Lasso,0.0067,,,,,,,,,,,0.011552400013897568,1.1421,0.9071,-0.0003,62.3468
california,0,Linear Regression,0.0195,,,,,,,,,,,0.02558149996912107,0.672,0.4992,0.6537,30.5698
california,0,Random Forest,89.5981,,,,,,,,,,,89.82909210002981,0.5138,0.3371,0.7976,19.3417
california,0,Ridge,0.0197,,,,,,,,,,,0.026386299985460937,0.672,0.4992,0.6537,30.5683
california,0,SVM,29.3298,,,,,,,,,,,42.094688899989706,0.5468,0.3702,0.7707,20.3392
california,0,XGBoost,0.828,,,,,,,,,,,0.8657191999955103,0.4575,0.3081,0.8395,17.5537
california,1,AdaBoost,1.8824,,,,,,,,,,,1.9066209000302479,0.8537,0.7401,0.4443,57.0375
california,1,Decision Tree,0.5825,,,,,,,,,,,0.5863626999780536,0.7194,0.4571,0.6055,24.8329
california,1,ElasticNet,0.0162,,,,,,,,,,,0.02062409999780357,1.0205,0.8055,0.206,56.6674
california,1,Extra Trees,14.8809,,,,,,,,,,,15.036163499986287,0.5267,0.3487,0.7885,20.0768
california,1,Gradient Boosting,9.6428,,,,,,,,,,,9.652990499977022,0.5369,0.3689,0.7803,21.5854
california,1,Hist Gradient Boosting,0.6157,,,,,,,,,,,0.6662150000338443,0.4702,0.3137,0.8314,18.0891
california,1,KNN,0.0344,,,,,,,,,,,0.2679031000006944,0.6261,0.4339,0.7012,25.0941
california,1,Lasso,0.007,,,,,,,,,,,0.011051099980250001,1.1461,0.9091,-0.0015,64.5934
california,1,Linear Regression,0.0146,,,,,,,,,,,0.017273000034037977,0.6675,0.4946,0.6604,30.4284
california,1,Random Forest,46.5599,,,,,,,,,,,46.70377580000786,0.5055,0.3291,0.8052,18.7427
california,1,Ridge,0.0094,,,,,,,,,,,0.011870899994391948,0.6675,0.4946,0.6604,30.427
california,1,SVM,16.4595,,,,,,,,,,,23.252796199987642,0.5551,0.3712,0.765,20.5898
california,1,XGBoost,0.4884,,,,,,,,,,,0.513474999985192,0.4692,0.3091,0.8322,17.6399
california,2,AdaBoost,1.3151,,,,,,,,,,,1.3330688999849372,0.8418,0.7171,0.474,52.1615
california,2,Decision Tree,0.5869,,,,,,,,,,,0.5911987999570556,0.7364,0.4715,0.5974,25.6939
california,2,ElasticNet,0.0111,,,,,,,,,,,0.01482629997190088,1.036,0.8077,0.2032,53.8007
california,2,Extra Trees,11.4966,,,,,,,,,,,11.641291200008709,0.5309,0.3547,0.7908,19.9751
california,2,Gradient Boosting,7.8365,,,,,,,,,,,7.845273299957626,0.5411,0.3694,0.7827,21.1737
california,2,Hist Gradient Boosting,0.4714,,,,,,,,,,,0.5147759999963455,0.4731,0.3134,0.8338,17.79
california,2,KNN,0.0256,,,,,,,,,,,0.20654270000522956,0.6227,0.4322,0.7122,24.7891
california,2,Lasso,0.0037,,,,,,,,,,,0.006349299976136535,1.1607,0.9115,-0.0002,61.2446
california,2,Linear Regression,0.0123,,,,,,,,,,,0.014356300001963973,0.6805,0.5019,0.6562,30.3508
california,2,Random Forest,42.3855,,,,,,,,,,,42.51505049999105,0.5103,0.3341,0.8067,18.8145
california,2,Ridge,0.0158,,,,,,,,,,,0.018634799984283745,0.6805,0.5019,0.6562,30.3498
california,2,SVM,16.367,,,,,,,,,,,23.789637800015043,0.5517,0.3673,0.774,20.1801
california,2,XGBoost,0.4258,,,,,,,,,,,0.4458800000138581,0.4777,0.3159,0.8306,17.9138
california,3,AdaBoost,1.1153,,,,,,,,,,,1.1321127000264823,0.7898,0.6618,0.5284,48.0952
california,3,Decision Tree,0.5503,,,,,,,,,,,0.5549506999668665,0.7239,0.464,0.6038,25.5993
california,3,ElasticNet,0.004,,,,,,,,,,,0.006509799975901842,1.0237,0.8071,0.2077,53.9286
california,3,Extra Trees,12.8447,,,,,,,,,,,12.983770699996967,0.5093,0.3386,0.8039,18.8433
california,3,Gradient Boosting,8.7875,,,,,,,,,,,8.79870020004455,0.5201,0.3602,0.7955,20.3532
california,3,Hist Gradient Boosting,0.6578,,,,,,,,,,,0.7180580000276677,0.4532,0.3022,0.8447,16.7405
california,3,KNN,0.0319,,,,,,,,,,,0.4143237000098452,0.6093,0.4214,0.7193,23.5384
california,3,Lasso,0.0057,,,,,,,,,,,0.009854500007349998,1.1501,0.9116,-0.0,61.4899
california,3,Linear Regression,0.0084,,,,,,,,,,,0.012479799974244088,0.6516,0.4867,0.679,29.2518
california,3,Random Forest,41.0727,,,,,,,,,,,41.191531399963424,0.488,0.3194,0.8199,17.7901
california,3,Ridge,0.0139,,,,,,,,,,,0.018150499963667244,0.6516,0.4867,0.679,29.2502
california,3,SVM,13.7996,,,,,,,,,,,19.67433270002948,0.5411,0.3616,0.7786,19.3137
california,3,XGBoost,0.3913,,,,,,,,,,,0.41008340002736077,0.4612,0.3024,0.8392,16.9336
california,4,AdaBoost,1.0063,,,,,,,,,,,1.0186769000138156,0.8052,0.6695,0.5016,47.1063
california,4,Decision Tree,0.4425,,,,,,,,,,,0.447216100001242,0.7256,0.4631,0.5953,24.7454
california,4,ElasticNet,0.0033,,,,,,,,,,,0.007829000009223819,1.0141,0.7977,0.2095,53.1744
california,4,Extra Trees,12.0384,,,,,,,,,,,12.191699700022582,0.5201,0.3471,0.7921,19.0734
california,4,Gradient Boosting,7.7657,,,,,,,,,,,7.775892700010445,0.5325,0.3697,0.782,20.7497
california,4,Hist Gradient Boosting,0.4521,,,,,,,,,,,0.49204440001631156,0.4595,0.3066,0.8377,16.8691
california,4,KNN,0.0267,,,,,,,,,,,0.1902432999922894,0.6175,0.4278,0.7069,23.6908
california,4,Lasso,0.0041,,,,,,,,,,,0.007221999985631555,1.1406,0.9021,-0.0,60.7171
california,4,Linear Regression,0.005,,,,,,,,,,,0.007094400003552437,0.6758,0.5001,0.6489,29.8575
california,4,Random Forest,37.217,,,,,,,,,,,37.329616700008046,0.5039,0.3301,0.8048,18.3348
california,4,Ridge,0.0032,,,,,,,,,,,0.0052352999919094145,0.6758,0.5001,0.649,29.8556
california,4,SVM,11.4613,,,,,,,,,,,16.49289629998384,0.5539,0.3689,0.7642,19.566
california,4,XGBoost,0.2973,,,,,,,,,,,0.3125801000278443,0.4589,0.3049,0.8381,16.9298
