dataset,preprocessing,mode,batch_size,model,n_seeds,crash_rate_mean,crash_rate_std,row_coverage_mean,row_coverage_std,agreement_vs_offline_mean,agreement_vs_offline_std,served_Accuracy_mean,served_Accuracy_std,served_F1_mean,served_F1_std,offline_Accuracy_mean,offline_Accuracy_std,offline_F1_mean,offline_F1_std,transform_rows_per_s_mean,transform_rows_per_s_std,Accuracy_change_mean,Accuracy_change_std,F1_change_mean,F1_change_std,top_error,stream,agreement_vs_stateful_app_mean,agreement_vs_stateful_app_std,agreement_vs_stateful_aligned_mean,agreement_vs_stateful_aligned_std,rows_served_by_both_app_mean,rows_served_by_both_app_std,rows_served_by_both_aligned_mean,rows_served_by_both_aligned_std,mean_abs_pred_diff_mean,mean_abs_pred_diff_std,served_RMSE_mean,served_RMSE_std,served_R2_mean,served_R2_std,offline_RMSE_mean,offline_RMSE_std,offline_R2_mean,offline_R2_std,RMSE_change_mean,RMSE_change_std,R2_change_mean,R2_change_std
adult,stateful,aligned,1,Logistic Regression,5,0.0,0.0,1.0,0.0,1.0,0.0,0.85234375,0.004496431419227085,0.6571480578960993,0.021831330044174375,0.85234375,0.004496431419227085,0.6571480578960993,0.021831330044174375,492.50191764169557,90.22899892929321,0.0,0.0,0.0,0.0,,random,,,,,,,,,,,,,,,,,,,,,,
adult,stateful,aligned,1,Random Forest,5,0.0,0.0,1.0,0.0,1.0,0.0,0.8615234375,0.008907620508587016,0.6780505414581419,0.0224714412197245,0.8615234375,0.008907620508587016,0.6780505414581419,0.0224714412197245,492.50191764169557,90.22899892929321,0.0,0.0,0.0,0.0,,random,,,,,,,,,,,,,,,,,,,,,,
adult,stateful,aligned,1,XGBoost,5,0.0,0.0,1.0,0.0,1.0,0.0,0.8669921875,0.011417849143018766,0.7018875907026958,0.018549412201384227,0.8669921875,0.011417849143018766,0.7018875907026958,0.018549412201384227,492.50191764169557,90.22899892929321,0.0,0.0,0.0,0.0,,random,,,,,,,,,,,,,,,,,,,,,,
adult,stateful,aligned,16,Logistic Regression,5,0.0,0.0,1.0,0.0,1.0,0.0,0.85234375,0.004496431419227085,0.6571480578960993,0.021831330044174375,0.85234375,0.004496431419227085,0.6571480578960993,0.021831330044174375,7477.160839698312,1449.6993644765646,0.0,0.0,0.0,0.0,,random,,,,,,,,,,,,,,,,,,,,,,
adult,stateful,aligned,16,Random Forest,5,0.0,0.0,1.0,0.0,1.0,0.0,0.8615234375,0.008907620508587016,0.6780505414581419,0.0224714412197245,0.8615234375,0.008907620508587016,0.6780505414581419,0.0224714412197245,7477.160839698312,1449.6993644765646,0.0,0.0,0.0,0.0,,random,,,,,,,,,,,,,,,,,,,,,,
adult,stateful,aligned,16,XGBoost,5,0.0,0.0,1.0,0.0,1.0,0.0,0.8669921875,0.011417849143018766,0.7018875907026958,0.018549412201384227,0.8669921875,0.011417849143018766,0.7018875907026958,0.018549412201384227,7477.160839698312,1449.6993644765646,0.0,0.0,0.0,0.0,,random,,,,,,,,,,,,,,,,,,,,,,
adult,stateful,aligned,256,Logistic Regression,5,0.0,0.0,1.0,0.0,1.0,0.0,0.85234375,0.004496431419227085,0.6571480578960993,0.021831330044174375,0.85234375,0.004496431419227085,0.6571480578960993,0.021831330044174375,81969.68982041965,22906.983701434063,0.0,0.0,0.0,0.0,,random,,,,,,,,,,,,,,,,,,,,,,
adult,stateful,aligned,256,Random Forest,5,0.0,0.0,1.0,0.0,1.0,0.0,0.8615234375,0.008907620508587016,0.6780505414581419,0.0224714412197245,0.8615234375,0.008907620508587016,0.6780505414581419,0.0224714412197245,81969.68982041965,22906.983701434063,0.0,0.0,0.0,0.0,,random,,,,,,,,,,,,,,,,,,,,,,
adult,stateful,aligned,256,XGBoost,5,0.0,0.0,1.0,0.0,1.0,0.0,0.8669921875,0.011417849143018766,0.7018875907026958,0.018549412201384227,0.8669921875,0.011417849143018766,0.7018875907026958,0.018549412201384227,81969.68982041965,22906.983701434063,0.0,0.0,0.0,0.0,,random,,,,,,,,,,,,,,,,,,,,,,
adult,stateful,aligned,full,Logistic Regression,5,0.0,0.0,1.0,0.0,1.0,0.0,0.848841975814716,0.0017794379334069813,0.648527739100581,0.006007476634197402,0.848841975814716,0.0017794379334069813,0.648527739100581,0.006007476634197402,225858.5172488437,31332.87590484873,0.0,0.0,0.0,0.0,,full test set,,,,,,,,,,,,,,,,,,,,,,
adult,stateful,aligned,full,Random Forest,5,0.0,0.0,1.0,0.0,1.0,0.0,0.8639885222381636,0.0021378815020135574,0.6863516705510353,0.006713846284247935,0.8639885222381636,0.0021378815020135574,0.6863516705510353,0.006713846284247935,225858.5172488437,31332.87590484873,0.0,0.0,0.0,0.0,,full test set,,,,,,,,,,,,,,,,,,,,,,
adult,stateful,aligned,full,XGBoost,5,0.0,0.0,1.0,0.0,1.0,0.0,0.8713875794220127,0.0033120234907137204,0.7087729499948849,0.005689037593805164,0.8713875794220127,0.0033120234907137204,0.7087729499948849,0.005689037593805164,225858.5172488437,31332.87590484873,0.0,0.0,0.0,0.0,,full test set,,,,,,,,,,,,,,,,,,,,,,
adult,stateful,app,1,Logistic Regression,5,0.0,0.0,1.0,0.0,1.0,0.0,0.85234375,0.004496431419227085,0.6571480578960993,0.021831330044174375,0.85234375,0.004496431419227085,0.6571480578960993,0.021831330044174375,492.50191764169557,90.22899892929321,0.0,0.0,0.0,0.0,,random,,,,,,,,,,,,,,,,,,,,,,
adult,stateful,app,1,Random Forest,5,0.0,0.0,1.0,0.0,1.0,0.0,0.8615234375,0.008907620508587016,0.6780505414581419,0.0224714412197245,0.8615234375,0.008907620508587016,0.6780505414581419,0.0224714412197245,492.50191764169557,90.22899892929321,0.0,0.0,0.0,0.0,,random,,,,,,,,,,,,,,,,,,,,,,
adult,stateful,app,1,XGBoost,5,0.0,0.0,1.0,0.0,1.0,0.0,0.8669921875,0.011417849143018766,0.7018875907026958,0.018549412201384227,0.8669921875,0.011417849143018766,0.7018875907026958,0.018549412201384227,492.50191764169557,90.22899892929321,0.0,0.0,0.0,0.0,,random,,,,,,,,,,,,,,,,,,,,,,
adult,stateful,app,16,Logistic Regression,5,0.0,0.0,1.0,0.0,1.0,0.0,0.85234375,0.004496431419227085,0.6571480578960993,0.021831330044174375,0.85234375,0.004496431419227085,0.6571480578960993,0.021831330044174375,7477.160839698312,1449.6993644765646,0.0,0.0,0.0,0.0,,random,,,,,,,,,,,,,,,,,,,,,,
adult,stateful,app,16,Random Forest,5,0.0,0.0,1.0,0.0,1.0,0.0,0.8615234375,0.008907620508587016,0.6780505414581419,0.0224714412197245,0.8615234375,0.008907620508587016,0.6780505414581419,0.0224714412197245,7477.160839698312,1449.6993644765646,0.0,0.0,0.0,0.0,,random,,,,,,,,,,,,,,,,,,,,,,
adult,stateful,app,16,XGBoost,5,0.0,0.0,1.0,0.0,1.0,0.0,0.8669921875,0.011417849143018766,0.7018875907026958,0.018549412201384227,0.8669921875,0.011417849143018766,0.7018875907026958,0.018549412201384227,7477.160839698312,1449.6993644765646,0.0,0.0,0.0,0.0,,random,,,,,,,,,,,,,,,,,,,,,,
adult,stateful,app,256,Logistic Regression,5,0.0,0.0,1.0,0.0,1.0,0.0,0.85234375,0.004496431419227085,0.6571480578960993,0.021831330044174375,0.85234375,0.004496431419227085,0.6571480578960993,0.021831330044174375,81969.68982041965,22906.983701434063,0.0,0.0,0.0,0.0,,random,,,,,,,,,,,,,,,,,,,,,,
adult,stateful,app,256,Random Forest,5,0.0,0.0,1.0,0.0,1.0,0.0,0.8615234375,0.008907620508587016,0.6780505414581419,0.0224714412197245,0.8615234375,0.008907620508587016,0.6780505414581419,0.0224714412197245,81969.68982041965,22906.983701434063,0.0,0.0,0.0,0.0,,random,,,,,,,,,,,,,,,,,,,,,,
adult,stateful,app,256,XGBoost,5,0.0,0.0,1.0,0.0,1.0,0.0,0.8669921875,0.011417849143018766,0.7018875907026958,0.018549412201384227,0.8669921875,0.011417849143018766,0.7018875907026958,0.018549412201384227,81969.68982041965,22906.983701434063,0.0,0.0,0.0,0.0,,random,,,,,,,,,,,,,,,,,,,,,,
adult,stateful,app,full,Logistic Regression,5,0.0,0.0,1.0,0.0,1.0,0.0,0.848841975814716,0.0017794379334069813,0.648527739100581,0.006007476634197402,0.848841975814716,0.0017794379334069813,0.648527739100581,0.006007476634197402,225858.5172488437,31332.87590484873,0.0,0.0,0.0,0.0,,full test set,,,,,,,,,,,,,,,,,,,,,,
adult,stateful,app,full,Random Forest,5,0.0,0.0,1.0,0.0,1.0,0.0,0.8639885222381636,0.0021378815020135574,0.6863516705510353,0.006713846284247935,0.8639885222381636,0.0021378815020135574,0.6863516705510353,0.006713846284247935,225858.5172488437,31332.87590484873,0.0,0.0,0.0,0.0,,full test set,,,,,,,,,,,,,,,,,,,,,,
adult,stateful,app,full,XGBoost,5,0.0,0.0,1.0,0.0,1.0,0.0,0.8713875794220127,0.0033120234907137204,0.7087729499948849,0.005689037593805164,0.8713875794220127,0.0033120234907137204,0.7087729499948849,0.005689037593805164,225858.5172488437,31332.87590484873,0.0,0.0,0.0,0.0,,full test set,,,,,,,,,,,,,,,,,,,,,,
adult,stateless,aligned,1,Logistic Regression,5,0.0,0.0,1.0,0.0,0.8072265625,0.02060755136098666,0.7603515625,0.016908919541431193,0.0,0.0,0.85234375,0.004496431419227085,0.6571480578960993,0.021831330044174375,33.34958126677985,4.24985410843246,-0.0919921875,0.014507788309417097,-0.6571480578960993,0.021831330044174375,,random,0.8072265625,0.02060755136098666,0.8072265625,0.02060755136098666,1.0,0.0,1.0,0.0,,,,,,,,,,,,,,
adult,stateless,aligned,1,Random Forest,5,0.0,0.0,1.0,0.0,0.8078125,0.025120634847989324,0.7603515625,0.016908919541431193,0.0,0.0,0.8615234375,0.008907620508587016,0.6780505414581419,0.0224714412197245,33.34958126677985,4.24985410843246,-0.101171875,0.010931394780434157,-0.6780505414581419,0.0224714412197245,,random,0.8078125,0.025120634847989324,0.8078125,0.025120634847989324,1.0,0.0,1.0,0.0,,,,,,,,,,,,,,
adult,stateless,aligned,1,XGBoost,5,0.0,0.0,1.0,0.0,0.79296875,0.020049282390281063,0.7603515625,0.016908919541431193,0.0,0.0,0.8669921875,0.011417849143018766,0.7018875907026958,0.018549412201384227,33.34958126677985,4.24985410843246,-0.106640625,0.011542456497728424,-0.7018875907026958,0.018549412201384227,,random,0.79296875,0.020049282390281063,0.79296875,0.020049282390281063,1.0,0.0,1.0,0.0,,,,,,,,,,,,,,
adult,stateless,aligned,16,Logistic Regression,5,0.0,0.0,1.0,0.0,0.9015625,0.01652094396078713,0.820703125,0.012091247772875971,0.541543191663153,0.019792197658260683,0.85234375,0.004496431419227085,0.6571480578960993,0.021831330044174375,394.7125992941386,58.67503106861759,-0.031640625,0.010554106317270544,-0.11560486623294622,0.03953000214308666,,random,0.9015625,0.01652094396078713,0.9015625,0.01652094396078713,1.0,0.0,1.0,0.0,,,,,,,,,,,,,,
adult,stateless,aligned,16,Random Forest,5,0.0,0.0,1.0,0.0,0.84453125,0.017433760484722505,0.7935546875,0.013221516637559612,0.3291408678233187,0.0545988788615179,0.8615234375,0.008907620508587016,0.6780505414581419,0.0224714412197245,394.7125992941386,58.67503106861759,-0.06796875,0.008187997584474445,-0.34890967363482317,0.05336248716209899,,random,0.84453125,0.017433760484722505,0.84453125,0.017433760484722505,1.0,0.0,1.0,0.0,,,,,,,,,,,,,,
adult,stateless,aligned,16,XGBoost,5,0.0,0.0,1.0,0.0,0.826953125,0.012087303474035782,0.7904296875,0.0022482157096135424,0.34585322772041244,0.047433716795544416,0.8669921875,0.011417849143018766,0.7018875907026958,0.018549412201384227,394.7125992941386,58.67503106861759,-0.0765625,0.01133822287007812,-0.3560343629822834,0.055496297203401095,,random,0.826953125,0.012087303474035782,0.826953125,0.012087303474035782,1.0,0.0,1.0,0.0,,,,,,,,,,,,,,
adult,stateless,aligned,256,Logistic Regression,5,0.0,0.0,1.0,0.0,0.90546875,0.012282966940257909,0.818359375,0.007903522488397777,0.5296387391892904,0.02037768172694606,0.85234375,0.004496431419227085,0.6571480578960993,0.021831330044174375,4691.18192759168,526.7928405308414,-0.033984375,0.007189516530978891,-0.1275093187068089,0.040199688049064215,,random,0.90546875,0.012282966940257909,0.90546875,0.012282966940257909,1.0,0.0,1.0,0.0,,,,,,,,,,,,,,
adult,stateless,aligned,256,Random Forest,5,0.0,0.0,1.0,0.0,0.858984375,0.011912461470294457,0.7966796875,0.015291858696143268,0.38451560109385047,0.02888701827154115,0.8615234375,0.008907620508587016,0.6780505414581419,0.0224714412197245,4691.18192759168,526.7928405308414,-0.06484375,0.010092195845909228,-0.29353494036429145,0.03786816619160682,,random,0.858984375,0.011912461470294457,0.858984375,0.011912461470294457,1.0,0.0,1.0,0.0,,,,,,,,,,,,,,
adult,stateless,aligned,256,XGBoost,5,0.0,0.0,1.0,0.0,0.811328125,0.012944519202835543,0.7732421875,0.013748390797170364,0.2444688315046962,0.010608325790084364,0.8669921875,0.011417849143018766,0.7018875907026958,0.018549412201384227,4691.18192759168,526.7928405308414,-0.09375,0.008652365794272143,-0.45741875919799957,0.012382813472365039,,random,0.811328125,0.012944519202835543,0.811328125,0.012944519202835543,1.0,0.0,1.0,0.0,,,,,,,,,,,,,,
adult,stateless,aligned,full,Logistic Regression,5,0.0,0.0,1.0,0.0,0.925579012092642,0.007488547952437164,0.8267267882762861,0.00565982944980265,0.5793267612870308,0.045643007547897164,0.848841975814716,0.0017794379334069813,0.648527739100581,0.006007476634197402,33533.49191662622,2626.3784697973206,-0.022115187538430003,0.006975193741190535,-0.06920097781355025,0.05035326722637401,,full test set,0.925579012092642,0.007488547952437164,0.925579012092642,0.007488547952437164,1.0,0.0,1.0,0.0,,,,,,,,,,,,,,
adult,stateless,aligned,full,Random Forest,5,0.0,0.0,1.0,0.0,0.9012502562000411,0.028480374739038396,0.8343513014962083,0.022946898175996447,0.5541804731705566,0.09462060041720483,0.8639885222381636,0.0021378815020135574,0.6863516705510353,0.006713846284247935,33533.49191662622,2626.3784697973206,-0.02963722074195534,0.02447239099041608,-0.1321711973804786,0.09817934995673964,,full test set,0.9012502562000411,0.028480374739038396,0.9012502562000411,0.028480374739038396,1.0,0.0,1.0,0.0,,,,,,,,,,,,,,
adult,stateless,aligned,full,XGBoost,5,0.0,0.0,1.0,0.0,0.8616929698708752,0.02951545453101063,0.8154744824759173,0.02622673657172104,0.46801295241149055,0.1155317630411209,0.8713875794220127,0.0033120234907137204,0.7087729499948849,0.005689037593805164,33533.49191662622,2626.3784697973206,-0.055913096946095545,0.026192978034079516,-0.24075999758339436,0.11667018392322083,,full test set,0.8616929698708752,0.02951545453101063,0.8616929698708752,0.02951545453101063,1.0,0.0,1.0,0.0,,,,,,,,,,,,,,
adult,stateless,app,1,Logistic Regression,5,1.0,0.0,0.0,0.0,,,,,,,,,,,33.34958126677985,4.24985410843246,,,,,ValueError: at least one array or dtype is required,random,,,,,0.0,0.0,0.0,0.0,,,,,,,,,,,,,,
adult,stateless,app,1,Random Forest,5,1.0,0.0,0.0,0.0,,,,,,,,,,,33.34958126677985,4.24985410843246,,,,,ValueError: at least one array or dtype is required,random,,,,,0.0,0.0,0.0,0.0,,,,,,,,,,,,,,
adult,stateless,app,1,XGBoost,5,1.0,0.0,0.0,0.0,,,,,,,,,,,33.34958126677985,4.24985410843246,,,,,"ValueError: feature_names mismatch: ['age', 'workclass_Federal-gov', 'workclass_Local-gov', 'workclass_Never-worked', 'workclass_Private', 'workclass_Self-emp-inc', 'workcl",random,,,,,0.0,0.0,0.0,0.0,,,,,,,,,,,,,,
adult,stateless,app,16,Logistic Regression,5,1.0,0.0,0.0,0.0,,,,,,,,,,,394.7125992941386,58.67503106861759,,,,,ValueError: The feature names should match those that were passed during fit.,random,,,,,0.0,0.0,0.0,0.0,,,,,,,,,,,,,,
adult,stateless,app,16,Random Forest,5,1.0,0.0,0.0,0.0,,,,,,,,,,,394.7125992941386,58.67503106861759,,,,,ValueError: The feature names should match those that were passed during fit.,random,,,,,0.0,0.0,0.0,0.0,,,,,,,,,,,,,,
adult,stateless,app,16,XGBoost,5,1.0,0.0,0.0,0.0,,,,,,,,,,,394.7125992941386,58.67503106861759,,,,,"ValueError: feature_names mismatch: ['age', 'workclass_Federal-gov', 'workclass_Local-gov', 'workclass_Never-worked', 'workclass_Private', 'workclass_Self-emp-inc', 'workcl",random,,,,,0.0,0.0,0.0,0.0,,,,,,,,,,,,,,
adult,stateless,app,256,Logistic Regression,5,1.0,0.0,0.0,0.0,,,,,,,,,,,4691.18192759168,526.7928405308414,,,,,ValueError: The feature names should match those that were passed during fit.,random,,,,,0.0,0.0,0.0,0.0,,,,,,,,,,,,,,
adult,stateless,app,256,Random Forest,5,1.0,0.0,0.0,0.0,,,,,,,,,,,4691.18192759168,526.7928405308414,,,,,ValueError: The feature names should match those that were passed during fit.,random,,,,,0.0,0.0,0.0,0.0,,,,,,,,,,,,,,
adult,stateless,app,256,XGBoost,5,1.0,0.0,0.0,0.0,,,,,,,,,,,4691.18192759168,526.7928405308414,,,,,"ValueError: feature_names mismatch: ['age', 'workclass_Federal-gov', 'workclass_Local-gov', 'workclass_Never-worked', 'workclass_Private', 'workclass_Self-emp-inc', 'workcl",random,,,,,0.0,0.0,0.0,0.0,,,,,,,,,,,,,,
adult,stateless,app,full,Logistic Regression,5,0.0,0.0,1.0,0.0,0.925579012092642,0.007488547952437164,0.8267267882762861,0.00565982944980265,0.5793267612870308,0.045643007547897164,0.848841975814716,0.0017794379334069813,0.648527739100581,0.006007476634197402,33533.49191662622,2626.3784697973206,-0.022115187538430003,0.006975193741190535,-0.06920097781355025,0.05035326722637401,,full test set,0.925579012092642,0.007488547952437164,0.925579012092642,0.007488547952437164,1.0,0.0,1.0,0.0,,,,,,,,,,,,,,
adult,stateless,app,full,Random Forest,5,0.0,0.0,1.0,0.0,0.9012502562000411,0.028480374739038396,0.8343513014962083,0.022946898175996447,0.5541804731705566,0.09462060041720483,0.8639885222381636,0.0021378815020135574,0.6863516705510353,0.006713846284247935,33533.49191662622,2626.3784697973206,-0.02963722074195534,0.02447239099041608,-0.1321711973804786,0.09817934995673964,,full test set,0.9012502562000411,0.028480374739038396,0.9012502562000411,0.028480374739038396,1.0,0.0,1.0,0.0,,,,,,,,,,,,,,
adult,stateless,app,full,XGBoost,5,0.0,0.0,1.0,0.0,0.8616929698708752,0.02951545453101063,0.8154744824759173,0.02622673657172104,0.46801295241149055,0.1155317630411209,0.8713875794220127,0.0033120234907137204,0.7087729499948849,0.005689037593805164,33533.49191662622,2626.3784697973206,-0.055913096946095545,0.026192978034079516,-0.24075999758339436,0.11667018392322083,,full test set,0.8616929698708752,0.02951545453101063,0.8616929698708752,0.02951545453101063,1.0,0.0,1.0,0.0,,,,,,,,,,,,,,
california,stateful,aligned,1,Random Forest,5,0.0,0.0,1.0,0.0,1.0,0.0,,,,,,,,,802.0495712543013,240.4099743282664,,,,,,random,,,,,,,,,0.0,0.0,0.4951188343767807,0.013330498877251545,0.81017110971569,0.010863586954947631,0.4951188343767807,0.013330498877251545,0.81017110971569,0.010863586954947631,0.0,0.0,0.0,0.0
california,stateful,aligned,1,Ridge,5,0.0,0.0,1.0,0.0,1.0,0.0,,,,,,,,,802.0495712543013,240.4099743282664,,,,,,random,,,,,,,,,1.1071872585421972e-16,3.584759997989998e-18,0.6733713194632458,0.022182640932147255,0.6490232934137659,0.01916496078835635,0.6733713194632458,0.022182640932147283,0.6490232934137659,0.01916496078835635,-2.2204460492503132e-17,4.965068306494547e-17,0.0,0.0
california,stateful,aligned,1,XGBoost,5,0.0,0.0,1.0,0.0,1.0,0.0,,,,,,,,,802.0495712543013,240.4099743282664,,,,,,random,,,,,,,,,0.0,0.0,0.45098322753647724,0.016645808675251905,0.8423355223939613,0.013080628313694918,0.45098322753647724,0.016645808675251905,0.8423355223939613,0.013080628313694918,0.0,0.0,0.0,0.0
california,stateful,aligned,16,Random Forest,5,0.0,0.0,1.0,0.0,1.0,0.0,,,,,,,,,13349.276717400038,4561.1935409490425,,,,,,random,,,,,,,,,0.0,0.0,0.4951188343767807,0.013330498877251545,0.81017110971569,0.010863586954947631,0.4951188343767807,0.013330498877251545,0.81017110971569,0.010863586954947631,0.0,0.0,0.0,0.0
california,stateful,aligned,16,Ridge,5,0.0,0.0,1.0,0.0,1.0,0.0,,,,,,,,,13349.276717400038,4561.1935409490425,,,,,,random,,,,,,,,,9.64939933512099e-17,4.723439718955564e-18,0.6733713194632458,0.022182640932147255,0.6490232934137659,0.01916496078835635,0.6733713194632458,0.022182640932147283,0.6490232934137659,0.01916496078835635,-2.2204460492503132e-17,4.965068306494547e-17,0.0,0.0
california,stateful,aligned,16,XGBoost,5,0.0,0.0,1.0,0.0,1.0,0.0,,,,,,,,,13349.276717400038,4561.1935409490425,,,,,,random,,,,,,,,,0.0,0.0,0.45098322753647724,0.016645808675251905,0.8423355223939613,0.013080628313694918,0.45098322753647724,0.016645808675251905,0.8423355223939613,0.013080628313694918,0.0,0.0,0.0,0.0
california,stateful,aligned,256,Random Forest,5,0.0,0.0,1.0,0.0,1.0,0.0,,,,,,,,,204183.93089096778,38532.02918786162,,,,,,random,,,,,,,,,0.0,0.0,0.4951188343767807,0.013330498877251545,0.81017110971569,0.010863586954947631,0.4951188343767807,0.013330498877251545,0.81017110971569,0.010863586954947631,0.0,0.0,0.0,0.0
california,stateful,aligned,256,Ridge,5,0.0,0.0,1.0,0.0,1.0,0.0,,,,,,,,,204183.93089096778,38532.02918786162,,,,,,random,,,,,,,,,9.64939933512099e-17,4.723439718955564e-18,0.6733713194632458,0.022182640932147255,0.6490232934137659,0.01916496078835635,0.6733713194632458,0.022182640932147283,0.6490232934137659,0.01916496078835635,-2.2204460492503132e-17,4.965068306494547e-17,0.0,0.0
california,stateful,aligned,256,XGBoost,5,0.0,0.0,1.0,0.0,1.0,0.0,,,,,,,,,204183.93089096778,38532.02918786162,,,,,,random,,,,,,,,,0.0,0.0,0.45098322753647724,0.016645808675251905,0.8423355223939613,0.013080628313694918,0.45098322753647724,0.016645808675251905,0.8423355223939613,0.013080628313694918,0.0,0.0,0.0,0.0
california,stateful,aligned,full,Random Forest,5,0.0,0.0,1.0,0.0,1.0,0.0,,,,,,,,,2259462.3830033657,574739.8782360428,,,,,,full test set,,,,,,,,,0.0,0.0,0.5042790417106969,0.009905128870285267,0.8068493833196995,0.008126601312429375,0.5042790417106969,0.009905128870285267,0.8068493833196995,0.008126601312429375,0.0,0.0,0.0,0.0
california,stateful,aligned,full,Ridge,5,0.0,0.0,1.0,0.0,1.0,0.0,,,,,,,,,2259462.3830033657,574739.8782360428,,,,,,full test set,,,,,,,,,9.533717484717187e-17,2.075132239645893e-18,0.6694630077251942,0.011078759465157748,0.6596399777531208,0.011574936136981528,0.6694630077251942,0.011078759465157748,0.6596399777531208,0.011574936136981528,0.0,0.0,0.0,0.0
california,stateful,aligned,full,XGBoost,5,0.0,0.0,1.0,0.0,1.0,0.0,,,,,,,,,2259462.3830033657,574739.8782360428,,,,,,full test set,,,,,,,,,0.0,0.0,0.46490409435342067,0.00845225014568686,0.8359028331775729,0.004186933241558247,0.46490409435342067,0.00845225014568686,0.8359028331775729,0.004186933241558247,0.0,0.0,0.0,0.0
california,stateful,app,1,Random Forest,5,0.0,0.0,1.0,0.0,1.0,0.0,,,,,,,,,802.0495712543013,240.4099743282664,,,,,,random,,,,,,,,,0.0,0.0,0.4951188343767807,0.013330498877251545,0.81017110971569,0.010863586954947631,0.4951188343767807,0.013330498877251545,0.81017110971569,0.010863586954947631,0.0,0.0,0.0,0.0
california,stateful,app,1,Ridge,5,0.0,0.0,1.0,0.0,1.0,0.0,,,,,,,,,802.0495712543013,240.4099743282664,,,,,,random,,,,,,,,,1.1071872585421972e-16,3.584759997989998e-18,0.6733713194632458,0.022182640932147255,0.6490232934137659,0.01916496078835635,0.6733713194632458,0.022182640932147283,0.6490232934137659,0.01916496078835635,-2.2204460492503132e-17,4.965068306494547e-17,0.0,0.0
california,stateful,app,1,XGBoost,5,0.0,0.0,1.0,0.0,1.0,0.0,,,,,,,,,802.0495712543013,240.4099743282664,,,,,,random,,,,,,,,,0.0,0.0,0.45098322753647724,0.016645808675251905,0.8423355223939613,0.013080628313694918,0.45098322753647724,0.016645808675251905,0.8423355223939613,0.013080628313694918,0.0,0.0,0.0,0.0
california,stateful,app,16,Random Forest,5,0.0,0.0,1.0,0.0,1.0,0.0,,,,,,,,,13349.276717400038,4561.1935409490425,,,,,,random,,,,,,,,,0.0,0.0,0.4951188343767807,0.013330498877251545,0.81017110971569,0.010863586954947631,0.4951188343767807,0.013330498877251545,0.81017110971569,0.010863586954947631,0.0,0.0,0.0,0.0
california,stateful,app,16,Ridge,5,0.0,0.0,1.0,0.0,1.0,0.0,,,,,,,,,13349.276717400038,4561.1935409490425,,,,,,random,,,,,,,,,0.0,0.0,0.6733713194632458,0.022182640932147283,0.6490232934137659,0.01916496078835635,0.6733713194632458,0.022182640932147283,0.6490232934137659,0.01916496078835635,0.0,0.0,0.0,0.0
california,stateful,app,16,XGBoost,5,0.0,0.0,1.0,0.0,1.0,0.0,,,,,,,,,13349.276717400038,4561.1935409490425,,,,,,random,,,,,,,,,0.0,0.0,0.45098322753647724,0.016645808675251905,0.8423355223939613,0.013080628313694918,0.45098322753647724,0.016645808675251905,0.8423355223939613,0.013080628313694918,0.0,0.0,0.0,0.0
california,stateful,app,256,Random Forest,5,0.0,0.0,1.0,0.0,1.0,0.0,,,,,,,,,204183.93089096778,38532.02918786162,,,,,,random,,,,,,,,,0.0,0.0,0.4951188343767807,0.013330498877251545,0.81017110971569,0.010863586954947631,0.4951188343767807,0.013330498877251545,0.81017110971569,0.010863586954947631,0.0,0.0,0.0,0.0
california,stateful,app,256,Ridge,5,0.0,0.0,1.0,0.0,1.0,0.0,,,,,,,,,204183.93089096778,38532.02918786162,,,,,,random,,,,,,,,,0.0,0.0,0.6733713194632458,0.022182640932147283,0.6490232934137659,0.01916496078835635,0.6733713194632458,0.022182640932147283,0.6490232934137659,0.01916496078835635,0.0,0.0,0.0,0.0
california,stateful,app,256,XGBoost,5,0.0,0.0,1.0,0.0,1.0,0.0,,,,,,,,,204183.93089096778,38532.02918786162,,,,,,random,,,,,,,,,0.0,0.0,0.45098322753647724,0.016645808675251905,0.8423355223939613,0.013080628313694918,0.45098322753647724,0.016645808675251905,0.8423355223939613,0.013080628313694918,0.0,0.0,0.0,0.0
california,stateful,app,full,Random Forest,5,0.0,0.0,1.0,0.0,1.0,0.0,,,,,,,,,2259462.3830033657,574739.8782360428,,,,,,full test set,,,,,,,,,0.0,0.0,0.5042790417106969,0.009905128870285267,0.8068493833196995,0.008126601312429375,0.5042790417106969,0.009905128870285267,0.8068493833196995,0.008126601312429375,0.0,0.0,0.0,0.0
california,stateful,app,full,Ridge,5,0.0,0.0,1.0,0.0,1.0,0.0,,,,,,,,,2259462.3830033657,574739.8782360428,,,,,,full test set,,,,,,,,,0.0,0.0,0.6694630077251942,0.011078759465157748,0.6596399777531208,0.011574936136981528,0.6694630077251942,0.011078759465157748,0.6596399777531208,0.011574936136981528,0.0,0.0,0.0,0.0
california,stateful,app,full,XGBoost,5,0.0,0.0,1.0,0.0,1.0,0.0,,,,,,,,,2259462.3830033657,574739.8782360428,,,,,,full test set,,,,,,,,,0.0,0.0,0.46490409435342067,0.00845225014568686,0.8359028331775729,0.004186933241558247,0.46490409435342067,0.00845225014568686,0.8359028331775729,0.004186933241558247,0.0,0.0,0.0,0.0
california,stateless,aligned,1,Random Forest,5,0.0,0.0,1.0,0.0,0.0,0.0,,,,,,,,,85.88821887238615,13.659211239678891,,,,,,random,0.0,0.0,0.0,0.0,1.0,0.0,1.0,0.0,1.1979828188085935,0.03662320445187897,1.6179379522321753,0.03971587970914593,-1.025495809664618,0.06540861022689148,0.4951188343767807,0.013330498877251545,0.81017110971569,0.010863586954947631,1.1228191178553943,0.042924168047806244,-1.835666919380308,0.07048453606067694
california,stateless,aligned,1,Ridge,5,0.0,0.0,1.0,0.0,0.0,0.0,,,,,,,,,85.88821887238615,13.659211239678891,,,,,,random,0.0,0.0,0.0,0.0,1.0,0.0,1.0,0.0,0.7652568352638498,0.017201922699362087,1.1378931456182113,0.01608214686235363,-0.0017761671150360314,0.0026350865133835497,0.6733713194632458,0.022182640932147283,0.6490232934137659,0.01916496078835635,0.4645218261549653,0.018488957634436348,-0.6507994605288019,0.019960923731213803
california,stateless,aligned,1,XGBoost,5,0.0,0.0,1.0,0.0,0.0,0.0,,,,,,,,,85.88821887238615,13.659211239678891,,,,,,random,0.0,0.0,0.0,0.0,1.0,0.0,1.0,0.0,1.1361523433559342,0.0797239843341642,1.5653434494219218,0.07225239570606794,-0.9011236911729998,0.19665247217668924,0.45098322753647724,0.016645808675251905,0.8423355223939613,0.013080628313694918,1.1143602218854447,0.08229457470210513,-1.743459213566961,0.19903904837877714
california,stateless,aligned,16,Random Forest,5,0.0,0.0,1.0,0.0,0.0,0.0,,,,,,,,,821.7519395349088,112.63882383275221,,,,,,random,0.0,0.0,0.0,0.0,1.0,0.0,1.0,0.0,0.4444389753515622,0.00564376129479029,0.7943013035185856,0.014747168856514505,0.511639375185373,0.018837775478060616,0.4951188343767807,0.013330498877251545,0.81017110971569,0.010863586954947631,0.2991824691418049,0.010794197910016227,-0.298531734530317,0.012867880062635874
california,stateless,aligned,16,Ridge,5,0.0,0.0,1.0,0.0,0.0,0.0,,,,,,,,,821.7519395349088,112.63882383275221,,,,,,random,0.0,0.0,0.0,0.0,1.0,0.0,1.0,0.0,0.40736571809694055,0.029754164922042737,0.8761197036785381,0.03341245200758523,0.4056198919242278,0.04140250690468621,0.6733713194632458,0.022182640932147283,0.6490232934137659,0.01916496078835635,0.20274838421529234,0.018490074038885786,-0.243403401489538,0.027783982678011337
california,stateless,aligned,16,XGBoost,5,0.0,0.0,1.0,0.0,0.0,0.0,,,,,,,,,821.7519395349088,112.63882383275221,,,,,,random,0.0,0.0,0.0,0.0,1.0,0.0,1.0,0.0,0.7303285439906176,0.05604451217485507,1.1528695399090543,0.06587259259832878,-0.030901040060567264,0.11713332942231518,0.45098322753647724,0.016645808675251905,0.8423355223939613,0.013080628313694918,0.701886312372577,0.07450311371831848,-0.8732365624545284,0.12187991501255299
california,stateless,aligned,256,Random Forest,5,0.0,0.0,1.0,0.0,0.0005859375,0.0005348853100636389,,,,,,,,,12272.638821634571,1841.672932373191,,,,,,random,0.0005859375,0.0005348853100636389,0.0005859375,0.0005348853100636389,1.0,0.0,1.0,0.0,0.17211274607421861,0.02986658861153933,0.5737112875176422,0.024673408263687756,0.745269739090619,0.01616536028254624,0.4951188343767807,0.013330498877251545,0.81017110971569,0.010863586954947631,0.07859245314086145,0.02094478405775417,-0.06490137062507091,0.017029198345517093
california,stateless,aligned,256,Ridge,5,0.0,0.0,1.0,0.0,0.0001953125,0.00043673202685542777,,,,,,,,,12272.638821634571,1841.672932373191,,,,,,random,0.0001953125,0.00043673202685542777,0.0001953125,0.00043673202685542777,1.0,0.0,1.0,0.0,0.07284093004399869,0.02263323852618735,0.6795862233965811,0.020579754325700292,0.6425459952085911,0.017535120958305717,0.6733713194632458,0.022182640932147283,0.6490232934137659,0.01916496078835635,0.006214903933335325,0.0038961709715155932,-0.006477298205174731,0.004057768897896312
california,stateless,aligned,256,XGBoost,5,0.0,0.0,1.0,0.0,0.0015625,0.0014810303601663186,,,,,,,,,12272.638821634571,1841.672932373191,,,,,,random,0.0015625,0.0014810303601663186,0.0015625,0.0014810303601663186,1.0,0.0,1.0,0.0,0.2754832152306335,0.034843765230472876,0.6028234583252157,0.042026814680474964,0.7182941316628331,0.0338148484509151,0.45098322753647724,0.016645808675251905,0.8423355223939613,0.013080628313694918,0.15184023078873862,0.040078802116182415,-0.12404139073112815,0.03452167475809781
california,stateless,aligned,full,Random Forest,5,0.0,0.0,1.0,0.0,0.0026647286821705426,0.0018842477211850831,,,,,,,,,104257.34538638763,16825.91639320359,,,,,,full test set,0.0026647286821705426,0.0018842477211850831,0.0026647286821705426,0.0018842477211850831,1.0,0.0,1.0,0.0,0.06228501726259683,0.009631241148681557,0.5198775999146302,0.009753012821452548,0.7947144575260682,0.008658276061142995,0.5042790417106969,0.009905128870285267,0.8068493833196995,0.008126601312429375,0.0155985582039333,0.005870266061161414,-0.012134925793631336,0.004596915963800495
california,stateless,aligned,full,Ridge,5,0.0,0.0,1.0,0.0,4.8449612403100775e-05,0.00010833662681685027,,,,,,,,,104257.34538638763,16825.91639320359,,,,,,full test set,4.8449612403100775e-05,0.00010833662681685027,4.8449612403100775e-05,0.00010833662681685027,1.0,0.0,1.0,0.0,0.018523020402666898,0.013649604797584956,0.6697512744023829,0.010111795042992526,0.6593449381561126,0.01120799929061798,0.6694630077251942,0.011078759465157748,0.6596399777531208,0.011574936136981528,0.0002882666771888198,0.0016125047040212864,-0.0002950395970081843,0.0016282408731864405
california,stateless,aligned,full,XGBoost,5,0.0,0.0,1.0,0.0,0.055813953488372106,0.031564188105350575,,,,,,,,,104257.34538638763,16825.91639320359,,,,,,full test set,0.055813953488372106,0.031564188105350575,0.055813953488372106,0.031564188105350575,1.0,0.0,1.0,0.0,0.1295216720666765,0.019547670229104742,0.5016463802191043,0.015878720710903474,0.8088751100275677,0.010141643528110778,0.46490409435342067,0.00845225014568686,0.8359028331775729,0.004186933241558247,0.03674228586568369,0.01501239716751441,-0.027027723150005078,0.011197331693941555
california,stateless,app,1,Random Forest,5,1.0,0.0,0.0,0.0,,,,,,,,,,,85.88821887238615,13.659211239678891,,,,,ValueError: at least one array or dtype is required,random,,,,,0.0,0.0,0.0,0.0,,,,,,,,,,,,,,
california,stateless,app,1,Ridge,5,1.0,0.0,0.0,0.0,,,,,,,,,,,85.88821887238615,13.659211239678891,,,,,ValueError: at least one array or dtype is required,random,,,,,0.0,0.0,0.0,0.0,,,,,,,,,,,,,,
california,stateless,app,1,XGBoost,5,1.0,0.0,0.0,0.0,,,,,,,,,,,85.88821887238615,13.659211239678891,,,,,"ValueError: feature_names mismatch: ['MedInc', 'HouseAge', 'AveRooms', 'AveBedrms', 'Population', 'AveOccup', 'Latitude', 'Longitude'] []",random,,,,,0.0,0.0,0.0,0.0,,,,,,,,,,,,,,
california,stateless,app,16,Random Forest,5,0.303125,0.05479899348984432,0.696875,0.05479899348984432,0.0,0.0,,,,,,,,,821.7519395349088,112.63882383275221,,,,,ValueError: The feature names should match those that were passed during fit.,random,0.0,0.0,0.0,0.0,0.696875,0.05479899348984432,0.696875,0.05479899348984432,0.37307553761010426,0.00923502470690441,0.7196137494658436,0.02252351697384342,0.5978938293598519,0.03220209178208265,0.4970394960406509,0.03663787776218903,0.8076703135895492,0.027785559991586908,0.22257425342519258,0.017859575971233815,-0.20977648422969733,0.017414838021970417
california,stateless,app,16,Ridge,5,0.303125,0.05479899348984432,0.696875,0.05479899348984432,0.0,0.0,,,,,,,,,821.7519395349088,112.63882383275221,,,,,ValueError: The feature names should match those that were passed during fit.,random,0.0,0.0,0.0,0.0,0.696875,0.05479899348984432,0.696875,0.05479899348984432,0.26579040745906046,0.02434264527806016,0.756549825038072,0.03788115067368298,0.5552556518503348,0.04643974376470381,0.6679952691434916,0.04208092862016853,0.6532863923147372,0.039956427607005164,0.08855455589458025,0.013901027419518791,-0.09803074046440241,0.018077489332893985
california,stateless,app,16,XGBoost,5,0.303125,0.05479899348984432,0.696875,0.05479899348984432,0.0,0.0,,,,,,,,,821.7519395349088,112.63882383275221,,,,,"ValueError: feature_names mismatch: ['MedInc', 'HouseAge', 'AveRooms', 'AveBedrms', 'Population', 'AveOccup', 'Latitude', 'Longitude'] ['MedInc', 'HouseAge', 'AveRooms', 'A",random,0.0,0.0,0.0,0.0,0.696875,0.05479899348984432,0.696875,0.05479899348984432,0.48029732917351964,0.01700683327370668,0.7842088067593435,0.020709397285618207,0.5224313460588619,0.03623278136541465,0.4514017055655642,0.03771068182821656,0.841209027507974,0.02486610697258043,0.3328071011937793,0.03964660593707758,-0.318777681449112,0.03827472787636814
california,stateless,app,256,Random Forest,5,0.0,0.0,1.0,0.0,0.0005859375,0.0005348853100636389,,,,,,,,,12272.638821634571,1841.672932373191,,,,,,random,0.0005859375,0.0005348853100636389,0.0005859375,0.0005348853100636389,1.0,0.0,1.0,0.0,0.17211274607421861,0.02986658861153933,0.5737112875176422,0.024673408263687756,0.745269739090619,0.01616536028254624,0.4951188343767807,0.013330498877251545,0.81017110971569,0.010863586954947631,0.07859245314086145,0.02094478405775417,-0.06490137062507091,0.017029198345517093
california,stateless,app,256,Ridge,5,0.0,0.0,1.0,0.0,0.0001953125,0.00043673202685542777,,,,,,,,,12272.638821634571,1841.672932373191,,,,,,random,0.0001953125,0.00043673202685542777,0.0001953125,0.00043673202685542777,1.0,0.0,1.0,0.0,0.07284093004399869,0.022633238526187344,0.6795862233965811,0.02057975432570026,0.6425459952085911,0.017535120958305717,0.6733713194632458,0.022182640932147283,0.6490232934137659,0.01916496078835635,0.006214903933335303,0.003896170971515616,-0.006477298205174731,0.004057768897896312
california,stateless,app,256,XGBoost,5,0.0,0.0,1.0,0.0,0.0015625,0.0014810303601663186,,,,,,,,,12272.638821634571,1841.672932373191,,,,,,random,0.0015625,0.0014810303601663186,0.0015625,0.0014810303601663186,1.0,0.0,1.0,0.0,0.2754832152306335,0.034843765230472876,0.6028234583252157,0.042026814680474964,0.7182941316628331,0.0338148484509151,0.45098322753647724,0.016645808675251905,0.8423355223939613,0.013080628313694918,0.15184023078873862,0.040078802116182415,-0.12404139073112815,0.03452167475809781
california,stateless,app,full,Random Forest,5,0.0,0.0,1.0,0.0,0.0026647286821705426,0.0018842477211850831,,,,,,,,,104257.34538638763,16825.91639320359,,,,,,full test set,0.0026647286821705426,0.0018842477211850831,0.0026647286821705426,0.0018842477211850831,1.0,0.0,1.0,0.0,0.06228501726259683,0.009631241148681557,0.5198775999146302,0.009753012821452548,0.7947144575260682,0.008658276061142995,0.5042790417106969,0.009905128870285267,0.8068493833196995,0.008126601312429375,0.0155985582039333,0.005870266061161414,-0.012134925793631336,0.004596915963800495
california,stateless,app,full,Ridge,5,0.0,0.0,1.0,0.0,4.8449612403100775e-05,0.00010833662681685027,,,,,,,,,104257.34538638763,16825.91639320359,,,,,,full test set,4.8449612403100775e-05,0.00010833662681685027,4.8449612403100775e-05,0.00010833662681685027,1.0,0.0,1.0,0.0,0.018523020402666898,0.013649604797584959,0.6697512744023829,0.010111795042992549,0.6593449381561126,0.011207999290617955,0.6694630077251942,0.011078759465157748,0.6596399777531208,0.011574936136981528,0.000288266677188842,0.001612504704021239,-0.00029503959700816207,0.0016282408731864385
california,stateless,app,full,XGBoost,5,0.0,0.0,1.0,0.0,0.055813953488372106,0.031564188105350575,,,,,,,,,104257.34538638763,16825.91639320359,,,,,,full test set,0.055813953488372106,0.031564188105350575,0.055813953488372106,0.031564188105350575,1.0,0.0,1.0,0.0,0.1295216720666765,0.019547670229104742,0.5016463802191043,0.015878720710903474,0.8088751100275677,0.010141643528110778,0.46490409435342067,0.00845225014568686,0.8359028331775729,0.004186933241558247,0.03674228586568369,0.01501239716751441,-0.027027723150005078,0.011197331693941555
credit,stateful,aligned,1,Logistic Regression,5,0.0,0.0,1.0,0.0,1.0,0.0,0.9765625,0.0018269811458857135,0.8560502496805794,0.012215117115854072,0.9765625,0.0018269811458857135,0.8560502496805794,0.012215117115854072,480.5542270216288,95.09722174800179,0.0,0.0,0.0,0.0,,minority-enriched (95 of 1024 rows are class 1),,,,,,,,,,,,,,,,,,,,,,
credit,stateful,aligned,1,Random Forest,5,0.0,0.0,1.0,0.0,1.0,0.0,0.976953125,0.001113452563573377,0.8584744921048217,0.007699417824098357,0.976953125,0.001113452563573377,0.8584744921048217,0.007699417824098357,480.5542270216288,95.09722174800179,0.0,0.0,0.0,0.0,,minority-enriched (95 of 1024 rows are class 1),,,,,,,,,,,,,,,,,,,,,,
credit,stateful,aligned,1,XGBoost,5,0.0,0.0,1.0,0.0,1.0,0.0,0.9794921875,0.002489755621871477,0.8755371124947849,0.016782392887070112,0.9794921875,0.002489755621871477,0.8755371124947849,0.016782392887070112,480.5542270216288,95.09722174800179,0.0,0.0,0.0,0.0,,minority-enriched (95 of 1024 rows are class 1),,,,,,,,,,,,,,,,,,,,,,
credit,stateful,aligned,16,Logistic Regression,5,0.0,0.0,1.0,0.0,1.0,0.0,0.9765625,0.0018269811458857135,0.8560502496805794,0.012215117115854072,0.9765625,0.0018269811458857135,0.8560502496805794,0.012215117115854072,7517.472845008914,1632.694558049801,0.0,0.0,0.0,0.0,,minority-enriched (95 of 1024 rows are class 1),,,,,,,,,,,,,,,,,,,,,,
credit,stateful,aligned,16,Random Forest,5,0.0,0.0,1.0,0.0,1.0,0.0,0.976953125,0.001113452563573377,0.8584744921048217,0.007699417824098357,0.976953125,0.001113452563573377,0.8584744921048217,0.007699417824098357,7517.472845008914,1632.694558049801,0.0,0.0,0.0,0.0,,minority-enriched (95 of 1024 rows are class 1),,,,,,,,,,,,,,,,,,,,,,
credit,stateful,aligned,16,XGBoost,5,0.0,0.0,1.0,0.0,1.0,0.0,0.9794921875,0.002489755621871477,0.8755371124947849,0.016782392887070112,0.9794921875,0.002489755621871477,0.8755371124947849,0.016782392887070112,7517.472845008914,1632.694558049801,0.0,0.0,0.0,0.0,,minority-enriched (95 of 1024 rows are class 1),,,,,,,,,,,,,,,,,,,,,,
credit,stateful,aligned,256,Logistic Regression,5,0.0,0.0,1.0,0.0,1.0,0.0,0.9765625,0.0018269811458857135,0.8560502496805794,0.012215117115854072,0.9765625,0.0018269811458857135,0.8560502496805794,0.012215117115854072,110568.84617148919,22750.598583563642,0.0,0.0,0.0,0.0,,minority-enriched (95 of 1024 rows are class 1),,,,,,,,,,,,,,,,,,,,,,
credit,stateful,aligned,256,Random Forest,5,0.0,0.0,1.0,0.0,1.0,0.0,0.976953125,0.001113452563573377,0.8584744921048217,0.007699417824098357,0.976953125,0.001113452563573377,0.8584744921048217,0.007699417824098357,110568.84617148919,22750.598583563642,0.0,0.0,0.0,0.0,,minority-enriched (95 of 1024 rows are class 1),,,,,,,,,,,,,,,,,,,,,,
credit,stateful,aligned,256,XGBoost,5,0.0,0.0,1.0,0.0,1.0,0.0,0.9794921875,0.002489755621871477,0.8755371124947849,0.016782392887070112,0.9794921875,0.002489755621871477,0.8755371124947849,0.016782392887070112,110568.84617148919,22750.598583563642,0.0,0.0,0.0,0.0,,minority-enriched (95 of 1024 rows are class 1),,,,,,,,,,,,,,,,,,,,,,
credit,stateful,aligned,full,Logistic Regression,5,0.0,0.0,1.0,0.0,1.0,0.0,0.9993687990858469,4.1360906357345245e-05,0.8040241665669885,0.013299003385211745,0.9993687990858469,4.1360906357345245e-05,0.8040241665669885,0.013299003385211745,744908.59977815,200849.3242365153,0.0,0.0,0.0,0.0,,full test set,,,,,,,,,,,,,,,,,,,,,,
credit,stateful,aligned,full,Random Forest,5,0.0,0.0,1.0,0.0,1.0,0.0,0.9995175303357335,2.068045317865193e-05,0.8433261898635704,0.0070334266706394075,0.9995175303357335,2.068045317865193e-05,0.8433261898635704,0.0070334266706394075,744908.59977815,200849.3242365153,0.0,0.0,0.0,0.0,,full test set,,,,,,,,,,,,,,,,,,,,,,
credit,stateful,aligned,full,XGBoost,5,0.0,0.0,1.0,0.0,1.0,0.0,0.9995465510674189,5.590493899270765e-05,0.855449729278608,0.017650339747022858,0.9995465510674189,5.590493899270765e-05,0.855449729278608,0.017650339747022858,744908.59977815,200849.3242365153,0.0,0.0,0.0,0.0,,full test set,,,,,,,,,,,,,,,,,,,,,,
credit,stateful,app,1,Logistic Regression,5,0.0,0.0,1.0,0.0,1.0,0.0,0.9765625,0.0018269811458857135,0.8560502496805794,0.012215117115854072,0.9765625,0.0018269811458857135,0.8560502496805794,0.012215117115854072,480.5542270216288,95.09722174800179,0.0,0.0,0.0,0.0,,minority-enriched (95 of 1024 rows are class 1),,,,,,,,,,,,,,,,,,,,,,
credit,stateful,app,1,Random Forest,5,0.0,0.0,1.0,0.0,1.0,0.0,0.976953125,0.001113452563573377,0.8584744921048217,0.007699417824098357,0.976953125,0.001113452563573377,0.8584744921048217,0.007699417824098357,480.5542270216288,95.09722174800179,0.0,0.0,0.0,0.0,,minority-enriched (95 of 1024 rows are class 1),,,,,,,,,,,,,,,,,,,,,,
credit,stateful,app,1,XGBoost,5,0.0,0.0,1.0,0.0,1.0,0.0,0.9794921875,0.002489755621871477,0.8755371124947849,0.016782392887070112,0.9794921875,0.002489755621871477,0.8755371124947849,0.016782392887070112,480.5542270216288,95.09722174800179,0.0,0.0,0.0,0.0,,minority-enriched (95 of 1024 rows are class 1),,,,,,,,,,,,,,,,,,,,,,
credit,stateful,app,16,Logistic Regression,5,0.0,0.0,1.0,0.0,1.0,0.0,0.9765625,0.0018269811458857135,0.8560502496805794,0.012215117115854072,0.9765625,0.0018269811458857135,0.8560502496805794,0.012215117115854072,7517.472845008914,1632.694558049801,0.0,0.0,0.0,0.0,,minority-enriched (95 of 1024 rows are class 1),,,,,,,,,,,,,,,,,,,,,,
credit,stateful,app,16,Random Forest,5,0.0,0.0,1.0,0.0,1.0,0.0,0.976953125,0.001113452563573377,0.8584744921048217,0.007699417824098357,0.976953125,0.001113452563573377,0.8584744921048217,0.007699417824098357,7517.472845008914,1632.694558049801,0.0,0.0,0.0,0.0,,minority-enriched (95 of 1024 rows are class 1),,,,,,,,,,,,,,,,,,,,,,
credit,stateful,app,16,XGBoost,5,0.0,0.0,1.0,0.0,1.0,0.0,0.9794921875,0.002489755621871477,0.8755371124947849,0.016782392887070112,0.9794921875,0.002489755621871477,0.8755371124947849,0.016782392887070112,7517.472845008914,1632.694558049801,0.0,0.0,0.0,0.0,,minority-enriched (95 of 1024 rows are class 1),,,,,,,,,,,,,,,,,,,,,,
credit,stateful,app,256,Logistic Regression,5,0.0,0.0,1.0,0.0,1.0,0.0,0.9765625,0.0018269811458857135,0.8560502496805794,0.012215117115854072,0.9765625,0.0018269811458857135,0.8560502496805794,0.012215117115854072,110568.84617148919,22750.598583563642,0.0,0.0,0.0,0.0,,minority-enriched (95 of 1024 rows are class 1),,,,,,,,,,,,,,,,,,,,,,
credit,stateful,app,256,Random Forest,5,0.0,0.0,1.0,0.0,1.0,0.0,0.976953125,0.001113452563573377,0.8584744921048217,0.007699417824098357,0.976953125,0.001113452563573377,0.8584744921048217,0.007699417824098357,110568.84617148919,22750.598583563642,0.0,0.0,0.0,0.0,,minority-enriched (95 of 1024 rows are class 1),,,,,,,,,,,,,,,,,,,,,,
credit,stateful,app,256,XGBoost,5,0.0,0.0,1.0,0.0,1.0,0.0,0.9794921875,0.002489755621871477,0.8755371124947849,0.016782392887070112,0.9794921875,0.002489755621871477,0.8755371124947849,0.016782392887070112,110568.84617148919,22750.598583563642,0.0,0.0,0.0,0.0,,minority-enriched (95 of 1024 rows are class 1),,,,,,,,,,,,,,,,,,,,,,
credit,stateful,app,full,Logistic Regression,5,0.0,0.0,1.0,0.0,1.0,0.0,0.9993687990858469,4.1360906357345245e-05,0.8040241665669885,0.013299003385211745,0.9993687990858469,4.1360906357345245e-05,0.8040241665669885,0.013299003385211745,744908.59977815,200849.3242365153,0.0,0.0,0.0,0.0,,full test set,,,,,,,,,,,,,,,,,,,,,,
credit,stateful,app,full,Random Forest,5,0.0,0.0,1.0,0.0,1.0,0.0,0.9995175303357335,2.068045317865193e-05,0.8433261898635704,0.0070334266706394075,0.9995175303357335,2.068045317865193e-05,0.8433261898635704,0.0070334266706394075,744908.59977815,200849.3242365153,0.0,0.0,0.0,0.0,,full test set,,,,,,,,,,,,,,,,,,,,,,
credit,stateful,app,full,XGBoost,5,0.0,0.0,1.0,0.0,1.0,0.0,0.9995465510674189,5.590493899270765e-05,0.855449729278608,0.017650339747022858,0.9995465510674189,5.590493899270765e-05,0.855449729278608,0.017650339747022858,744908.59977815,200849.3242365153,0.0,0.0,0.0,0.0,,full test set,,,,,,,,,,,,,,,,,,,,,,
credit,stateless,aligned,1,Logistic Regression,5,0.0,0.0,1.0,0.0,0.9298828125,0.0012732817197661423,0.9072265625,0.0,0.0,0.0,0.9765625,0.0018269811458857135,0.8560502496805794,0.012215117115854072,24.730473023285764,4.876248284399837,-0.0693359375,0.0018269811458857135,-0.8560502496805794,0.012215117115854072,,minority-enriched (95 of 1024 rows are class 1),0.9298828125,0.0012732817197661423,0.9298828125,0.0012732817197661423,1.0,0.0,1.0,0.0,,,,,,,,,,,,,,
credit,stateless,aligned,1,Random Forest,5,0.0,0.0,1.0,0.0,0.9298828125,0.0012732817197661423,0.9072265625,0.0,0.0,0.0,0.976953125,0.001113452563573377,0.8584744921048217,0.007699417824098357,24.730473023285764,4.876248284399837,-0.0697265625,0.001113452563573377,-0.8584744921048217,0.007699417824098357,,minority-enriched (95 of 1024 rows are class 1),0.9298828125,0.0012732817197661423,0.9298828125,0.0012732817197661423,1.0,0.0,1.0,0.0,,,,,,,,,,,,,,
credit,stateless,aligned,1,XGBoost,5,0.0,0.0,1.0,0.0,0.927734375,0.002489755621871477,0.9072265625,0.0,0.0,0.0,0.9794921875,0.002489755621871477,0.8755371124947849,0.016782392887070112,24.730473023285764,4.876248284399837,-0.072265625,0.002489755621871477,-0.8755371124947849,0.016782392887070112,,minority-enriched (95 of 1024 rows are class 1),0.927734375,0.002489755621871477,0.927734375,0.002489755621871477,1.0,0.0,1.0,0.0,,,,,,,,,,,,,,
credit,stateless,aligned,16,Logistic Regression,5,0.0,0.0,1.0,0.0,0.958984375,0.00390625,0.93671875,0.0036146006881487788,0.4813614296972184,0.04511883095765276,0.9765625,0.0018269811458857135,0.8560502496805794,0.012215117115854072,255.7766975696959,75.55486695943448,-0.03984375,0.004496431419227085,-0.374688819983361,0.04986185710100965,,minority-enriched (95 of 1024 rows are class 1),0.958984375,0.00390625,0.958984375,0.00390625,1.0,0.0,1.0,0.0,,,,,,,,,,,,,,
credit,stateless,aligned,16,Random Forest,5,0.0,0.0,1.0,0.0,0.93046875,0.0017469281074217107,0.9078125,0.0005348853100636389,0.0125,0.01141088661469096,0.976953125,0.001113452563573377,0.8584744921048217,0.007699417824098357,255.7766975696959,75.55486695943448,-0.069140625,0.0014484762670108717,-0.8459744921048218,0.016904286723502516,,minority-enriched (95 of 1024 rows are class 1),0.93046875,0.0017469281074217107,0.93046875,0.0017469281074217107,1.0,0.0,1.0,0.0,,,,,,,,,,,,,,
credit,stateless,aligned,16,XGBoost,5,0.0,0.0,1.0,0.0,0.93671875,0.0039907845198637795,0.9166015625,0.0030571241879879937,0.18229516533342918,0.052685706693522946,0.9794921875,0.002489755621871477,0.8755371124947849,0.016782392887070112,255.7766975696959,75.55486695943448,-0.062890625,0.003942701023083271,-0.6932419471613558,0.05540248458471358,,minority-enriched (95 of 1024 rows are class 1),0.93671875,0.0039907845198637795,0.93671875,0.0039907845198637795,1.0,0.0,1.0,0.0,,,,,,,,,,,,,,
credit,stateless,aligned,256,Logistic Regression,5,0.0,0.0,1.0,0.0,0.97578125,0.004050086201821821,0.953125,0.003588119740405046,0.6612584621431414,0.0344680534871956,0.9765625,0.0018269811458857135,0.8560502496805794,0.012215117115854072,4046.752250189367,964.4803729740968,-0.0234375,0.004979511243742954,-0.1947917875374378,0.04304394800489783,,minority-enriched (95 of 1024 rows are class 1),0.97578125,0.004050086201821821,0.97578125,0.004050086201821821,1.0,0.0,1.0,0.0,,,,,,,,,,,,,,
credit,stateless,aligned,256,Random Forest,5,0.0,0.0,1.0,0.0,0.9298828125,0.0012732817197661423,0.9072265625,0.0,0.0,0.0,0.976953125,0.001113452563573377,0.8584744921048217,0.007699417824098357,4046.752250189367,964.4803729740968,-0.0697265625,0.001113452563573377,-0.8584744921048217,0.007699417824098357,,minority-enriched (95 of 1024 rows are class 1),0.9298828125,0.0012732817197661423,0.9298828125,0.0012732817197661423,1.0,0.0,1.0,0.0,,,,,,,,,,,,,,
credit,stateless,aligned,256,XGBoost,5,0.0,0.0,1.0,0.0,0.9404296875,0.012448778109357385,0.919921875,0.011698387256553651,0.22398679721109627,0.1895664372922653,0.9794921875,0.002489755621871477,0.8755371124947849,0.016782392887070112,4046.752250189367,964.4803729740968,-0.0595703125,0.012448778109357385,-0.6515503152836888,0.19479214692971333,,minority-enriched (95 of 1024 rows are class 1),0.9404296875,0.012448778109357385,0.9404296875,0.012448778109357385,1.0,0.0,1.0,0.0,,,,,,,,,,,,,,
credit,stateless,aligned,full,Logistic Regression,5,0.0,0.0,1.0,0.0,0.9999963724085393,8.111541100593412e-06,0.9993724266773076,3.761166878880666e-05,0.8049305705078751,0.012081195098933111,0.9993687990858469,4.1360906357345245e-05,0.8040241665669885,0.013299003385211745,34276.09686439349,6114.330564494059,3.62759146066427e-06,8.111541100643063e-06,0.000906403940886702,0.002026780826896366,,full test set,0.9999963724085393,8.111541100593412e-06,0.9999963724085393,8.111541100593412e-06,1.0,0.0,1.0,0.0,,,,,,,,,,,,,,
credit,stateless,aligned,full,Random Forest,5,0.0,0.0,1.0,0.0,0.9998839170732593,8.5652650522319e-05,0.9994304681406779,9.563365916213979e-05,0.809521573596179,0.036509948027075266,0.9995175303357335,2.068045317865193e-05,0.8433261898635704,0.0070334266706394075,34276.09686439349,6114.330564494059,-8.706219505558722e-05,8.050474678022704e-05,-0.033804616267391396,0.031165015197649554,,full test set,0.9998839170732593,8.5652650522319e-05,0.9998839170732593,8.5652650522319e-05,1.0,0.0,1.0,0.0,,,,,,,,,,,,,,
credit,stateless,aligned,full,XGBoost,5,0.0,0.0,1.0,0.0,0.9999854896341575,1.5175303838617692e-05,0.9995392958844975,5.225494818305761e-05,0.8531886109710903,0.01594469879870268,0.9995465510674189,5.590493899270765e-05,0.855449729278608,0.017650339747022858,34276.09686439349,6114.330564494059,-7.255182921306336e-06,9.934568362064271e-06,-0.002261118307517629,0.004027478194907844,,full test set,0.9999854896341575,1.5175303838617692e-05,0.9999854896341575,1.5175303838617692e-05,1.0,0.0,1.0,0.0,,,,,,,,,,,,,,
credit,stateless,app,1,Logistic Regression,5,1.0,0.0,0.0,0.0,,,,,,,,,,,24.730473023285764,4.876248284399837,,,,,ValueError: at least one array or dtype is required,minority-enriched (95 of 1024 rows are class 1),,,,,0.0,0.0,0.0,0.0,,,,,,,,,,,,,,
credit,stateless,app,1,Random Forest,5,1.0,0.0,0.0,0.0,,,,,,,,,,,24.730473023285764,4.876248284399837,,,,,ValueError: at least one array or dtype is required,minority-enriched (95 of 1024 rows are class 1),,,,,0.0,0.0,0.0,0.0,,,,,,,,,,,,,,
credit,stateless,app,1,XGBoost,5,1.0,0.0,0.0,0.0,,,,,,,,,,,24.730473023285764,4.876248284399837,,,,,"ValueError: feature_names mismatch: ['V1', 'V2', 'V3', 'V4', 'V5', 'V6', 'V7', 'V8', 'V9', 'V10', 'V11', 'V12', 'V13', 'V14', 'V15', 'V16', 'V17', 'V18', 'V19', 'V20', 'V21",minority-enriched (95 of 1024 rows are class 1),,,,,0.0,0.0,0.0,0.0,,,,,,,,,,,,,,
credit,stateless,app,16,Logistic Regression,5,0.01875,0.006987712429686844,0.98125,0.006987712429686843,0.9603910650281617,0.004862884699644088,0.9376920122887864,0.004833262877121481,0.48852200786352123,0.04944329170715496,0.9761040706605222,0.002030983202633363,0.8516902940102836,0.013298976881495358,255.7766975696959,75.55486695943448,-0.03841205837173578,0.00537857709856721,-0.3631682861467624,0.054709283954150596,ValueError: The feature names should match those that were passed during fit.,minority-enriched (95 of 1024 rows are class 1),0.9603910650281617,0.004862884699644088,0.9603910650281617,0.004862884699644088,0.98125,0.006987712429686843,0.98125,0.006987712429686843,,,,,,,,,,,,,,
credit,stateless,app,16,Random Forest,5,0.01875,0.006987712429686844,0.98125,0.006987712429686843,0.9313204045058885,0.0024112327498060967,0.9084325396825396,0.0021507423996705083,0.012862318840579711,0.01174745857744455,0.9767089093701996,0.0013839544625416458,0.855719661885917,0.008113285309981464,255.7766975696959,75.55486695943448,-0.06827636968766,0.0019263133058303186,-0.8428573430453372,0.016979403601939048,ValueError: The feature names should match those that were passed during fit.,minority-enriched (95 of 1024 rows are class 1),0.9313204045058885,0.0024112327498060967,0.9313204045058885,0.0024112327498060967,0.98125,0.006987712429686843,0.98125,0.006987712429686843,,,,,,,,,,,,,,
credit,stateless,app,16,XGBoost,5,0.01875,0.006987712429686844,0.98125,0.006987712429686843,0.9377016129032258,0.004115151071659963,0.9173899129544291,0.00344298017389629,0.18648906293909148,0.0532684895104491,0.9792914746543777,0.0029985253093626034,0.8733607369487502,0.01873016786928834,255.7766975696959,75.55486695943448,-0.06190156169994878,0.003816967068594866,-0.6868716740096587,0.057332115736085085,"ValueError: feature_names mismatch: ['V1', 'V2', 'V3', 'V4', 'V5', 'V6', 'V7', 'V8', 'V9', 'V10', 'V11', 'V12', 'V13', 'V14', 'V15', 'V16', 'V17', 'V18', 'V19', 'V20', 'V21",minority-enriched (95 of 1024 rows are class 1),0.9377016129032258,0.004115151071659963,0.9377016129032258,0.004115151071659963,0.98125,0.006987712429686843,0.98125,0.006987712429686843,,,,,,,,,,,,,,
credit,stateless,app,256,Logistic Regression,5,0.0,0.0,1.0,0.0,0.97578125,0.004050086201821821,0.953125,0.003588119740405046,0.6612584621431414,0.0344680534871956,0.9765625,0.0018269811458857135,0.8560502496805794,0.012215117115854072,4046.752250189367,964.4803729740968,-0.0234375,0.004979511243742954,-0.1947917875374378,0.04304394800489783,,minority-enriched (95 of 1024 rows are class 1),0.97578125,0.004050086201821821,0.97578125,0.004050086201821821,1.0,0.0,1.0,0.0,,,,,,,,,,,,,,
credit,stateless,app,256,Random Forest,5,0.0,0.0,1.0,0.0,0.9298828125,0.0012732817197661423,0.9072265625,0.0,0.0,0.0,0.976953125,0.001113452563573377,0.8584744921048217,0.007699417824098357,4046.752250189367,964.4803729740968,-0.0697265625,0.001113452563573377,-0.8584744921048217,0.007699417824098357,,minority-enriched (95 of 1024 rows are class 1),0.9298828125,0.0012732817197661423,0.9298828125,0.0012732817197661423,1.0,0.0,1.0,0.0,,,,,,,,,,,,,,
credit,stateless,app,256,XGBoost,5,0.0,0.0,1.0,0.0,0.9404296875,0.012448778109357385,0.919921875,0.011698387256553651,0.22398679721109627,0.1895664372922653,0.9794921875,0.002489755621871477,0.8755371124947849,0.016782392887070112,4046.752250189367,964.4803729740968,-0.0595703125,0.012448778109357385,-0.6515503152836888,0.19479214692971333,,minority-enriched (95 of 1024 rows are class 1),0.9404296875,0.012448778109357385,0.9404296875,0.012448778109357385,1.0,0.0,1.0,0.0,,,,,,,,,,,,,,
credit,stateless,app,full,Logistic Regression,5,0.0,0.0,1.0,0.0,0.9999963724085393,8.111541100593412e-06,0.9993724266773076,3.761166878880666e-05,0.8049305705078751,0.012081195098933111,0.9993687990858469,4.1360906357345245e-05,0.8040241665669885,0.013299003385211745,34276.09686439349,6114.330564494059,3.62759146066427e-06,8.111541100643063e-06,0.000906403940886702,0.002026780826896366,,full test set,0.9999963724085393,8.111541100593412e-06,0.9999963724085393,8.111541100593412e-06,1.0,0.0,1.0,0.0,,,,,,,,,,,,,,
credit,stateless,app,full,Random Forest,5,0.0,0.0,1.0,0.0,0.9998839170732593,8.5652650522319e-05,0.9994304681406779,9.563365916213979e-05,0.809521573596179,0.036509948027075266,0.9995175303357335,2.068045317865193e-05,0.8433261898635704,0.0070334266706394075,34276.09686439349,6114.330564494059,-8.706219505558722e-05,8.050474678022704e-05,-0.033804616267391396,0.031165015197649554,,full test set,0.9998839170732593,8.5652650522319e-05,0.9998839170732593,8.5652650522319e-05,1.0,0.0,1.0,0.0,,,,,,,,,,,,,,
credit,stateless,app,full,XGBoost,5,0.0,0.0,1.0,0.0,0.9999854896341575,1.5175303838617692e-05,0.9995392958844975,5.225494818305761e-05,0.8531886109710903,0.01594469879870268,0.9995465510674189,5.590493899270765e-05,0.855449729278608,0.017650339747022858,34276.09686439349,6114.330564494059,-7.255182921306336e-06,9.934568362064271e-06,-0.002261118307517629,0.004027478194907844,,full test set,0.9999854896341575,1.5175303838617692e-05,0.9999854896341575,1.5175303838617692e-05,1.0,0.0,1.0,0.0,,,,,,,,,,,,,,
