dataset,seed,model,n_requests,median_ms,p95_ms,server_median_ms,model_only_median_ms,trained_models_pkl_mb,pipeline_pkl_mb,status_codes
adult,0,XGBoost,30,13.596900000038659,18.35162500004799,5.163,4.367399999978261,92.833221,0.017467,"{""200"": 30}"
adult,0,Random Forest,30,24.560100000030616,29.52204500003858,16.768,6.637600000033217,92.833221,0.017467,"{""200"": 30}"
adult,0,Logistic Regression,30,13.43719999994164,18.614329999996926,5.7605,1.0985000000118816,92.833221,0.017467,"{""200"": 30}"
adult,1,XGBoost,30,14.981549989897758,20.786990018677876,5.4675,4.7138999798335135,92.624709,0.017419,"{""200"": 30}"
adult,1,Random Forest,30,26.97569999145344,38.118309984565705,17.9985,7.180699991295114,92.624709,0.017419,"{""200"": 30}"
adult,1,Logistic Regression,30,14.911200007190928,16.912214990588836,6.2105,1.3701999851036817,92.624709,0.017419,"{""200"": 30}"
adult,2,XGBoost,30,12.339500011876225,13.297330011846498,4.46,3.865050006425008,93.396639,0.017468,"{""200"": 30}"
adult,2,Random Forest,30,24.266499996883795,27.01112001086585,16.292,6.1987999943085015,93.396639,0.017468,"{""200"": 30}"
adult,2,Logistic Regression,30,13.546900008805096,14.60334499424789,5.529,0.900499988347292,93.396639,0.017468,"{""200"": 30}"
adult,3,XGBoost,30,12.581450020661578,13.314714992884547,4.603,3.805299988016486,93.646516,0.01747,"{""200"": 30}"
adult,3,Random Forest,30,23.052799981087446,24.368655018042773,15.379999999999999,6.075399986002594,93.646516,0.01747,"{""200"": 30}"
adult,3,Logistic Regression,30,12.910749996080995,13.892274990212172,5.2204999999999995,0.9026500047184527,93.646516,0.01747,"{""200"": 30}"
adult,4,XGBoost,30,11.844550026580691,13.82753503276035,4.182,3.5263000172562897,93.173298,0.017466,"{""200"": 30}"
adult,4,Random Forest,30,23.09604999027215,31.46356997895054,15.3645,9.340249991510063,93.173298,0.017466,"{""200"": 30}"
adult,4,Logistic Regression,30,12.950150005053729,15.70864001114387,5.406000000000001,1.437900005839765,93.173298,0.017466,"{""200"": 30}"
credit,0,XGBoost,30,12.671049999994466,14.654310000071288,4.524,4.144949999954406,2.938512,0.028485,"{""200"": 30}"
credit,0,Random Forest,30,24.20665000011013,31.72548000003415,16.073999999999998,6.216900000026726,2.938512,0.028485,"{""200"": 30}"
credit,0,Logistic Regression,30,13.743650000037633,16.214345000025784,5.2325,0.8156999999755499,2.938512,0.028485,"{""200"": 30}"
credit,1,XGBoost,30,17.63760000005732,22.563590000015665,6.5954999999999995,5.287300000077266,3.009141,0.028482,"{""200"": 30}"
credit,1,Random Forest,30,37.110399999960464,41.32161499993572,25.939999999999998,6.521150000025955,3.009141,0.028482,"{""200"": 30}"
credit,1,Logistic Regression,30,17.583400000035,30.253655000012703,7.4945,1.3252000001102715,3.009141,0.028482,"{""200"": 30}"
credit,2,XGBoost,30,20.007950020954013,43.22578497813082,7.359500000000001,6.487550010206178,3.110725,0.028482,"{""200"": 30}"
credit,2,Random Forest,30,43.78829998313449,69.69591499946546,29.697499999999998,12.97954996698536,3.110725,0.028482,"{""200"": 30}"
credit,2,Logistic Regression,30,17.872149997856468,21.912090003024783,7.6015,1.4344999799504876,3.110725,0.028482,"{""200"": 30}"
credit,3,XGBoost,30,17.200900008901954,19.37041500059422,6.426500000000001,4.9475499836262316,2.919661,0.028483,"{""200"": 30}"
credit,3,Random Forest,30,33.88634999282658,36.66881999524776,23.111,8.930050011258572,2.919661,0.028483,"{""200"": 30}"
credit,3,Logistic Regression,30,19.536349980626255,21.276700001908463,8.154,1.391000027069822,2.919661,0.028483,"{""200"": 30}"
credit,4,XGBoost,30,14.282449992606416,17.52231501159258,5.1845,3.24995000846684,2.906377,0.028482,"{""200"": 30}"
credit,4,Random Forest,30,26.96639997884631,30.418329997337423,16.791,5.772899981820956,2.906377,0.028482,"{""200"": 30}"
credit,4,Logistic Regression,30,13.527400005841628,19.060614981572137,5.217499999999999,0.9111000108532608,2.906377,0.028482,"{""200"": 30}"
california,0,XGBoost,30,11.487799999997605,13.264504999943938,3.0445,2.1423499999855267,145.30441,0.078161,"{""200"": 30}"
california,0,Random Forest,30,19.538450000027296,25.203824999994133,10.540500000000002,7.9288000000019565,145.30441,0.078161,"{""200"": 30}"
california,0,Ridge,30,19.45490000002792,28.490140000030806,5.7105,1.2073999999984153,145.30441,0.078161,"{""200"": 30}"
california,1,XGBoost,30,16.058200009865686,23.96045500936452,4.682,3.2026500266510993,145.197919,0.078161,"{""200"": 30}"
california,1,Random Forest,30,20.45040001394227,28.570844992646002,10.947,6.365150038618594,145.197919,0.078161,"{""200"": 30}"
california,1,Ridge,30,12.23575000767596,16.029125015484166,3.9575,1.0008999961428344,145.197919,0.078161,"{""200"": 30}"
california,2,XGBoost,30,15.443950018379837,20.159124981728382,4.567,2.6629000203683972,145.464086,0.078161,"{""200"": 30}"
california,2,Random Forest,30,23.59225001418963,33.52378998242784,12.5105,8.786799968220294,145.464086,0.078161,"{""200"": 30}"
california,2,Ridge,30,15.875249984674156,29.827699984889456,5.0015,1.3291999930515885,145.464086,0.078161,"{""200"": 30}"
california,3,XGBoost,30,12.486949999583885,13.836199973593466,3.5025,2.2990000143181533,145.424755,0.078161,"{""200"": 30}"
california,3,Random Forest,30,18.861699994886294,20.59387502085883,10.055,7.050499989418313,145.424755,0.078161,"{""200"": 30}"
california,3,Ridge,30,12.696099991444498,13.795890015899204,4.207,1.3389000087045133,145.424755,0.078161,"{""200"": 30}"
california,4,XGBoost,30,10.408850008388981,14.192275007371789,2.776,1.6392999968957156,145.253654,0.078161,"{""200"": 30}"
california,4,Random Forest,30,17.5448999798391,19.438719982281327,8.8855,5.095700005767867,145.253654,0.078161,"{""200"": 30}"
california,4,Ridge,30,11.394400004064664,12.612199992872775,3.3805,1.2169500114396214,145.253654,0.078161,"{""200"": 30}"
