dataset,seed,pickle_mb,save_s,load_s
adult,0,0.017404,0.0024568000000044776,0.02014830000001666
adult,1,0.017356,0.0032420000061392784,0.07502629997907206
adult,2,0.017405,0.002401400008238852,0.033576700021512806
adult,3,0.017407,0.0017095999792218208,0.02914180001243949
adult,4,0.017403,0.001464199973270297,0.01958700001705438
credit,0,0.028444,0.0027185999999801425,0.020593500000131826
credit,1,0.028441,0.0026833000001715845,0.0361481999998432
credit,2,0.028441,0.002591600001323968,0.02847630000906065
credit,3,0.028442,0.00908220000565052,0.03737979999277741
credit,4,0.028441,0.0016697000246495008,0.025142300000879914
california,0,0.078112,0.0031598000000485627,0.023957999999993262
california,1,0.078112,0.0031755000236444175,0.05311300000175834
california,2,0.078112,0.0027095999685116112,0.05532739998307079
california,3,0.078112,0.002455199952237308,0.028133500018157065
california,4,0.078112,0.0017537999665364623,0.017717599985189736
