dataset,seed,n_train_features,n_serving_features,same_column_order,missing_at_serving,extra_at_serving,n_common_features_mismatched,cell_mismatch_frac,transform_rows_per_s,mismatched_features,fit_transform_s,fit_rows_per_s
adult,0,36,36,True,[],[],0,0.0,238779.81994846696,,1.4471302999882028,33750.93452220451
adult,1,36,36,True,[],[],0,0.0,134116.94196747796,,2.057060500024818,23743.589456610895
adult,2,36,36,True,[],[],0,0.0,215203.16149462436,,1.2443644999875687,39250.5572125273
adult,3,36,36,True,[],[],0,0.0,121743.99076531034,,1.8247930000070482,26765.775624857913
adult,4,36,36,True,[],[],0,0.0,196610.59282984814,,1.2257355999900028,39847.09263596355
credit,0,29,29,True,[],[],0,0.0,522150.1604343504,,8.94325559999561,31846.009187095115
credit,1,29,29,True,[],[],0,0.0,385660.07379824884,,10.728754800045863,26546.13748827427
credit,2,29,29,True,[],[],0,0.0,425801.56874420284,,7.609659200010356,37427.03746832873
credit,3,29,29,True,[],[],0,0.0,323648.0956927459,,8.511652500019409,33460.83501404111
credit,4,29,29,True,[],[],0,0.0,476353.81504106015,,10.750846299983095,26491.588852911776
california,0,8,8,True,[],[],0,0.0,643321.3333911351,,0.24867040000390261,83001.4348297026
california,1,8,8,True,[],[],0,0.0,646100.3909240763,,0.13566179998451844,152143.04986632502
california,2,8,8,True,[],[],0,0.0,528019.0343984353,,0.11092479998478666,186072.0055644074
california,3,8,8,True,[],[],0,0.0,1025004.3477833531,,0.13255019998177886,155714.5896636693
california,4,8,8,True,[],[],0,0.0,1238226.6457964145,,0.10534189996542409,195933.4320605056
