dataset,seed,config,runtime_s,route,explainer,X_test_dtypes,app_status,rows_done,app_warnings,app_error,output_explained,shape,nan_frac,status,message,peak_mem_mb,kernel_rows_done,wall_s,timeout_s,model,model_class
adult,0,full,126.09824309998658,tree,TreeExplainer,"{""float64"": 36}",budget_exceeded,170,[],,P(class = 1),"[170, 36]",0.0,budget_exceeded,,125.07136,0,135.88242480001645,300.0,Random Forest,RandomForestClassifier
adult,0,forced_tree,126.77416489995085,tree,TreeExplainer,"{""float64"": 36}",budget_exceeded,170,[],,P(class = 1),"[170, 36]",0.0,budget_exceeded,,124.248064,0,136.0586459999904,300.0,Random Forest,RandomForestClassifier
adult,0,forced_kernel,41.414790600014385,kernel,KernelExplainer,"{""float64"": 36}",ok,200,[],,P(class = 1),"[200, 36]",0.0,ok,,43.4176,200,51.74461639998481,300.0,Random Forest,RandomForestClassifier
adult,0,no_cast,124.9311510999687,tree,TreeExplainer,"{""float64"": 36}",budget_exceeded,170,[],,P(class = 1),"[170, 36]",0.0,budget_exceeded,,123.904,0,133.96075520000886,300.0,Random Forest,RandomForestClassifier
adult,0,full,0.32794149999972433,tree,TreeExplainer,"{""float64"": 36}",ok,200,[],,log-odds of class 1,"[200, 36]",0.0,ok,,19.070976,0,9.387665400048718,300.0,XGBoost,XGBClassifier
adult,0,forced_tree,0.31450919999042526,tree,TreeExplainer,"{""float64"": 36}",ok,200,[],,log-odds of class 1,"[200, 36]",0.0,ok,,19.140608,0,9.808713200036436,300.0,XGBoost,XGBClassifier
adult,0,forced_kernel,25.966178200033028,kernel,KernelExplainer,"{""float64"": 36}",ok,200,[],,P(class = 1),"[200, 36]",0.0,ok,,43.954176,200,35.24504700000398,300.0,XGBoost,XGBClassifier
adult,0,no_cast,0.3058743999572471,tree,TreeExplainer,"{""float64"": 36}",ok,200,[],,log-odds of class 1,"[200, 36]",0.0,ok,,19.030016,0,9.412468200025614,300.0,XGBoost,XGBClassifier
adult,0,full,0.04033499996876344,tree,TreeExplainer,"{""float64"": 36}",ok,200,[],,log-odds of class 1,"[200, 36]",0.0,ok,,0.032768,0,9.329241800005548,300.0,Gradient Boosting,GradientBoostingClassifier
adult,0,forced_tree,0.04433399997651577,tree,TreeExplainer,"{""float64"": 36}",ok,200,[],,log-odds of class 1,"[200, 36]",0.0,ok,,0.032768,0,9.195349999994505,300.0,Gradient Boosting,GradientBoostingClassifier
adult,0,forced_kernel,19.844395699969027,kernel,KernelExplainer,"{""float64"": 36}",ok,200,[],,P(class = 1),"[200, 36]",0.0,ok,,44.105728,200,29.100618199969176,300.0,Gradient Boosting,GradientBoostingClassifier
adult,0,no_cast,0.0372190999914892,tree,TreeExplainer,"{""float64"": 36}",ok,200,[],,log-odds of class 1,"[200, 36]",0.0,ok,,0.053248,0,8.971813999989536,300.0,Gradient Boosting,GradientBoostingClassifier
adult,0,full,0.018220299971289933,linear,LinearExplainer,"{""float64"": 36}",ok,200,[],,log-odds of class 1,"[200, 36]",0.0,ok,,0.032768,0,8.884599099983461,300.0,Logistic Regression,LogisticRegression
adult,0,forced_tree,17.55795930000022,tree,KernelExplainer,"{""float64"": 36}",ok,200,"[""TreeExplainer rejected LogisticRegression (InvalidModelError); using KernelExplainer instead""]",,P(class = 1),"[200, 36]",0.0,ok,TreeExplainer rejected LogisticRegression (InvalidModelError); using KernelExplainer instead,43.257856,200,26.43179840000812,300.0,Logistic Regression,LogisticRegression
adult,0,forced_kernel,17.068382099969313,kernel,KernelExplainer,"{""float64"": 36}",ok,200,[],,P(class = 1),"[200, 36]",0.0,ok,,44.056576,200,26.186385500011966,300.0,Logistic Regression,LogisticRegression
adult,0,no_cast,0.015605899970978498,linear,LinearExplainer,"{""float64"": 36}",ok,200,[],,log-odds of class 1,"[200, 36]",0.0,ok,,0.032768,0,8.848165600036737,300.0,Logistic Regression,LogisticRegression
adult,0,full,138.75915289996192,kernel,KernelExplainer,"{""float64"": 36}",budget_exceeded,7,[],,decision function (positive = class 1),"[7, 36]",0.0,budget_exceeded,,43.175936,7,147.65821640001377,300.0,SVM,SVC
adult,0,forced_tree,122.02400839998154,tree,KernelExplainer,"{""float64"": 36}",budget_exceeded,4,"[""TreeExplainer rejected SVC (InvalidModelError); using KernelExplainer instead""]",,decision function (positive = class 1),"[4, 36]",0.0,budget_exceeded,TreeExplainer rejected SVC (InvalidModelError); using KernelExplainer instead,44.838912,4,131.02562780003063,300.0,SVM,SVC
adult,0,forced_kernel,160.28161669999827,kernel,KernelExplainer,"{""float64"": 36}",budget_exceeded,4,[],,decision function (positive = class 1),"[4, 36]",0.0,budget_exceeded,,44.101632,4,176.75004349998198,300.0,SVM,SVC
adult,0,no_cast,161.7965523999883,kernel,KernelExplainer,"{""float64"": 36}",budget_exceeded,4,[],,decision function (positive = class 1),"[4, 36]",0.0,budget_exceeded,,43.589632,4,178.1214753999957,300.0,SVM,SVC
adult,0,full,126.68729169998551,kernel,KernelExplainer,"{""float64"": 36}",budget_exceeded,24,[],,P(class = 1),"[24, 36]",0.0,budget_exceeded,,44.89216,24,145.1973473999533,300.0,KNN,KNeighborsClassifier
adult,0,forced_tree,125.45298050000565,tree,KernelExplainer,"{""float64"": 36}",budget_exceeded,24,"[""TreeExplainer rejected KNeighborsClassifier (InvalidModelError); using KernelExplainer instead""]",,P(class = 1),"[24, 36]",0.0,budget_exceeded,TreeExplainer rejected KNeighborsClassifier (InvalidModelError); using KernelExplainer instead,44.408832,24,143.06348249997245,300.0,KNN,KNeighborsClassifier
adult,0,forced_kernel,126.03489419998368,kernel,KernelExplainer,"{""float64"": 36}",budget_exceeded,24,[],,P(class = 1),"[24, 36]",0.0,budget_exceeded,,43.769856,24,142.04688959999476,300.0,KNN,KNeighborsClassifier
adult,0,no_cast,126.0003238999634,kernel,KernelExplainer,"{""float64"": 36}",budget_exceeded,24,[],,P(class = 1),"[24, 36]",0.0,budget_exceeded,,44.212224,24,142.6591713000089,300.0,KNN,KNeighborsClassifier
adult,1,full,121.28847719996702,tree,TreeExplainer,"{""float64"": 36}",budget_exceeded,160,[],,P(class = 1),"[160, 36]",0.0,budget_exceeded,,122.609664,0,131.01907919999212,300.0,Random Forest,RandomForestClassifier
adult,1,forced_tree,122.25182580004912,tree,TreeExplainer,"{""float64"": 36}",budget_exceeded,150,[],,P(class = 1),"[150, 36]",0.0,budget_exceeded,,123.67872,0,135.93213819997618,300.0,Random Forest,RandomForestClassifier
adult,1,forced_kernel,62.209509400010575,kernel,KernelExplainer,"{""float64"": 36}",ok,200,[],,P(class = 1),"[200, 36]",0.0,ok,,43.790336,200,74.2214999999851,300.0,Random Forest,RandomForestClassifier
adult,1,no_cast,126.08639910002239,tree,TreeExplainer,"{""float64"": 36}",budget_exceeded,150,[],,P(class = 1),"[150, 36]",0.0,budget_exceeded,,123.486208,0,141.03379440004937,300.0,Random Forest,RandomForestClassifier
adult,1,full,0.4334345999523066,tree,TreeExplainer,"{""float64"": 36}",ok,200,[],,log-odds of class 1,"[200, 36]",0.0,ok,,19.161088,0,9.738009199965745,300.0,XGBoost,XGBClassifier
adult,1,forced_tree,0.2968787999707274,tree,TreeExplainer,"{""float64"": 36}",ok,200,[],,log-odds of class 1,"[200, 36]",0.0,ok,,19.23072,0,9.650785900012124,300.0,XGBoost,XGBClassifier
adult,1,forced_kernel,29.469523900013883,kernel,KernelExplainer,"{""float64"": 36}",ok,200,[],,P(class = 1),"[200, 36]",0.0,ok,,44.847104,200,39.81962690001819,300.0,XGBoost,XGBClassifier
adult,1,no_cast,0.3395493000280112,tree,TreeExplainer,"{""float64"": 36}",ok,200,[],,log-odds of class 1,"[200, 36]",0.0,ok,,19.238912,0,10.409909299982246,300.0,XGBoost,XGBClassifier
adult,1,full,0.04470709996530786,tree,TreeExplainer,"{""float64"": 36}",ok,200,[],,log-odds of class 1,"[200, 36]",0.0,ok,,0.032768,0,9.875032600015402,300.0,Gradient Boosting,GradientBoostingClassifier
adult,1,forced_tree,0.056249800021760166,tree,TreeExplainer,"{""float64"": 36}",ok,200,[],,log-odds of class 1,"[200, 36]",0.0,ok,,14.86848,0,11.06536499998765,300.0,Gradient Boosting,GradientBoostingClassifier
adult,1,forced_kernel,19.769063199986704,kernel,KernelExplainer,"{""float64"": 36}",ok,200,[],,P(class = 1),"[200, 36]",0.0,ok,,44.417024,200,30.655454499996267,300.0,Gradient Boosting,GradientBoostingClassifier
adult,1,no_cast,0.03373929997906089,tree,TreeExplainer,"{""float64"": 36}",ok,200,[],,log-odds of class 1,"[200, 36]",0.0,ok,,0.032768,0,9.58508140000049,300.0,Gradient Boosting,GradientBoostingClassifier
adult,1,full,0.014606699987780303,linear,LinearExplainer,"{""float64"": 36}",ok,200,[],,log-odds of class 1,"[200, 36]",0.0,ok,,0.036864,0,8.593430900014937,300.0,Logistic Regression,LogisticRegression
adult,1,forced_tree,16.6451509000035,tree,KernelExplainer,"{""float64"": 36}",ok,200,"[""TreeExplainer rejected LogisticRegression (InvalidModelError); using KernelExplainer instead""]",,P(class = 1),"[200, 36]",0.0,ok,TreeExplainer rejected LogisticRegression (InvalidModelError); using KernelExplainer instead,44.40064,200,25.190262800024357,300.0,Logistic Regression,LogisticRegression
adult,1,forced_kernel,21.735474799992517,kernel,KernelExplainer,"{""float64"": 36}",ok,200,[],,P(class = 1),"[200, 36]",0.0,ok,,44.437504,200,32.9980906000128,300.0,Logistic Regression,LogisticRegression
adult,1,no_cast,0.020159100007731467,linear,LinearExplainer,"{""float64"": 36}",ok,200,[],,log-odds of class 1,"[200, 36]",0.0,ok,,0.032768,0,11.349780899996404,300.0,Logistic Regression,LogisticRegression
adult,1,full,128.37939269997878,kernel,KernelExplainer,"{""float64"": 36}",budget_exceeded,6,[],,decision function (positive = class 1),"[6, 36]",0.0,budget_exceeded,,44.261376,6,139.53305299999192,300.0,SVM,SVC
adult,1,forced_tree,135.530283900036,tree,KernelExplainer,"{""float64"": 36}",budget_exceeded,6,"[""TreeExplainer rejected SVC (InvalidModelError); using KernelExplainer instead""]",,decision function (positive = class 1),"[6, 36]",0.0,budget_exceeded,TreeExplainer rejected SVC (InvalidModelError); using KernelExplainer instead,43.716608,6,145.39576229994418,300.0,SVM,SVC
adult,1,forced_kernel,127.588780399994,kernel,KernelExplainer,"{""float64"": 36}",budget_exceeded,6,[],,decision function (positive = class 1),"[6, 36]",0.0,budget_exceeded,,43.577344,6,138.20189849997405,300.0,SVM,SVC
adult,1,no_cast,170.51057609997224,kernel,KernelExplainer,"{""float64"": 36}",budget_exceeded,6,[],,decision function (positive = class 1),"[6, 36]",0.0,budget_exceeded,,43.008,6,188.87135980004678,300.0,SVM,SVC
adult,1,full,123.75045629998203,kernel,KernelExplainer,"{""float64"": 36}",budget_exceeded,40,[],,P(class = 1),"[40, 36]",0.0,budget_exceeded,,43.503616,40,134.34816510003293,300.0,KNN,KNeighborsClassifier
adult,1,forced_tree,122.23013570002513,tree,KernelExplainer,"{""float64"": 36}",budget_exceeded,42,"[""TreeExplainer rejected KNeighborsClassifier (InvalidModelError); using KernelExplainer instead""]",,P(class = 1),"[42, 36]",0.0,budget_exceeded,TreeExplainer rejected KNeighborsClassifier (InvalidModelError); using KernelExplainer instead,44.691456,42,133.4842847000109,300.0,KNN,KNeighborsClassifier
adult,1,forced_kernel,122.39270630001556,kernel,KernelExplainer,"{""float64"": 36}",budget_exceeded,49,[],,P(class = 1),"[49, 36]",0.0,budget_exceeded,,44.429312,49,134.4466575999977,300.0,KNN,KNeighborsClassifier
adult,1,no_cast,121.6944092999911,kernel,KernelExplainer,"{""float64"": 36}",budget_exceeded,58,[],,P(class = 1),"[58, 36]",0.0,budget_exceeded,,43.425792,58,129.56944640004076,300.0,KNN,KNeighborsClassifier
adult,2,full,121.93980200000806,tree,TreeExplainer,"{""float64"": 36}",budget_exceeded,150,[],,P(class = 1),"[150, 36]",0.0,budget_exceeded,,123.998208,0,132.22162719996413,300.0,Random Forest,RandomForestClassifier
adult,2,forced_tree,126.41023290000157,tree,TreeExplainer,"{""float64"": 36}",budget_exceeded,170,[],,P(class = 1),"[170, 36]",0.0,budget_exceeded,,123.219968,0,135.17907679994823,300.0,Random Forest,RandomForestClassifier
adult,2,forced_kernel,37.14345920004416,kernel,KernelExplainer,"{""float64"": 36}",ok,200,[],,P(class = 1),"[200, 36]",0.0,ok,,48.623616,200,48.10718320001615,300.0,Random Forest,RandomForestClassifier
adult,2,no_cast,120.53626319998875,tree,TreeExplainer,"{""float64"": 36}",budget_exceeded,150,[],,P(class = 1),"[150, 36]",0.0,budget_exceeded,,122.90048,0,129.70130039996002,300.0,Random Forest,RandomForestClassifier
adult,2,full,0.2254572000238113,tree,TreeExplainer,"{""float64"": 36}",ok,200,[],,log-odds of class 1,"[200, 36]",0.0,ok,,19.173376,0,8.229101700009778,300.0,XGBoost,XGBClassifier
adult,2,forced_tree,0.22744290000991896,tree,TreeExplainer,"{""float64"": 36}",ok,200,[],,log-odds of class 1,"[200, 36]",0.0,ok,,18.956288,0,8.268562200013548,300.0,XGBoost,XGBClassifier
adult,2,forced_kernel,20.41979909996735,kernel,KernelExplainer,"{""float64"": 36}",ok,200,[],,P(class = 1),"[200, 36]",0.0,ok,,44.498944,200,28.553652599977795,300.0,XGBoost,XGBClassifier
adult,2,no_cast,0.22149460000218824,tree,TreeExplainer,"{""float64"": 36}",ok,200,[],,log-odds of class 1,"[200, 36]",0.0,ok,,18.817024,0,8.021119900047779,300.0,XGBoost,XGBClassifier
adult,2,full,0.026788299961481243,tree,TreeExplainer,"{""float64"": 36}",ok,200,[],,log-odds of class 1,"[200, 36]",0.0,ok,,0.036864,0,7.777997699973639,300.0,Gradient Boosting,GradientBoostingClassifier
adult,2,forced_tree,0.03300519997719675,tree,TreeExplainer,"{""float64"": 36}",ok,200,[],,log-odds of class 1,"[200, 36]",0.0,ok,,0.065536,0,8.16515299997991,300.0,Gradient Boosting,GradientBoostingClassifier
adult,2,forced_kernel,16.21894519997295,kernel,KernelExplainer,"{""float64"": 36}",ok,200,[],,P(class = 1),"[200, 36]",0.0,ok,,44.675072,200,24.347522799973376,300.0,Gradient Boosting,GradientBoostingClassifier
adult,2,no_cast,0.026383799966424704,tree,TreeExplainer,"{""float64"": 36}",ok,200,[],,log-odds of class 1,"[200, 36]",0.0,ok,,0.032768,0,7.816259199986234,300.0,Gradient Boosting,GradientBoostingClassifier
adult,2,full,0.01460120000410825,linear,LinearExplainer,"{""float64"": 36}",ok,200,[],,log-odds of class 1,"[200, 36]",0.0,ok,,0.032768,0,7.765846700000111,300.0,Logistic Regression,LogisticRegression
adult,2,forced_tree,14.843992599984631,tree,KernelExplainer,"{""float64"": 36}",ok,200,"[""TreeExplainer rejected LogisticRegression (InvalidModelError); using KernelExplainer instead""]",,P(class = 1),"[200, 36]",0.0,ok,TreeExplainer rejected LogisticRegression (InvalidModelError); using KernelExplainer instead,43.413504,200,22.67428460001247,300.0,Logistic Regression,LogisticRegression
adult,2,forced_kernel,14.555372900038492,kernel,KernelExplainer,"{""float64"": 36}",ok,200,[],,P(class = 1),"[200, 36]",0.0,ok,,43.405312,200,22.618845099990722,300.0,Logistic Regression,LogisticRegression
adult,2,no_cast,0.012120700033847243,linear,LinearExplainer,"{""float64"": 36}",ok,200,[],,log-odds of class 1,"[200, 36]",0.0,ok,,0.032768,0,7.766007500002161,300.0,Logistic Regression,LogisticRegression
adult,2,full,130.18232660001377,kernel,KernelExplainer,"{""float64"": 36}",budget_exceeded,8,[],,decision function (positive = class 1),"[8, 36]",0.0,budget_exceeded,,44.978176,8,138.02023309998913,300.0,SVM,SVC
adult,2,forced_tree,136.04037569998764,tree,KernelExplainer,"{""float64"": 36}",budget_exceeded,8,"[""TreeExplainer rejected SVC (InvalidModelError); using KernelExplainer instead""]",,decision function (positive = class 1),"[8, 36]",0.0,budget_exceeded,TreeExplainer rejected SVC (InvalidModelError); using KernelExplainer instead,43.696128,8,145.72526099998504,300.0,SVM,SVC
adult,2,forced_kernel,140.49523910001153,kernel,KernelExplainer,"{""float64"": 36}",budget_exceeded,6,[],,decision function (positive = class 1),"[6, 36]",0.0,budget_exceeded,,44.224512,6,153.06204240000807,300.0,SVM,SVC
adult,2,no_cast,150.1246802000096,kernel,KernelExplainer,"{""float64"": 36}",budget_exceeded,6,[],,decision function (positive = class 1),"[6, 36]",0.0,budget_exceeded,,48.328704,6,158.82299889996648,300.0,SVM,SVC
adult,2,full,123.36600029998226,kernel,KernelExplainer,"{""float64"": 36}",budget_exceeded,39,[],,P(class = 1),"[39, 36]",0.0,budget_exceeded,,44.838912,39,132.49136019998696,300.0,KNN,KNeighborsClassifier
adult,2,forced_tree,123.17626129998825,tree,KernelExplainer,"{""float64"": 36}",budget_exceeded,41,"[""TreeExplainer rejected KNeighborsClassifier (InvalidModelError); using KernelExplainer instead""]",,P(class = 1),"[41, 36]",0.0,budget_exceeded,TreeExplainer rejected KNeighborsClassifier (InvalidModelError); using KernelExplainer instead,43.921408,41,136.27236669999547,300.0,KNN,KNeighborsClassifier
adult,2,forced_kernel,123.16009610000765,kernel,KernelExplainer,"{""float64"": 36}",budget_exceeded,45,[],,P(class = 1),"[45, 36]",0.0,budget_exceeded,,45.068288,45,132.6363650999847,300.0,KNN,KNeighborsClassifier
adult,2,no_cast,122.949128200009,kernel,KernelExplainer,"{""float64"": 36}",budget_exceeded,55,[],,P(class = 1),"[55, 36]",0.0,budget_exceeded,,43.814912,55,133.90012480004225,300.0,KNN,KNeighborsClassifier
adult,3,full,124.70475490001263,tree,TreeExplainer,"{""float64"": 36}",budget_exceeded,170,[],,P(class = 1),"[170, 36]",0.0,budget_exceeded,,123.10528,0,132.45474730001297,300.0,Random Forest,RandomForestClassifier
adult,3,forced_tree,122.98625379998703,tree,TreeExplainer,"{""float64"": 36}",budget_exceeded,170,[],,P(class = 1),"[170, 36]",0.0,budget_exceeded,,123.265024,0,132.07103240001015,300.0,Random Forest,RandomForestClassifier
adult,3,forced_kernel,41.14646899997024,kernel,KernelExplainer,"{""float64"": 36}",ok,200,[],,P(class = 1),"[200, 36]",0.0,ok,,43.921408,200,50.89150980004342,300.0,Random Forest,RandomForestClassifier
adult,3,no_cast,122.85371840000153,tree,TreeExplainer,"{""float64"": 36}",budget_exceeded,160,[],,P(class = 1),"[160, 36]",0.0,budget_exceeded,,122.863616,0,133.2143871000153,300.0,Random Forest,RandomForestClassifier
adult,3,full,0.317102899949532,tree,TreeExplainer,"{""float64"": 36}",ok,200,[],,log-odds of class 1,"[200, 36]",0.0,ok,,19.050496,0,9.862728900043294,300.0,XGBoost,XGBClassifier
adult,3,forced_tree,0.31990160001441836,tree,TreeExplainer,"{""float64"": 36}",ok,200,[],,log-odds of class 1,"[200, 36]",0.0,ok,,18.968576,0,9.703669799957424,300.0,XGBoost,XGBClassifier
adult,3,forced_kernel,24.62485670001479,kernel,KernelExplainer,"{""float64"": 36}",ok,200,[],,P(class = 1),"[200, 36]",0.0,ok,,43.737088,200,33.94438800000353,300.0,XGBoost,XGBClassifier
adult,3,no_cast,0.30197600001702085,tree,TreeExplainer,"{""float64"": 36}",ok,200,[],,log-odds of class 1,"[200, 36]",0.0,ok,,19.238912,0,8.786629800044466,300.0,XGBoost,XGBClassifier
adult,3,full,0.039579000032972544,tree,TreeExplainer,"{""float64"": 36}",ok,200,[],,log-odds of class 1,"[200, 36]",0.0,ok,,0.032768,0,8.49321330001112,300.0,Gradient Boosting,GradientBoostingClassifier
adult,3,forced_tree,0.03673490002984181,tree,TreeExplainer,"{""float64"": 36}",ok,200,[],,log-odds of class 1,"[200, 36]",0.0,ok,,0.032768,0,8.55857469997136,300.0,Gradient Boosting,GradientBoostingClassifier
adult,3,forced_kernel,18.7564872999792,kernel,KernelExplainer,"{""float64"": 36}",ok,200,[],,P(class = 1),"[200, 36]",0.0,ok,,44.232704,200,27.253009399981238,300.0,Gradient Boosting,GradientBoostingClassifier
adult,3,no_cast,0.04079340002499521,tree,TreeExplainer,"{""float64"": 36}",ok,200,[],,log-odds of class 1,"[200, 36]",0.0,ok,,0.032768,0,9.091764999961015,300.0,Gradient Boosting,GradientBoostingClassifier
adult,3,full,0.02244770003017038,linear,LinearExplainer,"{""float64"": 36}",ok,200,[],,log-odds of class 1,"[200, 36]",0.0,ok,,0.032768,0,9.285019400005694,300.0,Logistic Regression,LogisticRegression
adult,3,forced_tree,18.346556500007864,tree,KernelExplainer,"{""float64"": 36}",ok,200,"[""TreeExplainer rejected LogisticRegression (InvalidModelError); using KernelExplainer instead""]",,P(class = 1),"[200, 36]",0.0,ok,TreeExplainer rejected LogisticRegression (InvalidModelError); using KernelExplainer instead,44.367872,200,27.475562700012233,300.0,Logistic Regression,LogisticRegression
adult,3,forced_kernel,18.40558439999586,kernel,KernelExplainer,"{""float64"": 36}",ok,200,[],,P(class = 1),"[200, 36]",0.0,ok,,45.064192,200,27.461893300001975,300.0,Logistic Regression,LogisticRegression
adult,3,no_cast,0.021220700000412762,linear,LinearExplainer,"{""float64"": 36}",ok,200,[],,log-odds of class 1,"[200, 36]",0.0,ok,,0.106496,0,9.158192300004885,300.0,Logistic Regression,LogisticRegression
adult,3,full,122.83119070000248,kernel,KernelExplainer,"{""float64"": 36}",budget_exceeded,6,[],,decision function (positive = class 1),"[6, 36]",0.0,budget_exceeded,,43.675648,6,131.9938175000134,300.0,SVM,SVC
adult,3,forced_tree,122.85993330000201,tree,KernelExplainer,"{""float64"": 36}",budget_exceeded,6,"[""TreeExplainer rejected SVC (InvalidModelError); using KernelExplainer instead""]",,decision function (positive = class 1),"[6, 36]",0.0,budget_exceeded,TreeExplainer rejected SVC (InvalidModelError); using KernelExplainer instead,44.601344,6,131.86031770001864,300.0,SVM,SVC
adult,3,forced_kernel,121.41223250003532,kernel,KernelExplainer,"{""float64"": 36}",budget_exceeded,6,[],,decision function (positive = class 1),"[6, 36]",0.0,budget_exceeded,,44.097536,6,130.32558180001797,300.0,SVM,SVC
adult,3,no_cast,149.7491004000185,kernel,KernelExplainer,"{""float64"": 36}",budget_exceeded,6,[],,decision function (positive = class 1),"[6, 36]",0.0,budget_exceeded,,48.132096,6,158.60128509998322,300.0,SVM,SVC
adult,3,full,122.72683639999013,kernel,KernelExplainer,"{""float64"": 36}",budget_exceeded,55,[],,P(class = 1),"[55, 36]",0.0,budget_exceeded,,44.81024,55,136.90442979999352,300.0,KNN,KNeighborsClassifier
adult,3,forced_tree,121.21921400004067,tree,KernelExplainer,"{""float64"": 36}",budget_exceeded,55,"[""TreeExplainer rejected KNeighborsClassifier (InvalidModelError); using KernelExplainer instead""]",,P(class = 1),"[55, 36]",0.0,budget_exceeded,TreeExplainer rejected KNeighborsClassifier (InvalidModelError); using KernelExplainer instead,43.954176,55,129.8194300000323,300.0,KNN,KNeighborsClassifier
adult,3,forced_kernel,122.90721190004842,kernel,KernelExplainer,"{""float64"": 36}",budget_exceeded,57,[],,P(class = 1),"[57, 36]",0.0,budget_exceeded,,44.531712,57,131.50116119999439,300.0,KNN,KNeighborsClassifier
adult,3,no_cast,123.03775260003749,kernel,KernelExplainer,"{""float64"": 36}",budget_exceeded,57,[],,P(class = 1),"[57, 36]",0.0,budget_exceeded,,44.068864,57,131.77811379998457,300.0,KNN,KNeighborsClassifier
adult,4,full,126.28567909996491,tree,TreeExplainer,"{""float64"": 36}",budget_exceeded,190,[],,P(class = 1),"[190, 36]",0.0,budget_exceeded,,122.88,0,135.21968290000223,300.0,Random Forest,RandomForestClassifier
adult,4,forced_tree,125.05457510001725,tree,TreeExplainer,"{""float64"": 36}",budget_exceeded,190,[],,P(class = 1),"[190, 36]",0.0,budget_exceeded,,123.650048,0,134.64114079996943,300.0,Random Forest,RandomForestClassifier
adult,4,forced_kernel,35.246971099986695,kernel,KernelExplainer,"{""float64"": 36}",ok,200,[],,P(class = 1),"[200, 36]",0.0,ok,,44.544,200,43.64445010002237,300.0,Random Forest,RandomForestClassifier
adult,4,no_cast,123.08769969997229,tree,TreeExplainer,"{""float64"": 36}",budget_exceeded,190,[],,P(class = 1),"[190, 36]",0.0,budget_exceeded,,123.568128,0,131.77043790003518,300.0,Random Forest,RandomForestClassifier
adult,4,full,0.2588507999898866,tree,TreeExplainer,"{""float64"": 36}",ok,200,[],,log-odds of class 1,"[200, 36]",0.0,ok,,18.706432,0,9.629317100043409,300.0,XGBoost,XGBClassifier
adult,4,forced_tree,0.3061352999648079,tree,TreeExplainer,"{""float64"": 36}",ok,200,[],,log-odds of class 1,"[200, 36]",0.0,ok,,18.935808,0,8.607470499991905,300.0,XGBoost,XGBClassifier
adult,4,forced_kernel,22.651892699999735,kernel,KernelExplainer,"{""float64"": 36}",ok,200,[],,P(class = 1),"[200, 36]",0.0,ok,,43.405312,200,31.24347400001716,300.0,XGBoost,XGBClassifier
adult,4,no_cast,0.28822519996901974,tree,TreeExplainer,"{""float64"": 36}",ok,200,[],,log-odds of class 1,"[200, 36]",0.0,ok,,19.267584,0,9.051129699975718,300.0,XGBoost,XGBClassifier
adult,4,full,0.04194570000981912,tree,TreeExplainer,"{""float64"": 36}",ok,200,[],,log-odds of class 1,"[200, 36]",0.0,ok,,0.065536,0,8.346128600009251,300.0,Gradient Boosting,GradientBoostingClassifier
adult,4,forced_tree,0.03420120000373572,tree,TreeExplainer,"{""float64"": 36}",ok,200,[],,log-odds of class 1,"[200, 36]",0.0,ok,,0.06144,0,8.447865399997681,300.0,Gradient Boosting,GradientBoostingClassifier
adult,4,forced_kernel,16.604312999988906,kernel,KernelExplainer,"{""float64"": 36}",ok,200,[],,P(class = 1),"[200, 36]",0.0,ok,,44.507136,200,24.87480610003695,300.0,Gradient Boosting,GradientBoostingClassifier
adult,4,no_cast,0.03193040000041947,tree,TreeExplainer,"{""float64"": 36}",ok,200,[],,log-odds of class 1,"[200, 36]",0.0,ok,,0.032768,0,8.159300600003917,300.0,Gradient Boosting,GradientBoostingClassifier
adult,4,full,0.014496200019493699,linear,LinearExplainer,"{""float64"": 36}",ok,200,[],,log-odds of class 1,"[200, 36]",0.0,ok,,0.06144,0,8.554733299999498,300.0,Logistic Regression,LogisticRegression
adult,4,forced_tree,15.229886300046928,tree,KernelExplainer,"{""float64"": 36}",ok,200,"[""TreeExplainer rejected LogisticRegression (InvalidModelError); using KernelExplainer instead""]",,P(class = 1),"[200, 36]",0.0,ok,TreeExplainer rejected LogisticRegression (InvalidModelError); using KernelExplainer instead,44.9536,200,23.8387214000104,300.0,Logistic Regression,LogisticRegression
adult,4,forced_kernel,15.451426799991168,kernel,KernelExplainer,"{""float64"": 36}",ok,200,[],,P(class = 1),"[200, 36]",0.0,ok,,48.668672,200,23.80256320000626,300.0,Logistic Regression,LogisticRegression
adult,4,no_cast,0.012534999987110496,linear,LinearExplainer,"{""float64"": 36}",ok,200,[],,log-odds of class 1,"[200, 36]",0.0,ok,,0.057344,0,8.433694000006653,300.0,Logistic Regression,LogisticRegression
adult,4,full,134.7423543999903,kernel,KernelExplainer,"{""float64"": 36}",budget_exceeded,8,[],,decision function (positive = class 1),"[8, 36]",0.0,budget_exceeded,,44.023808,8,143.22484660003101,300.0,SVM,SVC
adult,4,forced_tree,134.75002569996286,tree,KernelExplainer,"{""float64"": 36}",budget_exceeded,8,"[""TreeExplainer rejected SVC (InvalidModelError); using KernelExplainer instead""]",,decision function (positive = class 1),"[8, 36]",0.0,budget_exceeded,TreeExplainer rejected SVC (InvalidModelError); using KernelExplainer instead,46.211072,8,143.1469783000066,300.0,SVM,SVC
adult,4,forced_kernel,121.77872970001772,kernel,KernelExplainer,"{""float64"": 36}",budget_exceeded,7,[],,decision function (positive = class 1),"[7, 36]",0.0,budget_exceeded,,43.27424,7,130.24299429997336,300.0,SVM,SVC
adult,4,no_cast,137.67904710001312,kernel,KernelExplainer,"{""float64"": 36}",budget_exceeded,6,[],,decision function (positive = class 1),"[6, 36]",0.0,budget_exceeded,,43.19232,6,154.1561985000153,300.0,SVM,SVC
adult,4,full,122.46598929999163,kernel,KernelExplainer,"{""float64"": 36}",budget_exceeded,60,[],,P(class = 1),"[60, 36]",0.0,budget_exceeded,,44.855296,60,130.6681787999696,300.0,KNN,KNeighborsClassifier
adult,4,forced_tree,120.91373069997644,tree,KernelExplainer,"{""float64"": 36}",budget_exceeded,55,"[""TreeExplainer rejected KNeighborsClassifier (InvalidModelError); using KernelExplainer instead""]",,P(class = 1),"[55, 36]",0.0,budget_exceeded,TreeExplainer rejected KNeighborsClassifier (InvalidModelError); using KernelExplainer instead,45.01504,55,130.10249149997253,300.0,KNN,KNeighborsClassifier
adult,4,forced_kernel,120.93536659999518,kernel,KernelExplainer,"{""float64"": 36}",budget_exceeded,55,[],,P(class = 1),"[55, 36]",0.0,budget_exceeded,,44.273664,55,129.39284939999925,300.0,KNN,KNeighborsClassifier
adult,4,no_cast,122.72048830002313,kernel,KernelExplainer,"{""float64"": 36}",budget_exceeded,58,[],,P(class = 1),"[58, 36]",0.0,budget_exceeded,,43.720704,58,131.24242640001466,300.0,KNN,KNeighborsClassifier
credit,0,full,3.6703604999929667,tree,TreeExplainer,"{""float64"": 29}",ok,200,[],,P(class = 1),"[200, 29]",0.0,ok,,68.476928,0,21.248650999972597,300.0,Random Forest,RandomForestClassifier
credit,0,forced_tree,3.7404451000038534,tree,TreeExplainer,"{""float64"": 29}",ok,200,[],,P(class = 1),"[200, 29]",0.0,ok,,68.169728,0,20.546163099992555,300.0,Random Forest,RandomForestClassifier
credit,0,forced_kernel,99.3248877999722,kernel,KernelExplainer,"{""float64"": 29}",ok,200,[],,P(class = 1),"[200, 29]",0.0,ok,,192.610304,200,116.02354359999299,300.0,Random Forest,RandomForestClassifier
credit,0,no_cast,3.8130412999889813,tree,TreeExplainer,"{""float64"": 29}",ok,200,[],,P(class = 1),"[200, 29]",0.0,ok,,68.149248,0,20.008772299974225,300.0,Random Forest,RandomForestClassifier
credit,0,full,0.5673984000459313,tree,TreeExplainer,"{""float64"": 29}",ok,200,[],,log-odds of class 1,"[200, 29]",0.0,ok,,67.4816,0,19.010406899964437,300.0,XGBoost,XGBClassifier
credit,0,forced_tree,0.5068810000084341,tree,TreeExplainer,"{""float64"": 29}",ok,200,[],,log-odds of class 1,"[200, 29]",0.0,ok,,67.141632,0,17.613733500009403,300.0,XGBoost,XGBClassifier
credit,0,forced_kernel,88.4359077999834,kernel,KernelExplainer,"{""float64"": 29}",ok,200,[],,P(class = 1),"[200, 29]",0.0,ok,,218.300416,200,105.368459899968,300.0,XGBoost,XGBClassifier
credit,0,no_cast,0.5215937000466511,tree,TreeExplainer,"{""float64"": 29}",ok,200,[],,log-odds of class 1,"[200, 29]",0.0,ok,,67.567616,0,17.32330779999029,300.0,XGBoost,XGBClassifier
credit,0,full,0.1505458999890834,tree,TreeExplainer,"{""float64"": 29}",ok,200,[],,log-odds of class 1,"[200, 29]",0.0,ok,,64.745472,0,16.98347780003678,300.0,Gradient Boosting,GradientBoostingClassifier
credit,0,forced_tree,0.16901539999525994,tree,TreeExplainer,"{""float64"": 29}",ok,200,[],,log-odds of class 1,"[200, 29]",0.0,ok,,64.520192,0,17.218474799999967,300.0,Gradient Boosting,GradientBoostingClassifier
credit,0,forced_kernel,79.62078990001464,kernel,KernelExplainer,"{""float64"": 29}",ok,200,[],,P(class = 1),"[200, 29]",0.0,ok,,206.032896,200,96.42810659995303,300.0,Gradient Boosting,GradientBoostingClassifier
credit,0,no_cast,0.13085309998132288,tree,TreeExplainer,"{""float64"": 29}",ok,200,[],,log-odds of class 1,"[200, 29]",0.0,ok,,64.630784,0,16.899964199983515,300.0,Gradient Boosting,GradientBoostingClassifier
credit,0,full,0.11049720004666597,linear,LinearExplainer,"{""float64"": 29}",ok,200,[],,log-odds of class 1,"[200, 29]",0.0,ok,,65.585152,0,16.40992450003978,300.0,Logistic Regression,LogisticRegression
credit,0,forced_tree,78.03538369998569,tree,KernelExplainer,"{""float64"": 29}",ok,200,"[""TreeExplainer rejected LogisticRegression (InvalidModelError); using KernelExplainer instead""]",,P(class = 1),"[200, 29]",0.0,ok,TreeExplainer rejected LogisticRegression (InvalidModelError); using KernelExplainer instead,218.124288,200,94.18084029998863,300.0,Logistic Regression,LogisticRegression
credit,0,forced_kernel,76.99032219999935,kernel,KernelExplainer,"{""float64"": 29}",ok,200,[],,P(class = 1),"[200, 29]",0.0,ok,,218.484736,200,93.36972489999607,300.0,Logistic Regression,LogisticRegression
credit,0,no_cast,0.10102530004223809,linear,LinearExplainer,"{""float64"": 29}",ok,200,[],,log-odds of class 1,"[200, 29]",0.0,ok,,65.318912,0,16.090389099961612,300.0,Logistic Regression,LogisticRegression
credit,0,full,168.70840310002677,kernel,KernelExplainer,"{""float64"": 29}",budget_exceeded,29,[],,decision function (positive = class 1),"[29, 29]",0.0,budget_exceeded,,195.125248,29,184.97677629999816,300.0,SVM,SVC
credit,0,forced_tree,170.91121300001396,tree,KernelExplainer,"{""float64"": 29}",budget_exceeded,30,"[""TreeExplainer rejected SVC (InvalidModelError); using KernelExplainer instead""]",,decision function (positive = class 1),"[30, 29]",0.0,budget_exceeded,TreeExplainer rejected SVC (InvalidModelError); using KernelExplainer instead,218.005504,30,187.39128540002275,300.0,SVM,SVC
credit,0,forced_kernel,229.3588643000112,kernel,KernelExplainer,"{""float64"": 29}",budget_exceeded,29,[],,decision function (positive = class 1),"[29, 29]",0.0,budget_exceeded,,218.136576,29,245.664008199994,300.0,SVM,SVC
credit,0,no_cast,170.34335559996543,kernel,KernelExplainer,"{""float64"": 29}",budget_exceeded,30,[],,decision function (positive = class 1),"[30, 29]",0.0,budget_exceeded,,215.36768,30,186.68759750004392,300.0,SVM,SVC
credit,0,full,19355.715989599994,kernel,KernelExplainer,"{""float64"": 29}",budget_exceeded,10,[],,P(class = 1),"[10, 29]",0.0,budget_exceeded,,219.72992,10,19372.512286000012,300.0,KNN,KNeighborsClassifier
credit,0,forced_tree,147.1241650999873,tree,KernelExplainer,"{""float64"": 29}",budget_exceeded,11,"[""TreeExplainer rejected KNeighborsClassifier (InvalidModelError); using KernelExplainer instead""]",,P(class = 1),"[11, 29]",0.0,budget_exceeded,TreeExplainer rejected KNeighborsClassifier (InvalidModelError); using KernelExplainer instead,195.452928,11,159.5506870999816,300.0,KNN,KNeighborsClassifier
credit,0,forced_kernel,159.08621189999394,kernel,KernelExplainer,"{""float64"": 29}",budget_exceeded,11,[],,P(class = 1),"[11, 29]",0.0,budget_exceeded,,203.300864,11,170.38880620000418,300.0,KNN,KNeighborsClassifier
credit,0,no_cast,148.27368730003946,kernel,KernelExplainer,"{""float64"": 29}",budget_exceeded,10,[],,P(class = 1),"[10, 29]",0.0,budget_exceeded,,213.95456,10,158.54059490002692,300.0,KNN,KNeighborsClassifier
credit,1,full,2.3062025000108406,tree,TreeExplainer,"{""float64"": 29}",ok,200,[],,P(class = 1),"[200, 29]",0.0,ok,,68.030464,0,14.126587299979292,300.0,Random Forest,RandomForestClassifier
credit,1,forced_tree,1.6940759999561124,tree,TreeExplainer,"{""float64"": 29}",ok,200,[],,P(class = 1),"[200, 29]",0.0,ok,,68.100096,0,11.18515540001681,300.0,Random Forest,RandomForestClassifier
credit,1,forced_kernel,40.98583050002344,kernel,KernelExplainer,"{""float64"": 29}",ok,200,[],,P(class = 1),"[200, 29]",0.0,ok,,210.37056,200,49.21581749996403,300.0,Random Forest,RandomForestClassifier
credit,1,no_cast,1.4889727999689057,tree,TreeExplainer,"{""float64"": 29}",ok,200,[],,P(class = 1),"[200, 29]",0.0,ok,,67.95264,0,9.605991600023117,300.0,Random Forest,RandomForestClassifier
credit,1,full,0.22588230000110343,tree,TreeExplainer,"{""float64"": 29}",ok,200,[],,log-odds of class 1,"[200, 29]",0.0,ok,,67.616768,0,8.31566240004031,300.0,XGBoost,XGBClassifier
credit,1,forced_tree,0.37737390003167093,tree,TreeExplainer,"{""float64"": 29}",ok,200,[],,log-odds of class 1,"[200, 29]",0.0,ok,,67.334144,0,9.098771899996791,300.0,XGBoost,XGBClassifier
credit,1,forced_kernel,32.070452000014484,kernel,KernelExplainer,"{""float64"": 29}",ok,200,[],,P(class = 1),"[200, 29]",0.0,ok,,218.349568,200,41.38167389994487,300.0,XGBoost,XGBClassifier
credit,1,no_cast,0.3032394999754615,tree,TreeExplainer,"{""float64"": 29}",ok,200,[],,log-odds of class 1,"[200, 29]",0.0,ok,,67.149824,0,9.973543800006155,300.0,XGBoost,XGBClassifier
credit,1,full,0.11897539999336004,tree,TreeExplainer,"{""float64"": 29}",ok,200,"[""TreeExplainer additivity check failed (SHAP values do not sum to the model output); recomputed with check_additivity=False - treat these values with caution""]",,log-odds of class 1,"[200, 29]",0.0,ok,TreeExplainer additivity check failed (SHAP values do not sum to the model output); recomputed with check_additivity=False - treat these values with caution,64.483328,0,9.589489199977834,300.0,Gradient Boosting,GradientBoostingClassifier
credit,1,forced_tree,0.10940339998342097,tree,TreeExplainer,"{""float64"": 29}",ok,200,"[""TreeExplainer additivity check failed (SHAP values do not sum to the model output); recomputed with check_additivity=False - treat these values with caution""]",,log-odds of class 1,"[200, 29]",0.0,ok,TreeExplainer additivity check failed (SHAP values do not sum to the model output); recomputed with check_additivity=False - treat these values with caution,64.643072,0,10.223437200009357,300.0,Gradient Boosting,GradientBoostingClassifier
credit,1,forced_kernel,32.50340839999262,kernel,KernelExplainer,"{""float64"": 29}",ok,200,[],,P(class = 1),"[200, 29]",0.0,ok,,196.063232,200,41.65181430004304,300.0,Gradient Boosting,GradientBoostingClassifier
credit,1,no_cast,0.10455719998572022,tree,TreeExplainer,"{""float64"": 29}",ok,200,"[""TreeExplainer additivity check failed (SHAP values do not sum to the model output); recomputed with check_additivity=False - treat these values with caution""]",,log-odds of class 1,"[200, 29]",0.0,ok,TreeExplainer additivity check failed (SHAP values do not sum to the model output); recomputed with check_additivity=False - treat these values with caution,64.425984,0,11.024403300019912,300.0,Gradient Boosting,GradientBoostingClassifier
credit,1,full,0.08831690001534298,linear,LinearExplainer,"{""float64"": 29}",ok,200,[],,log-odds of class 1,"[200, 29]",0.0,ok,,40.665088,0,9.642244299990125,300.0,Logistic Regression,LogisticRegression
credit,1,forced_tree,29.901082399999723,tree,KernelExplainer,"{""float64"": 29}",ok,200,"[""TreeExplainer rejected LogisticRegression (InvalidModelError); using KernelExplainer instead""]",,P(class = 1),"[200, 29]",0.0,ok,TreeExplainer rejected LogisticRegression (InvalidModelError); using KernelExplainer instead,218.202112,200,38.878530899994075,300.0,Logistic Regression,LogisticRegression
credit,1,forced_kernel,27.127232200000435,kernel,KernelExplainer,"{""float64"": 29}",ok,200,[],,P(class = 1),"[200, 29]",0.0,ok,,194.49856,200,36.42453580000438,300.0,Logistic Regression,LogisticRegression
credit,1,no_cast,0.1292265999945812,linear,LinearExplainer,"{""float64"": 29}",ok,200,[],,log-odds of class 1,"[200, 29]",0.0,ok,,59.031552,0,9.326498000009451,300.0,Logistic Regression,LogisticRegression
credit,1,full,147.98910370003432,kernel,KernelExplainer,"{""float64"": 29}",budget_exceeded,48,[],,decision function (positive = class 1),"[48, 29]",0.0,budget_exceeded,,195.813376,48,157.9149419000023,300.0,SVM,SVC
credit,1,forced_tree,136.2058243000065,tree,KernelExplainer,"{""float64"": 29}",budget_exceeded,36,"[""TreeExplainer rejected SVC (InvalidModelError); using KernelExplainer instead""]",,decision function (positive = class 1),"[36, 29]",0.0,budget_exceeded,TreeExplainer rejected SVC (InvalidModelError); using KernelExplainer instead,195.674112,36,145.58888070000103,300.0,SVM,SVC
credit,1,forced_kernel,174.65764190000482,kernel,KernelExplainer,"{""float64"": 29}",budget_exceeded,64,[],,decision function (positive = class 1),"[64, 29]",0.0,budget_exceeded,,195.694592,64,185.11979729996528,300.0,SVM,SVC
credit,1,no_cast,134.17916339996736,kernel,KernelExplainer,"{""float64"": 29}",budget_exceeded,71,[],,decision function (positive = class 1),"[71, 29]",0.0,budget_exceeded,,196.513792,71,142.27424609998707,300.0,SVM,SVC
credit,1,full,135.359208400012,kernel,KernelExplainer,"{""float64"": 29}",budget_exceeded,14,[],,P(class = 1),"[14, 29]",0.0,budget_exceeded,,190.849024,14,144.651824200002,300.0,KNN,KNeighborsClassifier
credit,1,forced_tree,134.78302480001003,tree,KernelExplainer,"{""float64"": 29}",budget_exceeded,15,"[""TreeExplainer rejected KNeighborsClassifier (InvalidModelError); using KernelExplainer instead""]",,P(class = 1),"[15, 29]",0.0,budget_exceeded,TreeExplainer rejected KNeighborsClassifier (InvalidModelError); using KernelExplainer instead,193.18784,15,142.8152848999598,300.0,KNN,KNeighborsClassifier
credit,1,forced_kernel,136.0679141000146,kernel,KernelExplainer,"{""float64"": 29}",budget_exceeded,15,[],,P(class = 1),"[15, 29]",0.0,budget_exceeded,,219.717632,15,144.31578539998736,300.0,KNN,KNeighborsClassifier
credit,1,no_cast,136.56763450003928,kernel,KernelExplainer,"{""float64"": 29}",budget_exceeded,13,[],,P(class = 1),"[13, 29]",0.0,budget_exceeded,,210.026496,13,144.4577191999997,300.0,KNN,KNeighborsClassifier
credit,2,full,2.785102800000459,tree,TreeExplainer,"{""float64"": 29}",ok,200,[],,P(class = 1),"[200, 29]",0.0,ok,,68.206592,0,15.949316799989901,300.0,Random Forest,RandomForestClassifier
credit,2,forced_tree,2.09392100002151,tree,TreeExplainer,"{""float64"": 29}",ok,200,[],,P(class = 1),"[200, 29]",0.0,ok,,68.501504,0,11.560055700014345,300.0,Random Forest,RandomForestClassifier
credit,2,forced_kernel,53.47358409996377,kernel,KernelExplainer,"{""float64"": 29}",ok,200,[],,P(class = 1),"[200, 29]",0.0,ok,,206.651392,200,63.07811950001633,300.0,Random Forest,RandomForestClassifier
credit,2,no_cast,2.6303599999519065,tree,TreeExplainer,"{""float64"": 29}",ok,200,[],,P(class = 1),"[200, 29]",0.0,ok,,68.202496,0,12.932650400034618,300.0,Random Forest,RandomForestClassifier
credit,2,full,0.2158763000043109,tree,TreeExplainer,"{""float64"": 29}",ok,200,[],,log-odds of class 1,"[200, 29]",0.0,ok,,67.641344,0,9.073911900050007,300.0,XGBoost,XGBClassifier
credit,2,forced_tree,0.20685139996930957,tree,TreeExplainer,"{""float64"": 29}",ok,200,[],,log-odds of class 1,"[200, 29]",0.0,ok,,67.321856,0,7.777860199974384,300.0,XGBoost,XGBClassifier
credit,2,forced_kernel,38.72024080000119,kernel,KernelExplainer,"{""float64"": 29}",ok,200,[],,P(class = 1),"[200, 29]",0.0,ok,,196.616192,200,46.599733699986245,300.0,XGBoost,XGBClassifier
credit,2,no_cast,0.27761829999508336,tree,TreeExplainer,"{""float64"": 29}",ok,200,[],,log-odds of class 1,"[200, 29]",0.0,ok,,67.391488,0,9.346223799977452,300.0,XGBoost,XGBClassifier
credit,2,full,0.09743389999493957,tree,TreeExplainer,"{""float64"": 29}",ok,200,"[""TreeExplainer additivity check failed (SHAP values do not sum to the model output); recomputed with check_additivity=False - treat these values with caution""]",,log-odds of class 1,"[200, 29]",0.0,ok,TreeExplainer additivity check failed (SHAP values do not sum to the model output); recomputed with check_additivity=False - treat these values with caution,64.585728,0,8.990800300030969,300.0,Gradient Boosting,GradientBoostingClassifier
credit,2,forced_tree,0.09330589999444783,tree,TreeExplainer,"{""float64"": 29}",ok,200,"[""TreeExplainer additivity check failed (SHAP values do not sum to the model output); recomputed with check_additivity=False - treat these values with caution""]",,log-odds of class 1,"[200, 29]",0.0,ok,TreeExplainer additivity check failed (SHAP values do not sum to the model output); recomputed with check_additivity=False - treat these values with caution,46.567424,0,9.98507029999746,300.0,Gradient Boosting,GradientBoostingClassifier
credit,2,forced_kernel,36.53399080003146,kernel,KernelExplainer,"{""float64"": 29}",ok,200,[],,P(class = 1),"[200, 29]",0.0,ok,,192.466944,200,45.592636599962134,300.0,Gradient Boosting,GradientBoostingClassifier
credit,2,no_cast,0.08912980003515258,tree,TreeExplainer,"{""float64"": 29}",ok,200,"[""TreeExplainer additivity check failed (SHAP values do not sum to the model output); recomputed with check_additivity=False - treat these values with caution""]",,log-odds of class 1,"[200, 29]",0.0,ok,TreeExplainer additivity check failed (SHAP values do not sum to the model output); recomputed with check_additivity=False - treat these values with caution,42.541056,0,9.111855999974068,300.0,Gradient Boosting,GradientBoostingClassifier
credit,2,full,0.06152239994844422,linear,LinearExplainer,"{""float64"": 29}",ok,200,[],,log-odds of class 1,"[200, 29]",0.0,ok,,56.324096,0,8.074449499952607,300.0,Logistic Regression,LogisticRegression
credit,2,forced_tree,30.558301700046286,tree,KernelExplainer,"{""float64"": 29}",ok,200,"[""TreeExplainer rejected LogisticRegression (InvalidModelError); using KernelExplainer instead""]",,P(class = 1),"[200, 29]",0.0,ok,TreeExplainer rejected LogisticRegression (InvalidModelError); using KernelExplainer instead,197.443584,200,38.73913669999456,300.0,Logistic Regression,LogisticRegression
credit,2,forced_kernel,32.07657239999389,kernel,KernelExplainer,"{""float64"": 29}",ok,200,[],,P(class = 1),"[200, 29]",0.0,ok,,218.312704,200,40.419896900013555,300.0,Logistic Regression,LogisticRegression
credit,2,no_cast,0.0650014000129886,linear,LinearExplainer,"{""float64"": 29}",ok,200,[],,log-odds of class 1,"[200, 29]",0.0,ok,,54.054912,0,8.571980899956543,300.0,Logistic Regression,LogisticRegression
credit,2,full,143.29269650002243,kernel,KernelExplainer,"{""float64"": 29}",budget_exceeded,70,[],,decision function (positive = class 1),"[70, 29]",0.0,budget_exceeded,,196.825088,70,152.08245359995635,300.0,SVM,SVC
credit,2,forced_tree,138.28187190002063,tree,KernelExplainer,"{""float64"": 29}",budget_exceeded,75,"[""TreeExplainer rejected SVC (InvalidModelError); using KernelExplainer instead""]",,decision function (positive = class 1),"[75, 29]",0.0,budget_exceeded,TreeExplainer rejected SVC (InvalidModelError); using KernelExplainer instead,200.249344,75,146.49152509996202,300.0,SVM,SVC
credit,2,forced_kernel,138.41008960001636,kernel,KernelExplainer,"{""float64"": 29}",budget_exceeded,57,[],,decision function (positive = class 1),"[57, 29]",0.0,budget_exceeded,,194.494464,57,146.22758040000917,300.0,SVM,SVC
credit,2,no_cast,138.9620072999969,kernel,KernelExplainer,"{""float64"": 29}",budget_exceeded,48,[],,decision function (positive = class 1),"[48, 29]",0.0,budget_exceeded,,190.492672,48,147.07377540000016,300.0,SVM,SVC
credit,2,full,148.42921129998285,kernel,KernelExplainer,"{""float64"": 29}",budget_exceeded,13,[],,P(class = 1),"[13, 29]",0.0,budget_exceeded,,192.851968,13,158.11617300001672,300.0,KNN,KNeighborsClassifier
credit,2,forced_tree,145.8230024999939,tree,KernelExplainer,"{""float64"": 29}",budget_exceeded,10,"[""TreeExplainer rejected KNeighborsClassifier (InvalidModelError); using KernelExplainer instead""]",,P(class = 1),"[10, 29]",0.0,budget_exceeded,TreeExplainer rejected KNeighborsClassifier (InvalidModelError); using KernelExplainer instead,197.496832,10,157.73857079999289,300.0,KNN,KNeighborsClassifier
credit,2,forced_kernel,143.05654600000707,kernel,KernelExplainer,"{""float64"": 29}",budget_exceeded,10,[],,P(class = 1),"[10, 29]",0.0,budget_exceeded,,191.381504,10,154.80587619997095,300.0,KNN,KNeighborsClassifier
credit,2,no_cast,143.43450460000895,kernel,KernelExplainer,"{""float64"": 29}",budget_exceeded,10,[],,P(class = 1),"[10, 29]",0.0,budget_exceeded,,197.07904,10,154.9515097999829,300.0,KNN,KNeighborsClassifier
credit,3,full,1.9597805000375956,tree,TreeExplainer,"{""float64"": 29}",ok,200,[],,P(class = 1),"[200, 29]",0.0,ok,,68.124672,0,13.896601999993436,300.0,Random Forest,RandomForestClassifier
credit,3,forced_tree,2.21280590002425,tree,TreeExplainer,"{""float64"": 29}",ok,200,[],,P(class = 1),"[200, 29]",0.0,ok,,68.517888,0,13.293787900009193,300.0,Random Forest,RandomForestClassifier
credit,3,forced_kernel,52.703344199981075,kernel,KernelExplainer,"{""float64"": 29}",ok,200,[],,P(class = 1),"[200, 29]",0.0,ok,,218.271744,200,64.27485000004526,300.0,Random Forest,RandomForestClassifier
credit,3,no_cast,1.9861138999694958,tree,TreeExplainer,"{""float64"": 29}",ok,200,[],,P(class = 1),"[200, 29]",0.0,ok,,68.046848,0,13.514064599992707,300.0,Random Forest,RandomForestClassifier
credit,3,full,0.3275427999906242,tree,TreeExplainer,"{""float64"": 29}",ok,200,[],,log-odds of class 1,"[200, 29]",0.0,ok,,67.612672,0,11.198298099974636,300.0,XGBoost,XGBClassifier
credit,3,forced_tree,0.3339367000153288,tree,TreeExplainer,"{""float64"": 29}",ok,200,[],,log-odds of class 1,"[200, 29]",0.0,ok,,67.121152,0,11.408203799976036,300.0,XGBoost,XGBClassifier
credit,3,forced_kernel,42.6043049999862,kernel,KernelExplainer,"{""float64"": 29}",ok,200,[],,P(class = 1),"[200, 29]",0.0,ok,,217.038848,200,53.27046169998357,300.0,XGBoost,XGBClassifier
credit,3,no_cast,0.30034850002266467,tree,TreeExplainer,"{""float64"": 29}",ok,200,[],,log-odds of class 1,"[200, 29]",0.0,ok,,66.981888,0,11.018121099972632,300.0,XGBoost,XGBClassifier
credit,3,full,0.11452880001161247,tree,TreeExplainer,"{""float64"": 29}",ok,200,"[""TreeExplainer additivity check failed (SHAP values do not sum to the model output); recomputed with check_additivity=False - treat these values with caution""]",,log-odds of class 1,"[200, 29]",0.0,ok,TreeExplainer additivity check failed (SHAP values do not sum to the model output); recomputed with check_additivity=False - treat these values with caution,64.57344,0,10.73797860002378,300.0,Gradient Boosting,GradientBoostingClassifier
credit,3,forced_tree,0.11850119999144226,tree,TreeExplainer,"{""float64"": 29}",ok,200,"[""TreeExplainer additivity check failed (SHAP values do not sum to the model output); recomputed with check_additivity=False - treat these values with caution""]",,log-odds of class 1,"[200, 29]",0.0,ok,TreeExplainer additivity check failed (SHAP values do not sum to the model output); recomputed with check_additivity=False - treat these values with caution,64.45056,0,10.947443499986548,300.0,Gradient Boosting,GradientBoostingClassifier
credit,3,forced_kernel,38.409036799974274,kernel,KernelExplainer,"{""float64"": 29}",ok,200,[],,P(class = 1),"[200, 29]",0.0,ok,,194.482176,200,49.10115290002432,300.0,Gradient Boosting,GradientBoostingClassifier
credit,3,no_cast,0.10610649996669963,tree,TreeExplainer,"{""float64"": 29}",ok,200,"[""TreeExplainer additivity check failed (SHAP values do not sum to the model output); recomputed with check_additivity=False - treat these values with caution""]",,log-odds of class 1,"[200, 29]",0.0,ok,TreeExplainer additivity check failed (SHAP values do not sum to the model output); recomputed with check_additivity=False - treat these values with caution,64.397312,0,10.708512599987444,300.0,Gradient Boosting,GradientBoostingClassifier
credit,3,full,0.10935119999339804,linear,LinearExplainer,"{""float64"": 29}",ok,200,[],,log-odds of class 1,"[200, 29]",0.0,ok,,64.806912,0,10.801800500019453,300.0,Logistic Regression,LogisticRegression
credit,3,forced_tree,37.05504660005681,tree,KernelExplainer,"{""float64"": 29}",ok,200,"[""TreeExplainer rejected LogisticRegression (InvalidModelError); using KernelExplainer instead""]",,P(class = 1),"[200, 29]",0.0,ok,TreeExplainer rejected LogisticRegression (InvalidModelError); using KernelExplainer instead,218.177536,200,47.582583599956706,300.0,Logistic Regression,LogisticRegression
credit,3,forced_kernel,38.784534199978225,kernel,KernelExplainer,"{""float64"": 29}",ok,200,[],,P(class = 1),"[200, 29]",0.0,ok,,218.157056,200,49.611539000004996,300.0,Logistic Regression,LogisticRegression
credit,3,no_cast,0.11559649999253452,linear,LinearExplainer,"{""float64"": 29}",ok,200,[],,log-odds of class 1,"[200, 29]",0.0,ok,,63.705088,0,12.605585500015877,300.0,Logistic Regression,LogisticRegression
credit,3,full,154.74501969997073,kernel,KernelExplainer,"{""float64"": 29}",budget_exceeded,55,[],,decision function (positive = class 1),"[55, 29]",0.0,budget_exceeded,,196.93568,55,166.16368539998075,300.0,SVM,SVC
credit,3,forced_tree,137.58111179998377,tree,KernelExplainer,"{""float64"": 29}",budget_exceeded,65,"[""TreeExplainer rejected SVC (InvalidModelError); using KernelExplainer instead""]",,decision function (positive = class 1),"[65, 29]",0.0,budget_exceeded,TreeExplainer rejected SVC (InvalidModelError); using KernelExplainer instead,201.064448,65,146.40930960001424,300.0,SVM,SVC
credit,3,forced_kernel,157.43746810004814,kernel,KernelExplainer,"{""float64"": 29}",budget_exceeded,53,[],,decision function (positive = class 1),"[53, 29]",0.0,budget_exceeded,,193.150976,53,165.97433810000075,300.0,SVM,SVC
credit,3,no_cast,137.10018119995948,kernel,KernelExplainer,"{""float64"": 29}",budget_exceeded,43,[],,decision function (positive = class 1),"[43, 29]",0.0,budget_exceeded,,215.12192,43,146.0403088000021,300.0,SVM,SVC
credit,3,full,172.12337280000793,kernel,KernelExplainer,"{""float64"": 29}",budget_exceeded,6,[],,P(class = 1),"[6, 29]",0.0,budget_exceeded,,200.364032,6,189.05636049999157,300.0,KNN,KNeighborsClassifier
credit,3,forced_tree,155.6275191999739,tree,KernelExplainer,"{""float64"": 29}",budget_exceeded,9,"[""TreeExplainer rejected KNeighborsClassifier (InvalidModelError); using KernelExplainer instead""]",,P(class = 1),"[9, 29]",0.0,budget_exceeded,TreeExplainer rejected KNeighborsClassifier (InvalidModelError); using KernelExplainer instead,214.372352,9,174.92891449999297,300.0,KNN,KNeighborsClassifier
credit,3,forced_kernel,141.9045345999766,kernel,KernelExplainer,"{""float64"": 29}",budget_exceeded,11,[],,P(class = 1),"[11, 29]",0.0,budget_exceeded,,195.903488,11,149.33116030000383,300.0,KNN,KNeighborsClassifier
credit,3,no_cast,140.27047710004263,kernel,KernelExplainer,"{""float64"": 29}",budget_exceeded,9,[],,P(class = 1),"[9, 29]",0.0,budget_exceeded,,194.1504,9,151.47457309998572,300.0,KNN,KNeighborsClassifier
credit,4,full,1.4286980000324547,tree,TreeExplainer,"{""float64"": 29}",ok,200,[],,P(class = 1),"[200, 29]",0.0,ok,,68.112384,0,9.666911600041203,300.0,Random Forest,RandomForestClassifier
credit,4,forced_tree,1.6068075000075623,tree,TreeExplainer,"{""float64"": 29}",ok,200,[],,P(class = 1),"[200, 29]",0.0,ok,,67.981312,0,10.075402899994515,300.0,Random Forest,RandomForestClassifier
credit,4,forced_kernel,38.660997200000565,kernel,KernelExplainer,"{""float64"": 29}",ok,200,[],,P(class = 1),"[200, 29]",0.0,ok,,215.703552,200,47.079343000019435,300.0,Random Forest,RandomForestClassifier
credit,4,no_cast,1.5250991000211798,tree,TreeExplainer,"{""float64"": 29}",ok,200,[],,P(class = 1),"[200, 29]",0.0,ok,,68.247552,0,9.837649199995212,300.0,Random Forest,RandomForestClassifier
credit,4,full,0.23904730001231655,tree,TreeExplainer,"{""float64"": 29}",ok,200,[],,log-odds of class 1,"[200, 29]",0.0,ok,,67.321856,0,8.518057700013742,300.0,XGBoost,XGBClassifier
credit,4,forced_tree,0.21162990003358573,tree,TreeExplainer,"{""float64"": 29}",ok,200,[],,log-odds of class 1,"[200, 29]",0.0,ok,,67.108864,0,8.902434099989478,300.0,XGBoost,XGBClassifier
credit,4,forced_kernel,31.64192289998755,kernel,KernelExplainer,"{""float64"": 29}",ok,200,[],,P(class = 1),"[200, 29]",0.0,ok,,195.219456,200,39.9236143999733,300.0,XGBoost,XGBClassifier
credit,4,no_cast,0.2604863000451587,tree,TreeExplainer,"{""float64"": 29}",ok,200,[],,log-odds of class 1,"[200, 29]",0.0,ok,,67.223552,0,9.006113300041761,300.0,XGBoost,XGBClassifier
credit,4,full,0.0722241000039503,tree,TreeExplainer,"{""float64"": 29}",ok,200,"[""TreeExplainer additivity check failed (SHAP values do not sum to the model output); recomputed with check_additivity=False - treat these values with caution""]",,log-odds of class 1,"[200, 29]",0.0,ok,TreeExplainer additivity check failed (SHAP values do not sum to the model output); recomputed with check_additivity=False - treat these values with caution,60.506112,0,8.448825700033922,300.0,Gradient Boosting,GradientBoostingClassifier
credit,4,forced_tree,0.0779760999721475,tree,TreeExplainer,"{""float64"": 29}",ok,200,"[""TreeExplainer additivity check failed (SHAP values do not sum to the model output); recomputed with check_additivity=False - treat these values with caution""]",,log-odds of class 1,"[200, 29]",0.0,ok,TreeExplainer additivity check failed (SHAP values do not sum to the model output); recomputed with check_additivity=False - treat these values with caution,51.769344,0,8.669387799978722,300.0,Gradient Boosting,GradientBoostingClassifier
credit,4,forced_kernel,27.2033073999919,kernel,KernelExplainer,"{""float64"": 29}",ok,200,[],,P(class = 1),"[200, 29]",0.0,ok,,218.329088,200,35.33789099997375,300.0,Gradient Boosting,GradientBoostingClassifier
credit,4,no_cast,0.08250000001862645,tree,TreeExplainer,"{""float64"": 29}",ok,200,"[""TreeExplainer additivity check failed (SHAP values do not sum to the model output); recomputed with check_additivity=False - treat these values with caution""]",,log-odds of class 1,"[200, 29]",0.0,ok,TreeExplainer additivity check failed (SHAP values do not sum to the model output); recomputed with check_additivity=False - treat these values with caution,48.214016,0,8.32159889995819,300.0,Gradient Boosting,GradientBoostingClassifier
credit,4,full,0.06420969997998327,linear,LinearExplainer,"{""float64"": 29}",ok,200,[],,log-odds of class 1,"[200, 29]",0.0,ok,,53.649408,0,8.078665900044143,300.0,Logistic Regression,LogisticRegression
credit,4,forced_tree,26.705461899982765,tree,KernelExplainer,"{""float64"": 29}",ok,200,"[""TreeExplainer rejected LogisticRegression (InvalidModelError); using KernelExplainer instead""]",,P(class = 1),"[200, 29]",0.0,ok,TreeExplainer rejected LogisticRegression (InvalidModelError); using KernelExplainer instead,218.353664,200,35.099036399973556,300.0,Logistic Regression,LogisticRegression
credit,4,forced_kernel,27.709786700026598,kernel,KernelExplainer,"{""float64"": 29}",ok,200,[],,P(class = 1),"[200, 29]",0.0,ok,,217.051136,200,36.599303899973165,300.0,Logistic Regression,LogisticRegression
credit,4,no_cast,0.06946080003399402,linear,LinearExplainer,"{""float64"": 29}",ok,200,[],,log-odds of class 1,"[200, 29]",0.0,ok,,49.102848,0,8.837281700049061,300.0,Logistic Regression,LogisticRegression
credit,4,full,138.88797969999723,kernel,KernelExplainer,"{""float64"": 29}",budget_exceeded,38,[],,decision function (positive = class 1),"[38, 29]",0.0,budget_exceeded,,218.095616,38,147.65247719996842,300.0,SVM,SVC
credit,4,forced_tree,156.79635300004156,tree,KernelExplainer,"{""float64"": 29}",budget_exceeded,29,"[""TreeExplainer rejected SVC (InvalidModelError); using KernelExplainer instead""]",,decision function (positive = class 1),"[29, 29]",0.0,budget_exceeded,TreeExplainer rejected SVC (InvalidModelError); using KernelExplainer instead,218.025984,29,173.3134643000085,300.0,SVM,SVC
credit,4,forced_kernel,153.65493789996253,kernel,KernelExplainer,"{""float64"": 29}",budget_exceeded,48,[],,decision function (positive = class 1),"[48, 29]",0.0,budget_exceeded,,206.712832,48,170.65318580000894,300.0,SVM,SVC
credit,4,no_cast,164.19148519996088,kernel,KernelExplainer,"{""float64"": 29}",budget_exceeded,52,[],,decision function (positive = class 1),"[52, 29]",0.0,budget_exceeded,,195.661824,52,171.66234619996976,300.0,SVM,SVC
credit,4,full,149.25896429998102,kernel,KernelExplainer,"{""float64"": 29}",budget_exceeded,10,[],,P(class = 1),"[10, 29]",0.0,budget_exceeded,,197.414912,10,161.5543491000426,300.0,KNN,KNeighborsClassifier
credit,4,forced_tree,144.1263590999879,tree,KernelExplainer,"{""float64"": 29}",budget_exceeded,10,"[""TreeExplainer rejected KNeighborsClassifier (InvalidModelError); using KernelExplainer instead""]",,P(class = 1),"[10, 29]",0.0,budget_exceeded,TreeExplainer rejected KNeighborsClassifier (InvalidModelError); using KernelExplainer instead,195.612672,10,154.12882519996492,300.0,KNN,KNeighborsClassifier
credit,4,forced_kernel,145.72631030000048,kernel,KernelExplainer,"{""float64"": 29}",budget_exceeded,12,[],,P(class = 1),"[12, 29]",0.0,budget_exceeded,,197.369856,12,156.22058990004007,300.0,KNN,KNeighborsClassifier
credit,4,no_cast,137.75583030004054,kernel,KernelExplainer,"{""float64"": 29}",budget_exceeded,11,[],,P(class = 1),"[11, 29]",0.0,budget_exceeded,,194.547712,11,146.90602779999608,300.0,KNN,KNeighborsClassifier
california,0,full,125.50095109996619,tree,TreeExplainer,"{""float64"": 8}",budget_exceeded,170,[],,prediction,"[170, 8]",0.0,budget_exceeded,,153.157632,0,142.89274929999374,300.0,Random Forest,RandomForestRegressor
california,0,forced_tree,127.37494430004153,tree,TreeExplainer,"{""float64"": 8}",budget_exceeded,170,[],,prediction,"[170, 8]",0.0,budget_exceeded,,152.649728,0,144.7126126999501,300.0,Random Forest,RandomForestRegressor
california,0,forced_kernel,28.697804800001904,kernel,KernelExplainer,"{""float64"": 8}",ok,200,[],,prediction,"[200, 8]",0.0,ok,,7.524352,200,45.757306699990295,300.0,Random Forest,RandomForestRegressor
california,0,no_cast,125.88392630004091,tree,TreeExplainer,"{""float64"": 8}",budget_exceeded,170,[],,prediction,"[170, 8]",0.0,budget_exceeded,,153.563136,0,142.85259289998794,300.0,Random Forest,RandomForestRegressor
california,0,full,0.6838638000190258,tree,TreeExplainer,"{""float64"": 8}",ok,200,[],,prediction,"[200, 8]",0.0,ok,,8.564736,0,17.47584359999746,300.0,XGBoost,XGBRegressor
california,0,forced_tree,0.6940501000499353,tree,TreeExplainer,"{""float64"": 8}",ok,200,[],,prediction,"[200, 8]",0.0,ok,,7.790592,0,17.73725609999383,300.0,XGBoost,XGBRegressor
california,0,forced_kernel,16.706470699980855,kernel,KernelExplainer,"{""float64"": 8}",ok,200,[],,prediction,"[200, 8]",0.0,ok,,8.749056,200,33.24149220000254,300.0,XGBoost,XGBRegressor
california,0,no_cast,0.6864075000048615,tree,TreeExplainer,"{""float64"": 8}",ok,200,[],,prediction,"[200, 8]",0.0,ok,,7.835648,0,17.47663420002209,300.0,XGBoost,XGBRegressor
california,0,full,0.06333810003707185,tree,TreeExplainer,"{""float64"": 8}",ok,200,[],,prediction,"[200, 8]",0.0,ok,,0.032768,0,16.739538600028027,300.0,Gradient Boosting,GradientBoostingRegressor
california,0,forced_tree,0.05874609999591485,tree,TreeExplainer,"{""float64"": 8}",ok,200,[],,prediction,"[200, 8]",0.0,ok,,1.867776,0,16.979525200033095,300.0,Gradient Boosting,GradientBoostingRegressor
california,0,forced_kernel,13.252689800050575,kernel,KernelExplainer,"{""float64"": 8}",ok,200,[],,prediction,"[200, 8]",0.0,ok,,8.728576,200,29.66311459999997,300.0,Gradient Boosting,GradientBoostingRegressor
california,0,no_cast,0.05874059995403513,tree,TreeExplainer,"{""float64"": 8}",ok,200,[],,prediction,"[200, 8]",0.0,ok,,1.78176,0,16.931403299968224,300.0,Gradient Boosting,GradientBoostingRegressor
california,0,full,0.012768200016580522,linear,LinearExplainer,"{""float64"": 8}",ok,200,[],,prediction,"[200, 8]",0.0,ok,,0.049152,0,16.671438999997918,300.0,Ridge,Ridge
california,0,forced_tree,12.010128199995961,tree,KernelExplainer,"{""float64"": 8}",ok,200,"[""TreeExplainer rejected Ridge (InvalidModelError); using KernelExplainer instead""]",,prediction,"[200, 8]",0.0,ok,TreeExplainer rejected Ridge (InvalidModelError); using KernelExplainer instead,8.052736,200,28.58256559999427,300.0,Ridge,Ridge
california,0,forced_kernel,12.67505550000351,kernel,KernelExplainer,"{""float64"": 8}",ok,200,[],,prediction,"[200, 8]",0.0,ok,,8.609792,200,29.48678800003836,300.0,Ridge,Ridge
california,0,no_cast,0.011488099989946932,linear,LinearExplainer,"{""float64"": 8}",ok,200,[],,prediction,"[200, 8]",0.0,ok,,0.049152,0,17.060516000026837,300.0,Ridge,Ridge
california,0,full,128.93710540002212,kernel,KernelExplainer,"{""float64"": 8}",budget_exceeded,14,[],,prediction,"[14, 8]",0.0,budget_exceeded,,8.876032,14,145.62455970002338,300.0,SVM,SVR
california,0,forced_tree,129.33812900003977,tree,KernelExplainer,"{""float64"": 8}",budget_exceeded,16,"[""TreeExplainer rejected SVR (InvalidModelError); using KernelExplainer instead""]",,prediction,"[16, 8]",0.0,budget_exceeded,TreeExplainer rejected SVR (InvalidModelError); using KernelExplainer instead,8.114176,16,146.0897383999545,300.0,SVM,SVR
california,0,forced_kernel,122.9000115999952,kernel,KernelExplainer,"{""float64"": 8}",budget_exceeded,13,[],,prediction,"[13, 8]",0.0,budget_exceeded,,8.589312,13,138.57035150000593,300.0,SVM,SVR
california,0,no_cast,124.56616550002946,kernel,KernelExplainer,"{""float64"": 8}",budget_exceeded,15,[],,prediction,"[15, 8]",0.0,budget_exceeded,,8.466432,15,141.03650429996196,300.0,SVM,SVR
california,0,full,115.26067869999679,kernel,KernelExplainer,"{""float64"": 8}",ok,200,[],,prediction,"[200, 8]",0.0,ok,,8.605696,200,131.17489940003725,300.0,KNN,KNeighborsRegressor
california,0,forced_tree,112.4958287999616,tree,KernelExplainer,"{""float64"": 8}",ok,200,"[""TreeExplainer rejected KNeighborsRegressor (InvalidModelError); using KernelExplainer instead""]",,prediction,"[200, 8]",0.0,ok,TreeExplainer rejected KNeighborsRegressor (InvalidModelError); using KernelExplainer instead,8.646656,200,128.54167140001664,300.0,KNN,KNeighborsRegressor
california,0,forced_kernel,121.41066510003293,kernel,KernelExplainer,"{""float64"": 8}",ok,200,[],,prediction,"[200, 8]",0.0,ok,,8.593408,200,137.63522609998472,300.0,KNN,KNeighborsRegressor
california,0,no_cast,19290.278352100053,kernel,KernelExplainer,"{""float64"": 8}",budget_exceeded,192,[],,prediction,"[192, 8]",0.0,budget_exceeded,,8.658944,192,19306.53880500002,300.0,KNN,KNeighborsRegressor
california,1,full,86.71325100003742,tree,TreeExplainer,"{""float64"": 8}",ok,200,[],,prediction,"[200, 8]",0.0,ok,,152.92416,0,96.30910480004968,300.0,Random Forest,RandomForestRegressor
california,1,forced_tree,82.8336500999867,tree,TreeExplainer,"{""float64"": 8}",ok,200,[],,prediction,"[200, 8]",0.0,ok,,153.157632,0,95.38677410001401,300.0,Random Forest,RandomForestRegressor
california,1,forced_kernel,17.62418179999804,kernel,KernelExplainer,"{""float64"": 8}",ok,200,[],,prediction,"[200, 8]",0.0,ok,,7.839744,200,28.215841299970634,300.0,Random Forest,RandomForestRegressor
california,1,no_cast,74.81266309996136,tree,TreeExplainer,"{""float64"": 8}",ok,200,[],,prediction,"[200, 8]",0.0,ok,,153.690112,0,83.82939080003416,300.0,Random Forest,RandomForestRegressor
california,1,full,0.44427630002610385,tree,TreeExplainer,"{""float64"": 8}",ok,200,[],,prediction,"[200, 8]",0.0,ok,,7.725056,0,12.306317900016438,300.0,XGBoost,XGBRegressor
california,1,forced_tree,0.40943269996205345,tree,TreeExplainer,"{""float64"": 8}",ok,200,[],,prediction,"[200, 8]",0.0,ok,,7.909376,0,11.045510799973272,300.0,XGBoost,XGBRegressor
california,1,forced_kernel,9.245883600029629,kernel,KernelExplainer,"{""float64"": 8}",ok,200,[],,prediction,"[200, 8]",0.0,ok,,8.871936,200,21.165938000020105,300.0,XGBoost,XGBRegressor
california,1,no_cast,0.4157416000380181,tree,TreeExplainer,"{""float64"": 8}",ok,200,[],,prediction,"[200, 8]",0.0,ok,,8.658944,0,12.85609580000164,300.0,XGBoost,XGBRegressor
california,1,full,0.03434800001559779,tree,TreeExplainer,"{""float64"": 8}",ok,200,[],,prediction,"[200, 8]",0.0,ok,,0.032768,0,10.912403000053018,300.0,Gradient Boosting,GradientBoostingRegressor
california,1,forced_tree,0.037790500035043806,tree,TreeExplainer,"{""float64"": 8}",ok,200,[],,prediction,"[200, 8]",0.0,ok,,0.032768,0,11.669435499992687,300.0,Gradient Boosting,GradientBoostingRegressor
california,1,forced_kernel,6.891216100018937,kernel,KernelExplainer,"{""float64"": 8}",ok,200,[],,prediction,"[200, 8]",0.0,ok,,8.445952,200,16.340045000019018,300.0,Gradient Boosting,GradientBoostingRegressor
california,1,no_cast,0.022504699998535216,tree,TreeExplainer,"{""float64"": 8}",ok,200,[],,prediction,"[200, 8]",0.0,ok,,0.032768,0,9.781748400011566,300.0,Gradient Boosting,GradientBoostingRegressor
california,1,full,0.00834890000987798,linear,LinearExplainer,"{""float64"": 8}",ok,200,[],,prediction,"[200, 8]",0.0,ok,,0.032768,0,10.615379100025166,300.0,Ridge,Ridge
california,1,forced_tree,6.801973299996462,tree,KernelExplainer,"{""float64"": 8}",ok,200,"[""TreeExplainer rejected Ridge (InvalidModelError); using KernelExplainer instead""]",,prediction,"[200, 8]",0.0,ok,TreeExplainer rejected Ridge (InvalidModelError); using KernelExplainer instead,8.024064,200,18.43057339999359,300.0,Ridge,Ridge
california,1,forced_kernel,5.353245800011791,kernel,KernelExplainer,"{""float64"": 8}",ok,200,[],,prediction,"[200, 8]",0.0,ok,,8.024064,200,16.66016990004573,300.0,Ridge,Ridge
california,1,no_cast,0.009173900005407631,linear,LinearExplainer,"{""float64"": 8}",ok,200,[],,prediction,"[200, 8]",0.0,ok,,0.032768,0,11.318697399983648,300.0,Ridge,Ridge
california,1,full,123.37195360002806,kernel,KernelExplainer,"{""float64"": 8}",budget_exceeded,25,[],,prediction,"[25, 8]",0.0,budget_exceeded,,8.54016,25,135.44021570001496,300.0,SVM,SVR
california,1,forced_tree,125.18624930002261,tree,KernelExplainer,"{""float64"": 8}",budget_exceeded,29,"[""TreeExplainer rejected SVR (InvalidModelError); using KernelExplainer instead""]",,prediction,"[29, 8]",0.0,budget_exceeded,TreeExplainer rejected SVR (InvalidModelError); using KernelExplainer instead,8.17152,29,135.56198499997845,300.0,SVM,SVR
california,1,forced_kernel,123.13188200001605,kernel,KernelExplainer,"{""float64"": 8}",budget_exceeded,26,[],,prediction,"[26, 8]",0.0,budget_exceeded,,8.4992,26,138.383393600001,300.0,SVM,SVR
california,1,no_cast,123.93939909996698,kernel,KernelExplainer,"{""float64"": 8}",budget_exceeded,26,[],,prediction,"[26, 8]",0.0,budget_exceeded,,8.216576,26,134.18270950001897,300.0,SVM,SVR
california,1,full,72.56893549999222,kernel,KernelExplainer,"{""float64"": 8}",ok,200,[],,prediction,"[200, 8]",0.0,ok,,8.134656,200,83.16723799996544,300.0,KNN,KNeighborsRegressor
california,1,forced_tree,78.44669330003671,tree,KernelExplainer,"{""float64"": 8}",ok,200,"[""TreeExplainer rejected KNeighborsRegressor (InvalidModelError); using KernelExplainer instead""]",,prediction,"[200, 8]",0.0,ok,TreeExplainer rejected KNeighborsRegressor (InvalidModelError); using KernelExplainer instead,8.667136,200,87.64539379999042,300.0,KNN,KNeighborsRegressor
california,1,forced_kernel,54.88734560000012,kernel,KernelExplainer,"{""float64"": 8}",ok,200,[],,prediction,"[200, 8]",0.0,ok,,8.159232,200,67.18659659998957,300.0,KNN,KNeighborsRegressor
california,1,no_cast,59.98591139999917,kernel,KernelExplainer,"{""float64"": 8}",ok,200,[],,prediction,"[200, 8]",0.0,ok,,7.876608,200,72.1346333999536,300.0,KNN,KNeighborsRegressor
california,2,full,79.82154390000505,tree,TreeExplainer,"{""float64"": 8}",ok,200,[],,prediction,"[200, 8]",0.0,ok,,153.6,0,92.11237759998767,300.0,Random Forest,RandomForestRegressor
california,2,forced_tree,69.93368319998262,tree,TreeExplainer,"{""float64"": 8}",ok,200,[],,prediction,"[200, 8]",0.0,ok,,153.071616,0,80.16855409997515,300.0,Random Forest,RandomForestRegressor
california,2,forced_kernel,14.131505400000606,kernel,KernelExplainer,"{""float64"": 8}",ok,200,[],,prediction,"[200, 8]",0.0,ok,,7.716864,200,22.51112560002366,300.0,Random Forest,RandomForestRegressor
california,2,no_cast,70.08255389996339,tree,TreeExplainer,"{""float64"": 8}",ok,200,[],,prediction,"[200, 8]",0.0,ok,,152.956928,0,81.23982339998474,300.0,Random Forest,RandomForestRegressor
california,2,full,0.28395480004837736,tree,TreeExplainer,"{""float64"": 8}",ok,200,[],,prediction,"[200, 8]",0.0,ok,,8.364032,0,8.680994499998633,300.0,XGBoost,XGBRegressor
california,2,forced_tree,0.3375664000050165,tree,TreeExplainer,"{""float64"": 8}",ok,200,[],,prediction,"[200, 8]",0.0,ok,,8.0896,0,10.270032999978866,300.0,XGBoost,XGBRegressor
california,2,forced_kernel,10.360596700047608,kernel,KernelExplainer,"{""float64"": 8}",ok,200,[],,prediction,"[200, 8]",0.0,ok,,8.200192,200,19.210343199956696,300.0,XGBoost,XGBRegressor
california,2,no_cast,0.4042223000433296,tree,TreeExplainer,"{""float64"": 8}",ok,200,[],,prediction,"[200, 8]",0.0,ok,,8.187904,0,12.984251699992456,300.0,XGBoost,XGBRegressor
california,2,full,0.027160999947227538,tree,TreeExplainer,"{""float64"": 8}",ok,200,[],,prediction,"[200, 8]",0.0,ok,,0.032768,0,10.033933099999558,300.0,Gradient Boosting,GradientBoostingRegressor
california,2,forced_tree,0.03160699998261407,tree,TreeExplainer,"{""float64"": 8}",ok,200,[],,prediction,"[200, 8]",0.0,ok,,0.057344,0,8.584312499966472,300.0,Gradient Boosting,GradientBoostingRegressor
california,2,forced_kernel,7.434696000011172,kernel,KernelExplainer,"{""float64"": 8}",ok,200,[],,prediction,"[200, 8]",0.0,ok,,8.392704,200,18.101112699951045,300.0,Gradient Boosting,GradientBoostingRegressor
california,2,no_cast,0.025454399990849197,tree,TreeExplainer,"{""float64"": 8}",ok,200,[],,prediction,"[200, 8]",0.0,ok,,0.032768,0,10.390493700047955,300.0,Gradient Boosting,GradientBoostingRegressor
california,2,full,0.007666199991945177,linear,LinearExplainer,"{""float64"": 8}",ok,200,[],,prediction,"[200, 8]",0.0,ok,,0.032768,0,8.89034579996951,300.0,Ridge,Ridge
california,2,forced_tree,4.3510811000014655,tree,KernelExplainer,"{""float64"": 8}",ok,200,"[""TreeExplainer rejected Ridge (InvalidModelError); using KernelExplainer instead""]",,prediction,"[200, 8]",0.0,ok,TreeExplainer rejected Ridge (InvalidModelError); using KernelExplainer instead,8.175616,200,13.04285590001382,300.0,Ridge,Ridge
california,2,forced_kernel,4.711292799969669,kernel,KernelExplainer,"{""float64"": 8}",ok,200,[],,prediction,"[200, 8]",0.0,ok,,8.126464,200,12.463721100008115,300.0,Ridge,Ridge
california,2,no_cast,0.00518420001026243,linear,LinearExplainer,"{""float64"": 8}",ok,200,[],,prediction,"[200, 8]",0.0,ok,,0.053248,0,7.82864719995996,300.0,Ridge,Ridge
california,2,full,123.2006477000541,kernel,KernelExplainer,"{""float64"": 8}",budget_exceeded,37,[],,prediction,"[37, 8]",0.0,budget_exceeded,,8.003584,37,131.33830560004571,300.0,SVM,SVR
california,2,forced_tree,122.5488306999905,tree,KernelExplainer,"{""float64"": 8}",budget_exceeded,40,"[""TreeExplainer rejected SVR (InvalidModelError); using KernelExplainer instead""]",,prediction,"[40, 8]",0.0,budget_exceeded,TreeExplainer rejected SVR (InvalidModelError); using KernelExplainer instead,8.065024,40,130.37222419999307,300.0,SVM,SVR
california,2,forced_kernel,121.1637298000278,kernel,KernelExplainer,"{""float64"": 8}",budget_exceeded,36,[],,prediction,"[36, 8]",0.0,budget_exceeded,,8.175616,36,130.82410680002067,300.0,SVM,SVR
california,2,no_cast,123.78778379998403,kernel,KernelExplainer,"{""float64"": 8}",budget_exceeded,27,[],,prediction,"[27, 8]",0.0,budget_exceeded,,7.913472,27,134.56359770003473,300.0,SVM,SVR
california,2,full,69.7126248999848,kernel,KernelExplainer,"{""float64"": 8}",ok,200,[],,prediction,"[200, 8]",0.0,ok,,8.056832,200,80.80205679999199,300.0,KNN,KNeighborsRegressor
california,2,forced_tree,53.709461499995086,tree,KernelExplainer,"{""float64"": 8}",ok,200,"[""TreeExplainer rejected KNeighborsRegressor (InvalidModelError); using KernelExplainer instead""]",,prediction,"[200, 8]",0.0,ok,TreeExplainer rejected KNeighborsRegressor (InvalidModelError); using KernelExplainer instead,8.429568,200,64.54160429997137,300.0,KNN,KNeighborsRegressor
california,2,forced_kernel,56.600835699995514,kernel,KernelExplainer,"{""float64"": 8}",ok,200,[],,prediction,"[200, 8]",0.0,ok,,8.368128,200,66.17275069997413,300.0,KNN,KNeighborsRegressor
california,2,no_cast,81.7993011000217,kernel,KernelExplainer,"{""float64"": 8}",ok,200,[],,prediction,"[200, 8]",0.0,ok,,7.868416,200,90.51504240004579,300.0,KNN,KNeighborsRegressor
california,3,full,79.4660908000078,tree,TreeExplainer,"{""float64"": 8}",ok,200,[],,prediction,"[200, 8]",0.0,ok,,153.776128,0,89.25765469996259,300.0,Random Forest,RandomForestRegressor
california,3,forced_tree,74.24613889999455,tree,TreeExplainer,"{""float64"": 8}",ok,200,[],,prediction,"[200, 8]",0.0,ok,,153.034752,0,84.68960360001074,300.0,Random Forest,RandomForestRegressor
california,3,forced_kernel,14.54271529999096,kernel,KernelExplainer,"{""float64"": 8}",ok,200,[],,prediction,"[200, 8]",0.0,ok,,6.610944,200,24.054841200006194,300.0,Random Forest,RandomForestRegressor
california,3,no_cast,71.50580929999705,tree,TreeExplainer,"{""float64"": 8}",ok,200,[],,prediction,"[200, 8]",0.0,ok,,152.977408,0,81.0195358999772,300.0,Random Forest,RandomForestRegressor
california,3,full,0.291740300017409,tree,TreeExplainer,"{""float64"": 8}",ok,200,[],,prediction,"[200, 8]",0.0,ok,,8.003584,0,9.747505099978298,300.0,XGBoost,XGBRegressor
california,3,forced_tree,0.32639910001307726,tree,TreeExplainer,"{""float64"": 8}",ok,200,[],,prediction,"[200, 8]",0.0,ok,,7.745536,0,9.479528600000776,300.0,XGBoost,XGBRegressor
california,3,forced_kernel,8.1121664000093,kernel,KernelExplainer,"{""float64"": 8}",ok,200,[],,prediction,"[200, 8]",0.0,ok,,8.45824,200,17.374138899962418,300.0,XGBoost,XGBRegressor
california,3,no_cast,0.35063960001571104,tree,TreeExplainer,"{""float64"": 8}",ok,200,[],,prediction,"[200, 8]",0.0,ok,,8.220672,0,10.140164299984463,300.0,XGBoost,XGBRegressor
california,3,full,0.030598999990615994,tree,TreeExplainer,"{""float64"": 8}",ok,200,[],,prediction,"[200, 8]",0.0,ok,,0.045056,0,9.399266400025226,300.0,Gradient Boosting,GradientBoostingRegressor
california,3,forced_tree,0.03699170000618324,tree,TreeExplainer,"{""float64"": 8}",ok,200,[],,prediction,"[200, 8]",0.0,ok,,0.032768,0,9.455460400029551,300.0,Gradient Boosting,GradientBoostingRegressor
california,3,forced_kernel,6.602970799955074,kernel,KernelExplainer,"{""float64"": 8}",ok,200,[],,prediction,"[200, 8]",0.0,ok,,8.04864,200,16.096318700001575,300.0,Gradient Boosting,GradientBoostingRegressor
california,3,no_cast,0.028467199997976422,tree,TreeExplainer,"{""float64"": 8}",ok,200,[],,prediction,"[200, 8]",0.0,ok,,0.057344,0,9.184485499979928,300.0,Gradient Boosting,GradientBoostingRegressor
california,3,full,0.007263600011356175,linear,LinearExplainer,"{""float64"": 8}",ok,200,[],,prediction,"[200, 8]",0.0,ok,,0.032768,0,9.246145999990404,300.0,Ridge,Ridge
california,3,forced_tree,5.708389799983706,tree,KernelExplainer,"{""float64"": 8}",ok,200,"[""TreeExplainer rejected Ridge (InvalidModelError); using KernelExplainer instead""]",,prediction,"[200, 8]",0.0,ok,TreeExplainer rejected Ridge (InvalidModelError); using KernelExplainer instead,8.753152,200,14.972841500013601,300.0,Ridge,Ridge
california,3,forced_kernel,5.866476399998646,kernel,KernelExplainer,"{""float64"": 8}",ok,200,[],,prediction,"[200, 8]",0.0,ok,,8.019968,200,15.181752600008622,300.0,Ridge,Ridge
california,3,no_cast,0.005917499947827309,linear,LinearExplainer,"{""float64"": 8}",ok,200,[],,prediction,"[200, 8]",0.0,ok,,0.032768,0,9.822705600003246,300.0,Ridge,Ridge
california,3,full,122.5654663000023,kernel,KernelExplainer,"{""float64"": 8}",budget_exceeded,30,[],,prediction,"[30, 8]",0.0,budget_exceeded,,8.241152,30,132.93777020002017,300.0,SVM,SVR
california,3,forced_tree,121.61075640004128,tree,KernelExplainer,"{""float64"": 8}",budget_exceeded,30,"[""TreeExplainer rejected SVR (InvalidModelError); using KernelExplainer instead""]",,prediction,"[30, 8]",0.0,budget_exceeded,TreeExplainer rejected SVR (InvalidModelError); using KernelExplainer instead,8.331264,30,130.72952209995128,300.0,SVM,SVR
california,3,forced_kernel,122.17288059997372,kernel,KernelExplainer,"{""float64"": 8}",budget_exceeded,30,[],,prediction,"[30, 8]",0.0,budget_exceeded,,8.380416,30,131.25656040001195,300.0,SVM,SVR
california,3,no_cast,121.60312819998944,kernel,KernelExplainer,"{""float64"": 8}",budget_exceeded,32,[],,prediction,"[32, 8]",0.0,budget_exceeded,,8.339456,32,130.6528648000094,300.0,SVM,SVR
california,3,full,54.25533600000199,kernel,KernelExplainer,"{""float64"": 8}",ok,200,[],,prediction,"[200, 8]",0.0,ok,,8.085504,200,63.28852080000797,300.0,KNN,KNeighborsRegressor
california,3,forced_tree,52.92219159996603,tree,KernelExplainer,"{""float64"": 8}",ok,200,"[""TreeExplainer rejected KNeighborsRegressor (InvalidModelError); using KernelExplainer instead""]",,prediction,"[200, 8]",0.0,ok,TreeExplainer rejected KNeighborsRegressor (InvalidModelError); using KernelExplainer instead,8.224768,200,62.17547509999713,300.0,KNN,KNeighborsRegressor
california,3,forced_kernel,48.93355859996518,kernel,KernelExplainer,"{""float64"": 8}",ok,200,[],,prediction,"[200, 8]",0.0,ok,,8.052736,200,60.52369000000181,300.0,KNN,KNeighborsRegressor
california,3,no_cast,51.1677271000226,kernel,KernelExplainer,"{""float64"": 8}",ok,200,[],,prediction,"[200, 8]",0.0,ok,,7.970816,200,59.98888479999732,300.0,KNN,KNeighborsRegressor
california,4,full,62.54219160001958,tree,TreeExplainer,"{""float64"": 8}",ok,200,[],,prediction,"[200, 8]",0.0,ok,,153.84576,0,71.39719150000019,300.0,Random Forest,RandomForestRegressor
california,4,forced_tree,63.91122539999196,tree,TreeExplainer,"{""float64"": 8}",ok,200,[],,prediction,"[200, 8]",0.0,ok,,153.12896,0,72.20113350002794,300.0,Random Forest,RandomForestRegressor
california,4,forced_kernel,12.477430100028869,kernel,KernelExplainer,"{""float64"": 8}",ok,200,[],,prediction,"[200, 8]",0.0,ok,,7.880704,200,21.575031300017145,300.0,Random Forest,RandomForestRegressor
california,4,no_cast,62.38239199999953,tree,TreeExplainer,"{""float64"": 8}",ok,200,[],,prediction,"[200, 8]",0.0,ok,,153.464832,0,71.23821419995511,300.0,Random Forest,RandomForestRegressor
california,4,full,0.2819002000032924,tree,TreeExplainer,"{""float64"": 8}",ok,200,[],,prediction,"[200, 8]",0.0,ok,,7.753728,0,8.191031700000167,300.0,XGBoost,XGBRegressor
california,4,forced_tree,0.25990010000532493,tree,TreeExplainer,"{""float64"": 8}",ok,200,[],,prediction,"[200, 8]",0.0,ok,,7.7824,0,8.041850799985696,300.0,XGBoost,XGBRegressor
california,4,forced_kernel,6.56855710002128,kernel,KernelExplainer,"{""float64"": 8}",ok,200,[],,prediction,"[200, 8]",0.0,ok,,8.6016,200,14.397511999995913,300.0,XGBoost,XGBRegressor
california,4,no_cast,0.3113592999870889,tree,TreeExplainer,"{""float64"": 8}",ok,200,[],,prediction,"[200, 8]",0.0,ok,,7.819264,0,8.540327199967578,300.0,XGBoost,XGBRegressor
california,4,full,0.02085639996221289,tree,TreeExplainer,"{""float64"": 8}",ok,200,[],,prediction,"[200, 8]",0.0,ok,,0.032768,0,8.117613400041591,300.0,Gradient Boosting,GradientBoostingRegressor
california,4,forced_tree,0.026342199998907745,tree,TreeExplainer,"{""float64"": 8}",ok,200,[],,prediction,"[200, 8]",0.0,ok,,0.032768,0,7.829653499997221,300.0,Gradient Boosting,GradientBoostingRegressor
california,4,forced_kernel,5.898187400016468,kernel,KernelExplainer,"{""float64"": 8}",ok,200,[],,prediction,"[200, 8]",0.0,ok,,8.278016,200,14.060055400012061,300.0,Gradient Boosting,GradientBoostingRegressor
california,4,no_cast,0.02509979996830225,tree,TreeExplainer,"{""float64"": 8}",ok,200,[],,prediction,"[200, 8]",0.0,ok,,0.032768,0,8.419403100037016,300.0,Gradient Boosting,GradientBoostingRegressor
california,4,full,0.00609100004658103,linear,LinearExplainer,"{""float64"": 8}",ok,200,[],,prediction,"[200, 8]",0.0,ok,,0.032768,0,8.723264799977187,300.0,Ridge,Ridge
california,4,forced_tree,5.219633000029717,tree,KernelExplainer,"{""float64"": 8}",ok,200,"[""TreeExplainer rejected Ridge (InvalidModelError); using KernelExplainer instead""]",,prediction,"[200, 8]",0.0,ok,TreeExplainer rejected Ridge (InvalidModelError); using KernelExplainer instead,8.761344,200,13.950850999972317,300.0,Ridge,Ridge
california,4,forced_kernel,4.725555100012571,kernel,KernelExplainer,"{""float64"": 8}",ok,200,[],,prediction,"[200, 8]",0.0,ok,,8.667136,200,13.440268900012597,300.0,Ridge,Ridge
california,4,no_cast,0.005705200019292533,linear,LinearExplainer,"{""float64"": 8}",ok,200,[],,prediction,"[200, 8]",0.0,ok,,0.032768,0,8.715101599984337,300.0,Ridge,Ridge
california,4,full,123.39828960003797,kernel,KernelExplainer,"{""float64"": 8}",budget_exceeded,34,[],,prediction,"[34, 8]",0.0,budget_exceeded,,8.175616,34,131.7005925999838,300.0,SVM,SVR
california,4,forced_tree,123.39809090003837,tree,KernelExplainer,"{""float64"": 8}",budget_exceeded,37,"[""TreeExplainer rejected SVR (InvalidModelError); using KernelExplainer instead""]",,prediction,"[37, 8]",0.0,budget_exceeded,TreeExplainer rejected SVR (InvalidModelError); using KernelExplainer instead,8.740864,37,132.32906310004182,300.0,SVM,SVR
california,4,forced_kernel,123.78912410000339,kernel,KernelExplainer,"{""float64"": 8}",budget_exceeded,37,[],,prediction,"[37, 8]",0.0,budget_exceeded,,8.671232,37,132.26334489998408,300.0,SVM,SVR
california,4,no_cast,125.70851730002323,kernel,KernelExplainer,"{""float64"": 8}",budget_exceeded,32,[],,prediction,"[32, 8]",0.0,budget_exceeded,,7.811072,32,134.24052659998415,300.0,SVM,SVR
california,4,full,66.40612580004381,kernel,KernelExplainer,"{""float64"": 8}",ok,200,[],,prediction,"[200, 8]",0.0,ok,,8.126464,200,85.44461229996523,300.0,KNN,KNeighborsRegressor
california,4,forced_tree,54.752842399990186,tree,KernelExplainer,"{""float64"": 8}",ok,200,"[""TreeExplainer rejected KNeighborsRegressor (InvalidModelError); using KernelExplainer instead""]",,prediction,"[200, 8]",0.0,ok,TreeExplainer rejected KNeighborsRegressor (InvalidModelError); using KernelExplainer instead,8.695808,200,64.92322940001031,300.0,KNN,KNeighborsRegressor
california,4,forced_kernel,47.50745460001053,kernel,KernelExplainer,"{""float64"": 8}",ok,200,[],,prediction,"[200, 8]",0.0,ok,,8.146944,200,55.92045369994594,300.0,KNN,KNeighborsRegressor
california,4,no_cast,47.446829800028354,kernel,KernelExplainer,"{""float64"": 8}",ok,200,[],,prediction,"[200, 8]",0.0,ok,,8.065024,200,55.86004989995854,300.0,KNN,KNeighborsRegressor
