dataset,seed,Model,Time (s),Accuracy,F1 Score,Precision,Recall,MCC,Cohen Kappa,AUC-ROC,wall_s,RMSE,MAE,R²,MAPE (%)
adult,0,AdaBoost,1.2122,0.8376,0.6257,0.6977,0.5672,0.528,0.5234,0.8881,1.3008877229999598,,,,
adult,0,Decision Tree,0.2064,0.7809,0.5404,0.5427,0.5381,0.3966,0.3966,0.6978,0.24671076099980382,,,,
adult,0,Extra Trees,4.2817,0.8191,0.5942,0.6418,0.5531,0.4808,0.4786,0.8622,4.705185200999949,,,,
adult,0,Gradient Boosting,4.5191,0.8405,0.6313,0.707,0.5702,0.536,0.531,0.8927,4.585957751000024,,,,
adult,0,KNN,2.8745,0.8203,0.6062,0.6374,0.5779,0.4911,0.4901,0.8436,4.229872584000077,,,,
adult,0,Logistic Regression,0.25,0.8339,0.6078,0.6989,0.5377,0.5117,0.5047,0.8844,0.2984263800001372,,,,
adult,0,Random Forest,4.2536,0.8293,0.6135,0.6697,0.5659,0.5078,0.5049,0.8754,4.519838033000042,,,,
adult,0,SVM,35.2856,0.8388,0.6049,0.7319,0.5154,0.5197,0.5074,,35.32822172199985,,,,
adult,0,XGBoost,0.571,0.8358,0.6305,0.6835,0.5852,0.5284,0.5258,0.8879,0.7287627199998497,,,,
adult,1,AdaBoost,1.202,0.841,0.6307,0.7101,0.5672,0.5364,0.5309,0.8907,1.3058775119998245,,,,
adult,1,Decision Tree,0.1958,0.7749,0.5391,0.5286,0.5501,0.3904,0.3902,0.6977,0.23722672999974748,,,,
adult,1,Extra Trees,3.6596,0.8216,0.6019,0.646,0.5634,0.4895,0.4876,0.8629,4.017306012999143,,,,
adult,1,Gradient Boosting,4.929,0.8441,0.6366,0.7204,0.5702,0.545,0.5391,0.8946,5.010381748999862,,,,
adult,1,KNN,2.6299,0.8213,0.6061,0.6415,0.5745,0.4923,0.491,0.8421,4.004838400999688,,,,
adult,1,Logistic Regression,0.2096,0.8378,0.6151,0.7119,0.5415,0.5225,0.5147,0.8843,0.2512837860003856,,,,
adult,1,Random Forest,3.8377,0.8332,0.624,0.6775,0.5783,0.5204,0.5177,0.8757,4.147599387999435,,,,
adult,1,SVM,33.8636,0.8397,0.6086,0.7325,0.5205,0.5232,0.5114,,33.89952984200045,,,,
adult,1,XGBoost,0.4406,0.8388,0.6363,0.6918,0.589,0.5365,0.5336,0.8889,0.5076785479996033,,,,
adult,2,AdaBoost,1.2121,0.8401,0.6248,0.713,0.5561,0.5318,0.5252,0.8947,1.2920925119997264,,,,
adult,2,Decision Tree,0.1863,0.7829,0.5482,0.5463,0.5501,0.4054,0.4054,0.704,0.2386894300007043,,,,
adult,2,Extra Trees,3.788,0.817,0.5939,0.6334,0.5591,0.4779,0.4764,0.8638,4.148636541000087,,,,
adult,2,Gradient Boosting,4.2574,0.8459,0.6402,0.7256,0.5728,0.55,0.5438,0.8994,4.310546181000063,,,,
adult,2,KNN,2.7999,0.8191,0.6024,0.6358,0.5723,0.4869,0.4857,0.8427,4.115305100000114,,,,
adult,2,Logistic Regression,0.233,0.8332,0.6041,0.6993,0.5317,0.5084,0.5009,0.889,0.2710924270004398,,,,
adult,2,Random Forest,3.9909,0.8294,0.6141,0.6695,0.5672,0.5084,0.5056,0.8777,4.259396034000019,,,,
adult,2,SVM,34.1568,0.8359,0.599,0.7218,0.512,0.5113,0.4996,,34.202044034999744,,,,
adult,2,XGBoost,0.4708,0.8387,0.6317,0.6966,0.5779,0.5334,0.5296,0.8932,0.5335429609995117,,,,
adult,3,AdaBoost,1.2936,0.8428,0.6375,0.7115,0.5775,0.5433,0.5385,0.8969,1.3837090970000645,,,,
adult,3,Decision Tree,0.229,0.778,0.5376,0.5362,0.539,0.3915,0.3915,0.6966,0.2692776739995679,,,,
adult,3,Extra Trees,3.8094,0.8192,0.5943,0.6421,0.5531,0.481,0.4788,0.8629,4.147084406999966,,,,
adult,3,Gradient Boosting,4.2819,0.8489,0.6494,0.7307,0.5843,0.5603,0.5546,0.9004,4.332461402000263,,,,
adult,3,KNN,2.6501,0.8225,0.6083,0.6448,0.5758,0.4954,0.494,0.8448,4.108698190999348,,,,
adult,3,Logistic Regression,0.2906,0.8392,0.6174,0.7173,0.542,0.5263,0.5181,0.8935,0.3532490810002855,,,,
adult,3,Random Forest,4.0278,0.8289,0.6116,0.6696,0.5629,0.506,0.5029,0.8774,4.271039301000201,,,,
adult,3,SVM,34.5235,0.8398,0.6054,0.7378,0.5133,0.5221,0.5089,,34.556454352999936,,,,
adult,3,XGBoost,0.4669,0.8439,0.6517,0.6996,0.61,0.5539,0.5518,0.8967,0.533038953999494,,,,
adult,4,AdaBoost,1.3205,0.8385,0.6345,0.6923,0.5856,0.5348,0.5318,0.8929,1.3974901769997814,,,,
adult,4,Decision Tree,0.2007,0.773,0.5318,0.5253,0.5385,0.3821,0.382,0.6932,0.2223254749987973,,,,
adult,4,Extra Trees,3.7481,0.8185,0.5994,0.6355,0.5672,0.4839,0.4826,0.8633,4.0821953149988985,,,,
adult,4,Gradient Boosting,4.4932,0.8424,0.6386,0.7078,0.5818,0.5433,0.5391,0.8965,4.53755133300001,,,,
adult,4,KNN,2.6301,0.82,0.6054,0.6372,0.5766,0.4902,0.4892,0.8434,3.998415292999198,,,,
adult,4,Logistic Regression,0.2408,0.8348,0.6153,0.6953,0.5518,0.5174,0.5119,0.8861,0.27283182099927217,,,,
adult,4,Random Forest,3.8781,0.826,0.6109,0.6573,0.5706,0.5016,0.4996,0.8767,4.117339999998876,,,,
adult,4,SVM,34.1906,0.8354,0.6017,0.7152,0.5193,0.5114,0.5012,,34.22059994099982,,,,
adult,4,XGBoost,0.5207,0.837,0.6342,0.685,0.5903,0.5324,0.53,0.8917,0.5844280820001586,,,,
credit,0,AdaBoost,62.4873,0.9993,0.7657,0.8375,0.7053,0.7682,0.7653,0.9753,62.87602138400007,,,,
credit,0,Decision Tree,12.7632,0.9989,0.7041,0.6832,0.7263,0.7039,0.7036,0.8629,12.953991361999897,,,,
credit,0,Extra Trees,12.3633,0.9995,0.8372,0.9351,0.7579,0.8416,0.837,0.9346,12.949686844000098,,,,
credit,0,Gradient Boosting,327.0782,0.9985,0.2735,0.7273,0.1684,0.3495,0.273,0.3661,327.3125191370002,,,,
credit,0,KNN,85.0561,0.9994,0.7976,0.9178,0.7053,0.8043,0.7973,0.9104,128.65006918100016,,,,
credit,0,Logistic Regression,0.7537,0.9993,0.7933,0.8452,0.7474,0.7945,0.793,0.9665,0.9754768000002514,,,,
credit,0,Random Forest,126.2707,0.9995,0.8284,0.9459,0.7368,0.8346,0.8281,0.9348,126.78667071500013,,,,
credit,0,SVM,38.0672,0.9994,0.807,0.9079,0.7263,0.8118,0.8067,,38.23904933099993,,,,
credit,0,XGBoost,3.4379,0.9994,0.8182,0.8889,0.7579,0.8205,0.8179,0.9756,3.75468854599967,,,,
credit,1,AdaBoost,62.8585,0.9992,0.7458,0.8049,0.6947,0.7474,0.7454,0.959,63.25703588600004,,,,
credit,1,Decision Tree,12.9075,0.9991,0.7363,0.7701,0.7053,0.7365,0.7358,0.8524,13.090712865999876,,,,
credit,1,Extra Trees,12.2597,0.9995,0.8434,0.9859,0.7368,0.8521,0.8431,0.9453,12.894503132000182,,,,
credit,1,Gradient Boosting,330.8648,0.9982,0.1552,0.4286,0.0947,0.2009,0.1546,0.3016,331.0910614200002,,,,
credit,1,KNN,84.6378,0.9995,0.8471,0.96,0.7579,0.8528,0.8468,0.921,126.49976158200025,,,,
credit,1,Logistic Regression,0.4301,0.9993,0.7886,0.8625,0.7263,0.7912,0.7882,0.9823,0.6354893089996949,,,,
credit,1,Random Forest,122.2946,0.9995,0.8521,0.973,0.7579,0.8585,0.8518,0.9509,122.79723472900014,,,,
credit,1,SVM,37.7182,0.9995,0.8193,0.9577,0.7158,0.8277,0.819,,37.88720044299998,,,,
credit,1,XGBoost,3.6796,0.9996,0.8757,1.0,0.7789,0.8824,0.8756,0.9752,4.030820461000076,,,,
credit,2,AdaBoost,63.509,0.9991,0.7176,0.8133,0.6421,0.7222,0.7172,0.9764,63.928295097000046,,,,
credit,2,Decision Tree,11.9486,0.999,0.7327,0.6916,0.7789,0.7335,0.7322,0.8892,12.147833704999812,,,,
credit,2,Extra Trees,11.2749,0.9995,0.8488,0.9481,0.7684,0.8533,0.8486,0.9564,11.895243518999905,,,,
credit,2,Gradient Boosting,322.2258,0.9993,0.7872,0.7957,0.7789,0.7869,0.7869,0.9646,322.52878805299997,,,,
credit,2,KNN,86.2331,0.9995,0.8538,0.9605,0.7684,0.8589,0.8536,0.9367,130.18633395000006,,,,
credit,2,Logistic Regression,0.7185,0.9994,0.8045,0.8571,0.7579,0.8057,0.8042,0.9934,0.9156092009998247,,,,
credit,2,Random Forest,141.7799,0.9995,0.8353,0.9467,0.7474,0.8409,0.835,0.9564,142.28612385399992,,,,
credit,2,SVM,43.7575,0.9995,0.8555,0.9487,0.7789,0.8594,0.8553,,43.92825548399969,,,,
credit,2,XGBoost,3.6256,0.9996,0.8701,0.939,0.8105,0.8722,0.8698,0.9782,3.962034469000173,,,,
credit,3,AdaBoost,58.8773,0.9992,0.7381,0.8493,0.6526,0.7441,0.7377,0.9548,59.290178244000344,,,,
credit,3,Decision Tree,11.1497,0.9992,0.7582,0.7931,0.7263,0.7586,0.7578,0.863,11.347049512000012,,,,
credit,3,Extra Trees,12.0219,0.9995,0.8383,0.9722,0.7368,0.8462,0.8381,0.9397,12.650790370999857,,,,
credit,3,Gradient Boosting,323.6651,0.999,0.6174,0.8519,0.4842,0.6418,0.617,0.6345,323.89199212100084,,,,
credit,3,KNN,85.7256,0.9994,0.7976,0.9178,0.7053,0.8043,0.7973,0.8946,127.9999497660001,,,,
credit,3,Logistic Regression,0.7503,0.9994,0.8202,0.8795,0.7684,0.8218,0.8199,0.9618,0.9466417469993758,,,,
credit,3,Random Forest,128.3787,0.9995,0.8383,0.9722,0.7368,0.8462,0.8381,0.9294,128.89054933599982,,,,
credit,3,SVM,39.9565,0.9994,0.8024,0.9306,0.7053,0.8098,0.8021,,40.134860520000075,,,,
credit,3,XGBoost,3.6454,0.9995,0.8538,0.9605,0.7684,0.8589,0.8536,0.9639,3.979306607999206,,,,
credit,4,AdaBoost,61.766,0.9991,0.6988,0.8169,0.6105,0.7058,0.6984,0.9534,62.181701428999986,,,,
credit,4,Decision Tree,11.8332,0.9992,0.7609,0.7865,0.7368,0.7609,0.7605,0.8682,12.02009728900066,,,,
credit,4,Extra Trees,11.6651,0.9995,0.8439,0.9359,0.7684,0.8478,0.8437,0.9346,12.277220775999922,,,,
credit,4,Gradient Boosting,330.4412,0.9993,0.759,0.8873,0.6632,0.7668,0.7587,0.8769,330.67579127499994,,,,
credit,4,KNN,85.9411,0.9994,0.7976,0.9178,0.7053,0.8043,0.7973,0.9051,127.38478108199979,,,,
credit,4,Logistic Regression,0.6994,0.9994,0.8136,0.878,0.7579,0.8155,0.8133,0.961,0.8937568520004788,,,,
credit,4,Random Forest,127.2032,0.9995,0.8488,0.9481,0.7684,0.8533,0.8486,0.9244,127.69814346699968,,,,
credit,4,SVM,37.3235,0.9994,0.807,0.9079,0.7263,0.8118,0.8067,,37.51143210999999,,,,
credit,4,XGBoost,3.4799,0.9996,0.8621,0.9494,0.7895,0.8655,0.8619,0.955,3.7903342680001515,,,,
california,0,AdaBoost,1.043,,,,,,,,1.0457067019999613,0.953,0.8361,0.3035,63.3397
california,0,Decision Tree,0.1783,,,,,,,,0.17983441899991703,0.7249,0.4662,0.5971,25.4957
california,0,ElasticNet,0.0036,,,,,,,,0.004791200999989087,1.0195,0.8042,0.2028,54.7144
california,0,Extra Trees,4.3266,,,,,,,,4.328168158999915,0.5178,0.3445,0.7944,19.6172
california,0,Gradient Boosting,3.3788,,,,,,,,3.3801216519998434,0.5346,0.3708,0.7808,21.5821
california,0,KNN,0.0916,,,,,,,,0.09308055399992554,0.6078,0.4178,0.7167,23.6328
california,0,Lasso,0.0063,,,,,,,,0.007393203999981779,1.1421,0.9071,-0.0003,62.3468
california,0,Linear Regression,0.0032,,,,,,,,0.004846434000000954,0.686,0.5128,0.6391,31.3237
california,0,Random Forest,12.5809,,,,,,,,12.582477009000058,0.5099,0.3331,0.8006,19.0387
california,0,Ridge,0.005,,,,,,,,0.006281645999933971,0.686,0.5128,0.6391,31.3225
california,0,SVM,9.5357,,,,,,,,9.537324685000158,0.5481,0.3696,0.7696,20.0984
california,0,XGBoost,0.2148,,,,,,,,0.21637263299999177,0.4574,0.3031,0.8396,17.1971
california,1,AdaBoost,0.6174,,,,,,,,0.6200993760003257,0.8502,0.7317,0.4489,56.1886
california,1,Decision Tree,0.1573,,,,,,,,0.15878945199983718,0.7107,0.4459,0.6149,24.3178
california,1,ElasticNet,0.0044,,,,,,,,0.005697065999811457,1.0206,0.8055,0.206,56.6679
california,1,Extra Trees,3.8108,,,,,,,,3.812256275999971,0.5214,0.3438,0.7928,19.6435
california,1,Gradient Boosting,3.2563,,,,,,,,3.257800682999914,0.5369,0.3682,0.7802,21.4868
california,1,KNN,0.0882,,,,,,,,0.08965632800027379,0.6094,0.4157,0.7168,23.927
california,1,Lasso,0.0038,,,,,,,,0.004934917000355199,1.1461,0.9091,-0.0015,64.5934
california,1,Linear Regression,0.0032,,,,,,,,0.0042974340003638645,0.6763,0.5052,0.6513,31.0537
california,1,Random Forest,11.4911,,,,,,,,11.492527961000633,0.5014,0.3258,0.8083,18.6259
california,1,Ridge,0.0038,,,,,,,,0.0048361400004068855,0.6763,0.5052,0.6513,31.0521
california,1,SVM,8.1482,,,,,,,,8.150005888000123,0.5522,0.3664,0.7675,20.442
california,1,XGBoost,0.206,,,,,,,,0.20752759100014373,0.4739,0.308,0.8288,17.7608
california,2,AdaBoost,0.5834,,,,,,,,0.5864189940002689,0.7916,0.6545,0.5349,46.8344
california,2,Decision Tree,0.224,,,,,,,,0.22601191100056894,0.7176,0.456,0.6177,24.8067
california,2,ElasticNet,0.0059,,,,,,,,0.008079701000497153,1.0358,0.8076,0.2035,53.7978
california,2,Extra Trees,3.9798,,,,,,,,3.9814244109993524,0.5284,0.3529,0.7927,19.7819
california,2,Gradient Boosting,3.3528,,,,,,,,3.3544301669999186,0.5392,0.3688,0.7842,21.2211
california,2,KNN,0.0861,,,,,,,,0.08762634900085686,0.6221,0.4282,0.7127,24.2051
california,2,Lasso,0.0037,,,,,,,,0.004875981000623142,1.1607,0.9115,-0.0002,61.2446
california,2,Linear Regression,0.0031,,,,,,,,0.0041133229997285525,0.6946,0.5164,0.6418,31.0759
california,2,Random Forest,11.767,,,,,,,,11.768729485999756,0.5102,0.3335,0.8068,18.7382
california,2,Ridge,0.0037,,,,,,,,0.0050026919998344965,0.6946,0.5164,0.6418,31.0748
california,2,SVM,8.8211,,,,,,,,8.822792713999661,0.5532,0.3664,0.7728,19.9339
california,2,XGBoost,0.2132,,,,,,,,0.2148821520004276,0.4604,0.3052,0.8426,17.4383
california,3,AdaBoost,0.5451,,,,,,,,0.5479202939995957,0.7898,0.6618,0.5284,48.0952
california,3,Decision Tree,0.1749,,,,,,,,0.17659052700037137,0.695,0.4488,0.6348,24.5605
california,3,ElasticNet,0.0033,,,,,,,,0.004441385999598424,1.0238,0.8072,0.2074,53.9323
california,3,Extra Trees,3.8132,,,,,,,,3.8148693769999227,0.5111,0.3392,0.8025,18.8191
california,3,Gradient Boosting,3.382,,,,,,,,3.3834678869998243,0.5188,0.3588,0.7965,20.1051
california,3,KNN,0.0947,,,,,,,,0.09620638799970038,0.5937,0.4077,0.7335,22.3764
california,3,Lasso,0.0038,,,,,,,,0.004903492000266851,1.1501,0.9116,-0.0,61.4899
california,3,Linear Regression,0.0033,,,,,,,,0.004497078999520454,0.6685,0.5008,0.6621,30.0649
california,3,Random Forest,11.96,,,,,,,,11.961551416000475,0.4873,0.3173,0.8205,17.5578
california,3,Ridge,0.0043,,,,,,,,0.005756865999501315,0.6685,0.5008,0.6621,30.063
california,3,SVM,8.3354,,,,,,,,8.337203741999474,0.5382,0.3584,0.781,19.0446
california,3,XGBoost,0.2197,,,,,,,,0.22143836399936845,0.4604,0.3023,0.8398,16.715
california,4,AdaBoost,0.5948,,,,,,,,0.5975536919995648,0.809,0.6746,0.4969,48.3204
california,4,Decision Tree,0.171,,,,,,,,0.17251511099857453,0.7125,0.4553,0.6097,24.4477
california,4,ElasticNet,0.0034,,,,,,,,0.004558891001579468,1.0141,0.7978,0.2095,53.1747
california,4,Extra Trees,3.5805,,,,,,,,3.582318976999886,0.5173,0.3438,0.7943,18.814
california,4,Gradient Boosting,3.2376,,,,,,,,3.238936195999486,0.5301,0.369,0.784,20.702
california,4,KNN,0.0829,,,,,,,,0.08423369399861258,0.6115,0.4201,0.7125,23.1329
california,4,Lasso,0.0037,,,,,,,,0.004811918999621412,1.1406,0.9021,-0.0,60.7171
california,4,Linear Regression,0.003,,,,,,,,0.004051384999911534,0.6878,0.5108,0.6363,30.476
california,4,Random Forest,11.7069,,,,,,,,11.708418694999637,0.5036,0.3279,0.8051,18.1585
california,4,Ridge,0.0036,,,,,,,,0.0046354050009540515,0.6878,0.5108,0.6363,30.474
california,4,SVM,8.134,,,,,,,,8.135771597000712,0.5548,0.3681,0.7634,19.4752
california,4,XGBoost,0.2713,,,,,,,,0.27380591300061496,0.4491,0.2991,0.8449,16.4324
