dataset,model,n_seeds,errors,Accuracy_mean,Accuracy_std,F1 Score_mean,F1 Score_std,AUC-ROC_mean,AUC-ROC_std,MCC_mean,MCC_std,Time (s)_mean,Time (s)_std,wall_s_mean,wall_s_std,RMSE_mean,RMSE_std,MAE_mean,MAE_std,R²_mean,R²_std
adult,AdaBoost,5,0,0.8400000000000001,0.002053046516764767,0.63064,0.005487986880450755,0.89266,0.003421695486158883,0.53486,0.0057015787287381945,1.24808,0.05482250450316918,1.3360114041998714,0.0503122821378875,,,,,,
adult,Decision Tree,5,0,0.7779400000000001,0.0040930428778599495,0.53942,0.005906098543031594,0.69786,0.003906148998694211,0.39320000000000005,0.00857816996800599,0.20364,0.01598070711827234,0.24284601399972416,0.017201126299052544,,,,,,
adult,Extra Trees,5,0,0.8190799999999999,0.0016604216332004504,0.59674,0.003680081520836197,0.8630199999999999,0.0005890670590009361,0.48262,0.004392835075438185,3.85736,0.24404004384526726,4.220081495399609,0.2765361895934218,,,,,,
adult,Gradient Boosting,5,0,0.84436,0.0032323366161338893,0.63922,0.006606209200441653,0.89672,0.003218229326819313,0.54692,0.009007607895551403,4.49612,0.26962898026732973,4.555379683200044,0.2819200915489661,,,,,,
adult,KNN,5,0,0.82064,0.0013030732903409501,0.60568,0.0021300234740490157,0.84332,0.001018331969448089,0.49118000000000006,0.0030962881002904127,2.7169000000000003,0.11323895089588201,4.091425913799685,0.09511098850476551,,,,,,
adult,Logistic Regression,5,0,0.8357800000000001,0.0025946097972527316,0.6119399999999999,0.0056941197739422255,0.8874600000000001,0.003874661275518156,0.51726,0.007392766735126972,0.2448,0.02966041132553627,0.28937669900010404,0.03943569296970608,,,,,,
adult,Random Forest,5,0,0.82936,0.0025618352796384428,0.61482,0.0052978297443387065,0.8765799999999999,0.0010134100848126666,0.50884,0.0069891344242330655,3.99762,0.163049983134007,4.263042551199715,0.15856979687525685,,,,,,
adult,SVM,5,0,0.8379200000000001,0.0021158922467838415,0.60392,0.0036806249469349826,,,0.51754,0.005790768515490863,34.40402,0.5454764816195117,34.44136997859996,0.5475759030524314,,,,,,
adult,XGBoost,5,0,0.83884,0.0030924100633648198,0.6368799999999999,0.008583239481687533,0.89168,0.0035188066158855693,0.5369200000000001,0.009923557829730208,0.49400000000000005,0.05187990940624318,0.5774902529997235,0.08903994799460384,,,,,,
california,AdaBoost,5,0,,,,,,,,,0.67674,0.20641174385194264,0.6795398115999433,0.20635422512054286,0.83872,0.06835284924566055,0.71174,0.0758511898390526,0.46252000000000004,0.0951760053795073
california,Decision Tree,5,0,,,,,,,,,0.18109999999999998,0.025274196327479934,0.18274828399985382,0.025479861961158024,0.71214,0.011052284831653608,0.45443999999999996,0.007845571999542162,0.61484,0.01367216149699822
california,ElasticNet,5,0,,,,,,,,,0.00412,0.0010848963084092414,0.005513649000295118,0.0015166992578765585,1.0227600000000001,0.00808412023661204,0.80446,0.0039645932956610015,0.20583999999999997,0.002764597619907821
california,Extra Trees,5,0,,,,,,,,,3.90218,0.2765424777498025,3.9038074399998095,0.2764746102897067,0.5192,0.0063375862913257345,0.3448399999999999,0.004976243563170915,0.79534,0.004082033806817391
california,Gradient Boosting,5,0,,,,,,,,,3.3214999999999995,0.06930634891552144,3.3229513169997973,0.0693267014093407,0.5319200000000001,0.008068890877933586,0.36712,0.004750999894758999,0.78514,0.006604392477737811
california,KNN,5,0,,,,,,,,,0.0887,0.004611398920067534,0.09016066259987383,0.0046605422700866225,0.6089,0.010167349703831374,0.41790000000000005,0.007413163966890254,0.71844,0.00867110142946098
california,Lasso,5,0,,,,,,,,,0.00426,0.0011414902540100814,0.005383902600169676,0.001124146800823707,1.14792,0.008044376918071437,0.9082800000000001,0.0039258120179142385,-0.0004,0.0006284902544988267
california,Linear Regression,5,0,,,,,,,,,0.0031599999999999996,0.00011401754250991381,0.0043611309999050715,0.0003222613681918465,0.6826399999999999,0.010260263154519968,0.5092000000000001,0.006203224967708323,0.64612,0.010566077796420022
california,Random Forest,5,0,,,,,,,,,11.90118,0.4151486685514,11.902740913400113,0.4151790843816157,0.50248,0.009320783228892302,0.32752000000000003,0.006603938218972067,0.8082600000000001,0.007426506581159145
california,Ridge,5,0,,,,,,,,,0.00408,0.0005805170109479997,0.005302549800126144,0.0006923813187516516,0.6826399999999999,0.010260263154519968,0.5092000000000001,0.006203224967708323,0.64612,0.010566077796420022
california,SVM,5,0,,,,,,,,,8.59488,0.5948909622779625,8.596619725200025,0.5948154359627592,0.5493,0.006680568838055625,0.36578,0.004336127304404238,0.77086,0.006616494540162517
california,XGBoost,5,0,,,,,,,,,0.225,0.0263441644392074,0.2268053306001093,0.026741791673800006,0.4602399999999999,0.008927653667117692,0.30354,0.003320090360216128,0.8391400000000001,0.006178834841618611
credit,AdaBoost,5,0,0.99918,8.366600265339834e-05,0.7332,0.025815402379199923,0.9637800000000001,0.011216149071762554,0.73754,0.024098921137677518,61.899620000000006,1.8032744596982464,62.3066464080001,1.8008236952797878,,,,,,
credit,Decision Tree,5,0,0.99908,0.00013038404810403862,0.73844,0.022976466220896566,0.86714,0.01360286734479167,0.7386799999999999,0.02308553659761889,12.12044,0.7223184567765111,12.311936946800051,0.7179543554558259,,,,,,
credit,Extra Trees,5,0,0.9995,0.0,0.84232,0.004691161902983074,0.9421199999999998,0.009123979394978946,0.8482,0.004715400301140912,11.91698,0.4481565039135324,12.533488928399994,0.4445059496625978,,,,,,
credit,Gradient Boosting,5,0,0.99886,0.0004929503017546324,0.5184599999999999,0.28802475240853864,0.62874,0.2959809335075488,0.54918,0.26154291617247066,326.85501999999997,3.892110589641563,327.10003040120023,3.8712824779285424,,,,,,
credit,KNN,5,0,0.9994400000000001,5.4772255750571386e-05,0.81874,0.02904389781003921,0.91356,0.016061226603220572,0.82492,0.028317344508269122,85.51874,0.6560450236073735,128.14417911220008,1.3899566206779888,,,,,,
credit,Logistic Regression,5,0,0.9993599999999999,5.477225575051058e-05,0.80404,0.01328995861543596,0.9730000000000001,0.014268321555109398,0.8057399999999999,0.013142792701705364,0.6703999999999999,0.1362182072999054,0.8733947817999251,0.1365481063859176,,,,,,
credit,Random Forest,5,0,0.9995,0.0,0.8405799999999999,0.009768674423891888,0.93918,0.013848898873195663,0.8466999999999999,0.009527591510974853,129.18542,7.402363013051978,129.69174442019994,7.402845209119984,,,,,,
credit,SVM,5,0,0.9994400000000001,5.4772255750571386e-05,0.8182400000000001,0.021754378869551762,,,0.8240999999999999,0.021012615258458465,39.364580000000004,2.6555547889282938,39.54015957759994,2.6528264081406343,,,,,,
credit,XGBoost,5,0,0.99954,8.944271910002517e-05,0.8559800000000001,0.022681424117546048,0.96958,0.00983575111519197,0.8599,0.023676253926666682,3.5736800000000004,0.10757484371357459,3.9034368703998554,0.1228156519756043,,,,,,
