dataset,seed,model,n_requests,median_ms,p95_ms,model_only_median_ms,trained_models_pkl_mb,pipeline_pkl_mb,status_codes
adult,0,XGBoost,30,63.05978149975999,73.83515994979462,2.1120165001775604,110.314619,5.380463,"{""500"": 30}"
adult,0,Random Forest,30,61.9507440005691,113.01966380060547,3.8590775002376176,110.314619,5.380463,"{""500"": 30}"
adult,0,Logistic Regression,30,61.84095400021761,82.47953004974988,0.8512690001225565,110.314619,5.380463,"{""500"": 30}"
adult,1,XGBoost,30,98.48471850045826,122.10005240026472,1.9183135000275797,110.684143,5.380463,"{""500"": 30}"
adult,1,Random Forest,30,101.58295299970632,129.48975734966547,3.7641865001205588,110.684143,5.380463,"{""500"": 30}"
adult,1,Logistic Regression,30,69.36716949985566,86.12799909992644,0.736129499728122,110.684143,5.380463,"{""500"": 30}"
adult,2,XGBoost,30,68.70509649979795,89.83907859987994,2.198043499902269,111.117067,5.380463,"{""500"": 30}"
adult,2,Random Forest,30,89.70320349999383,676.8457013998158,4.352053000275191,111.117067,5.380463,"{""500"": 30}"
adult,2,Logistic Regression,30,65.27982750003503,78.13340345051073,1.2452235000637302,111.117067,5.380463,"{""500"": 30}"
adult,3,XGBoost,30,63.934735000202636,76.06492859972603,2.0345880002423655,111.048009,5.380463,"{""500"": 30}"
adult,3,Random Forest,30,179.55993850000596,676.5609051497904,3.924110000298242,111.048009,5.380463,"{""500"": 30}"
adult,3,Logistic Regression,30,58.40784349993555,62.02558219979437,0.8043544999054575,111.048009,5.380463,"{""500"": 30}"
adult,4,XGBoost,30,77.17177749964321,113.50937170009273,2.4271199999930104,110.861621,5.380463,"{""500"": 30}"
adult,4,Random Forest,30,112.59262200110243,644.6567977002813,4.062876500029233,110.861621,5.380463,"{""500"": 30}"
adult,4,Logistic Regression,30,62.20983449929918,78.74897984975176,0.8081545001914492,110.861621,5.380463,"{""500"": 30}"
credit,0,XGBoost,30,64.64031300038187,75.2387695987636,3.6067359997105086,2.945447,72.804078,"{""200"": 30}"
credit,0,Random Forest,30,67.95740200050204,77.41880084959121,3.7880855006733327,2.945447,72.804078,"{""200"": 30}"
credit,0,Logistic Regression,30,60.14319850055472,75.33529379943502,0.9135750005953014,2.945447,72.804078,"{""200"": 30}"
credit,1,XGBoost,30,47.234698500687955,68.43916319940035,2.3812839999663993,3.007328,72.804078,"{""200"": 30}"
credit,1,Random Forest,30,58.21418699997594,84.99104105048895,3.593379499761795,3.007328,72.804078,"{""200"": 30}"
credit,1,Logistic Regression,30,58.25646500034054,66.02004274936917,1.0140775002582814,3.007328,72.804078,"{""200"": 30}"
credit,2,XGBoost,30,76.0244650000459,94.15416480012482,2.3195460000806634,3.110048,72.804078,"{""200"": 30}"
credit,2,Random Forest,30,69.26097499990647,98.6024362999842,4.041131500116535,3.110048,72.804078,"{""200"": 30}"
credit,2,Logistic Regression,30,32.828157499807276,63.76390040009028,1.7285374999573833,3.110048,72.804078,"{""200"": 30}"
credit,3,XGBoost,30,32.9076839998379,74.7479494498293,2.084650999677251,2.933456,72.804078,"{""200"": 30}"
credit,3,Random Forest,30,41.13586099947497,66.45779415025572,4.2952164999405795,2.933456,72.804078,"{""200"": 30}"
credit,3,Logistic Regression,30,29.267862999859062,63.824393650565966,1.7624460001570696,2.933456,72.804078,"{""200"": 30}"
credit,4,XGBoost,30,58.6013670003922,65.99047675026667,2.2300629998426302,2.90286,72.804078,"{""200"": 30}"
credit,4,Random Forest,30,68.84407200004716,80.58842854966315,4.287791499791638,2.90286,72.804078,"{""200"": 30}"
credit,4,Logistic Regression,30,62.88859899950694,78.84796814960279,1.0328250000384287,2.90286,72.804078,"{""200"": 30}"
california,0,XGBoost,30,79.72585149946099,123.95915925053482,1.0440034993735026,145.426649,1.894821,"{""500"": 30}"
california,0,Random Forest,30,123.14081650038133,143.9844262996303,3.4157025002059527,145.426649,1.894821,"{""500"": 30}"
california,0,Ridge,30,66.43660700046894,130.8093310002732,0.6375664997904096,145.426649,1.894821,"{""500"": 30}"
california,1,XGBoost,30,97.93222549978964,167.6318891999471,0.9299885000473296,145.332598,1.894821,"{""500"": 30}"
california,1,Random Forest,30,116.65085000004183,748.0378830499375,3.1595400000696827,145.332598,1.894821,"{""500"": 30}"
california,1,Ridge,30,62.264624500130594,173.59310954998364,0.644826499865303,145.332598,1.894821,"{""500"": 30}"
california,2,XGBoost,30,82.34036899966668,133.04160494949429,1.2126880001233076,145.580998,1.894821,"{""500"": 30}"
california,2,Random Forest,30,78.02687800040076,134.20156660008615,3.2264359997498104,145.580998,1.894821,"{""500"": 30}"
california,2,Ridge,30,63.24146799988739,69.3546098000752,1.1062709995712794,145.580998,1.894821,"{""500"": 30}"
california,3,XGBoost,30,83.77418899954137,221.86400289988342,0.9550429999762855,145.559637,1.894821,"{""500"": 30}"
california,3,Random Forest,30,138.90000700030214,890.506723699945,3.017700499640341,145.559637,1.894821,"{""500"": 30}"
california,3,Ridge,30,66.27138649992048,73.81465149983342,0.6501830002889619,145.559637,1.894821,"{""500"": 30}"
california,4,XGBoost,30,123.14547549976851,285.43388575080814,1.0714740001276368,145.382477,1.894821,"{""500"": 30}"
california,4,Random Forest,30,134.72580300094705,768.019123200338,3.2623104998492636,145.382477,1.894821,"{""500"": 30}"
california,4,Ridge,30,64.97287650017824,78.3828723001534,0.6105374995968305,145.382477,1.894821,"{""500"": 30}"
