dataset,preprocessing,mode,batch_size,model,n_seeds,crash_rate_mean,crash_rate_std,row_coverage_mean,row_coverage_std,agreement_vs_offline_mean,agreement_vs_offline_std,served_Accuracy_mean,served_Accuracy_std,served_F1_mean,served_F1_std,offline_Accuracy_mean,offline_Accuracy_std,offline_F1_mean,offline_F1_std,transform_rows_per_s_mean,transform_rows_per_s_std,Accuracy_change_mean,Accuracy_change_std,F1_change_mean,F1_change_std,top_error,stream,agreement_vs_stateful_aligned_mean,agreement_vs_stateful_aligned_std,rows_served_by_both_app_mean,rows_served_by_both_app_std,rows_served_by_both_aligned_mean,rows_served_by_both_aligned_std,mean_abs_pred_diff_mean,mean_abs_pred_diff_std,served_RMSE_mean,served_RMSE_std,served_R2_mean,served_R2_std,offline_RMSE_mean,offline_RMSE_std,offline_R2_mean,offline_R2_std,RMSE_change_mean,RMSE_change_std,R2_change_mean,R2_change_std,agreement_vs_stateful_app_mean,agreement_vs_stateful_app_std
adult,stateful,aligned,1,Logistic Regression,5,0.0,0.0,1.0,0.0,0.8419921875,0.012126688731465145,0.7814453125,0.013920726313441767,0.23158607973602488,0.023185267966405115,0.841015625,0.006306204801157398,0.6271723377708275,0.016251127721159712,106.33426982769579,2.8514452563243773,-0.0595703125,0.011840191067365372,-0.39558625803480263,0.02946056047262317,,random,,,,,,,,,,,,,,,,,,,,,,
adult,stateful,aligned,1,Random Forest,5,0.0,0.0,1.0,0.0,0.824609375,0.006786933731989865,0.7849609375,0.012870634357317653,0.22574114284636876,0.055754148064793424,0.8287109375,0.012892844269190929,0.6153139307205565,0.010679193061581901,106.33426982769579,2.8514452563243773,-0.04375,0.00935157392177665,-0.3895727878741878,0.05709531594913141,,random,,,,,,,,,,,,,,,,,,,,,,
adult,stateful,aligned,1,XGBoost,5,0.0,0.0,1.0,0.0,0.8279296875,0.018890868937114003,0.784375,0.013765721436594665,0.23856523581675196,0.04615984883545396,0.8365234375,0.012247978199307145,0.6364624834315379,0.018142068833755725,106.33426982769579,2.8514452563243773,-0.0521484375,0.009407495764681481,-0.39789724761478584,0.039715324312860525,,random,,,,,,,,,,,,,,,,,,,,,,
adult,stateful,aligned,16,Logistic Regression,5,0.0,0.0,1.0,0.0,0.95078125,0.00546351591042944,0.830859375,0.007513821899090369,0.6092636009049328,0.021125720547523662,0.841015625,0.006306204801157398,0.6271723377708275,0.016251127721159712,1586.7430361833144,106.53126706237265,-0.01015625,0.004290211452439218,-0.017908736865894625,0.014241539909683425,,random,,,,,,,,,,,,,,,,,,,,,,
adult,stateful,aligned,16,Random Forest,5,0.0,0.0,1.0,0.0,0.9673828125,0.0051950922180743694,0.8265625,0.012071513390908159,0.5962020276336502,0.023011500677267628,0.8287109375,0.012892844269190929,0.6153139307205565,0.010679193061581901,1586.7430361833144,106.53126706237265,-0.0021484375,0.005498315726663768,-0.01911190308690631,0.014450785355491734,,random,,,,,,,,,,,,,,,,,,,,,,
adult,stateful,aligned,16,XGBoost,5,0.0,0.0,1.0,0.0,0.975390625,0.007975592573865398,0.8330078125,0.009568319307746789,0.6173100380646271,0.018241730685404783,0.8365234375,0.012247978199307145,0.6364624834315379,0.018142068833755725,1586.7430361833144,106.53126706237265,-0.003515625,0.004061842645133872,-0.019152445366910676,0.012053291357874222,,random,,,,,,,,,,,,,,,,,,,,,,
adult,stateful,aligned,256,Logistic Regression,5,0.0,0.0,1.0,0.0,0.975390625,0.0039907845198637795,0.837109375,0.005916066887055062,0.6278183057513251,0.022512760238559214,0.841015625,0.006306204801157398,0.6271723377708275,0.016251127721159712,12866.160865986474,1235.8951051569563,-0.00390625,0.0030099677748871953,0.0006459679804976081,0.006824486549765929,,random,,,,,,,,,,,,,,,,,,,,,,
adult,stateful,aligned,256,Random Forest,5,0.0,0.0,1.0,0.0,0.9998046875,0.00043673202685542766,0.82890625,0.013109237651992059,0.6156033535319347,0.01068895833992894,0.8287109375,0.012892844269190929,0.6153139307205565,0.010679193061581901,12866.160865986474,1235.8951051569563,0.0001953125,0.00043673202685542777,0.00028942281137809276,0.000647169080480515,,random,,,,,,,,,,,,,,,,,,,,,,
adult,stateful,aligned,256,XGBoost,5,0.0,0.0,1.0,0.0,0.9998046875,0.00043673202685542766,0.83671875,0.012456436540170581,0.6367610921862036,0.017960374787127007,0.8365234375,0.012247978199307145,0.6364624834315379,0.018142068833755725,12866.160865986474,1235.8951051569563,0.0001953125,0.00043673202685542777,0.0002986087546657412,0.0006677094741091549,,random,,,,,,,,,,,,,,,,,,,,,,
adult,stateful,aligned,full,Logistic Regression,5,0.0,0.0,1.0,0.0,0.9756507481041197,0.0016786089044184386,0.830190612830498,0.00317935889680029,0.6093479378178549,0.007576352677328733,0.8357655257224842,0.0026052911498589564,0.6119368372276404,0.0057026307934265694,24454.722352420777,1436.2081093993331,-0.0055749128919860835,0.0016691978291115742,-0.0025888994097853944,0.0038267156126548796,,full test set,,,,,,,,,,,,,,,,,,,,,,
adult,stateful,aligned,full,Random Forest,5,0.0,0.0,1.0,0.0,1.0,0.0,0.8293297806927649,0.0025533775777655224,0.6148295232007666,0.005301736119307302,0.8293297806927649,0.0025533775777655224,0.6148295232007666,0.005301736119307302,24454.722352420777,1436.2081093993331,0.0,0.0,0.0,0.0,,full test set,,,,,,,,,,,,,,,,,,,,,,
adult,stateful,aligned,full,XGBoost,5,0.0,0.0,1.0,0.0,1.0,0.0,0.8388399262143882,0.003102115969933947,0.6368915262122263,0.008586604357636928,0.8388399262143882,0.003102115969933947,0.6368915262122263,0.008586604357636928,24454.722352420777,1436.2081093993331,0.0,0.0,0.0,0.0,,full test set,,,,,,,,,,,,,,,,,,,,,,
adult,stateful,app,1,Logistic Regression,5,1.0,0.0,0.0,0.0,,,,,,,,,,,106.33426982769579,2.8514452563243773,,,,,ValueError: The feature names should match those that were passed during fit.,random,,,,,,,,,,,,,,,,,,,,,,
adult,stateful,app,1,Random Forest,5,1.0,0.0,0.0,0.0,,,,,,,,,,,106.33426982769579,2.8514452563243773,,,,,ValueError: The feature names should match those that were passed during fit.,random,,,,,,,,,,,,,,,,,,,,,,
adult,stateful,app,1,XGBoost,5,1.0,0.0,0.0,0.0,,,,,,,,,,,106.33426982769579,2.8514452563243773,,,,,"ValueError: feature_names mismatch: ['age', 'fnlwgt', 'education', 'education-num', 'occupation', 'sex', 'hours-per-week', 'workclass_Local-gov', 'workclass_Never-worked', ",random,,,,,,,,,,,,,,,,,,,,,,
adult,stateful,app,16,Logistic Regression,5,1.0,0.0,0.0,0.0,,,,,,,,,,,1586.7430361833144,106.53126706237265,,,,,ValueError: The feature names should match those that were passed during fit.,random,,,,,,,,,,,,,,,,,,,,,,
adult,stateful,app,16,Random Forest,5,1.0,0.0,0.0,0.0,,,,,,,,,,,1586.7430361833144,106.53126706237265,,,,,ValueError: The feature names should match those that were passed during fit.,random,,,,,,,,,,,,,,,,,,,,,,
adult,stateful,app,16,XGBoost,5,1.0,0.0,0.0,0.0,,,,,,,,,,,1586.7430361833144,106.53126706237265,,,,,"ValueError: feature_names mismatch: ['age', 'fnlwgt', 'education', 'education-num', 'occupation', 'sex', 'hours-per-week', 'workclass_Local-gov', 'workclass_Never-worked', ",random,,,,,,,,,,,,,,,,,,,,,,
adult,stateful,app,256,Logistic Regression,5,1.0,0.0,0.0,0.0,,,,,,,,,,,12866.160865986474,1235.8951051569563,,,,,ValueError: The feature names should match those that were passed during fit.,random,,,,,,,,,,,,,,,,,,,,,,
adult,stateful,app,256,Random Forest,5,1.0,0.0,0.0,0.0,,,,,,,,,,,12866.160865986474,1235.8951051569563,,,,,ValueError: The feature names should match those that were passed during fit.,random,,,,,,,,,,,,,,,,,,,,,,
adult,stateful,app,256,XGBoost,5,1.0,0.0,0.0,0.0,,,,,,,,,,,12866.160865986474,1235.8951051569563,,,,,"ValueError: feature_names mismatch: ['age', 'fnlwgt', 'education', 'education-num', 'occupation', 'sex', 'hours-per-week', 'workclass_Local-gov', 'workclass_Never-worked', ",random,,,,,,,,,,,,,,,,,,,,,,
adult,stateful,app,full,Logistic Regression,5,1.0,0.0,0.0,0.0,,,,,,,,,,,24454.722352420777,1436.2081093993331,,,,,ValueError: The feature names should match those that were passed during fit.,full test set,,,,,,,,,,,,,,,,,,,,,,
adult,stateful,app,full,Random Forest,5,1.0,0.0,0.0,0.0,,,,,,,,,,,24454.722352420777,1436.2081093993331,,,,,ValueError: The feature names should match those that were passed during fit.,full test set,,,,,,,,,,,,,,,,,,,,,,
adult,stateful,app,full,XGBoost,5,1.0,0.0,0.0,0.0,,,,,,,,,,,24454.722352420777,1436.2081093993331,,,,,"ValueError: feature_names mismatch: ['age', 'fnlwgt', 'education', 'education-num', 'occupation', 'sex', 'hours-per-week', 'workclass_Local-gov', 'workclass_Never-worked', ",full test set,,,,,,,,,,,,,,,,,,,,,,
adult,stateless,aligned,1,Logistic Regression,5,0.0,0.0,1.0,0.0,0.8123046875,0.014491345157460582,0.7603515625,0.016908919541431193,0.0,0.0,0.841015625,0.006306204801157398,0.6271723377708275,0.016251127721159712,26.051370858486315,0.5424125685849308,-0.0806640625,0.01352459736505005,-0.6271723377708275,0.016251127721159712,,random,0.955078125,0.006939780470484324,0.0,0.0,1.0,0.0,,,,,,,,,,,,,,,,
adult,stateless,aligned,1,Random Forest,5,0.0,0.0,1.0,0.0,0.79453125,0.012460263990419202,0.7603515625,0.016908919541431193,0.0,0.0,0.8287109375,0.012892844269190929,0.6153139307205565,0.010679193061581901,26.051370858486315,0.5424125685849308,-0.068359375,0.005437269885576193,-0.6153139307205565,0.010679193061581901,,random,0.9609375,0.01019561182510796,0.0,0.0,1.0,0.0,,,,,,,,,,,,,,,,
adult,stateless,aligned,1,XGBoost,5,0.0,0.0,1.0,0.0,0.7890625,0.023890878560009897,0.7603515625,0.016908919541431193,0.0,0.0,0.8365234375,0.012247978199307145,0.6364624834315379,0.018142068833755725,26.051370858486315,0.5424125685849308,-0.076171875,0.010983615116408196,-0.6364624834315379,0.018142068833755725,,random,0.9556640625,0.00855816496101822,0.0,0.0,1.0,0.0,,,,,,,,,,,,,,,,
adult,stateless,aligned,16,Logistic Regression,5,0.0,0.0,1.0,0.0,0.88984375,0.013696267303068723,0.80390625,0.015056174315202571,0.45971533035189455,0.03495010209197938,0.841015625,0.006306204801157398,0.6271723377708275,0.016251127721159712,362.37408338821933,13.316430630702389,-0.037109375,0.010403943238604744,-0.16745700741893296,0.042664837589193864,,random,0.895703125,0.014375716481804806,0.0,0.0,1.0,0.0,,,,,,,,,,,,,,,,
adult,stateless,aligned,16,Random Forest,5,0.0,0.0,1.0,0.0,0.84375,0.010786485368346935,0.7962890625,0.01515403495411783,0.4827167967525547,0.027210829906401824,0.8287109375,0.012892844269190929,0.6153139307205565,0.010679193061581901,362.37408338821933,13.316430630702389,-0.032421875,0.010970583335924702,-0.13259713396800185,0.02562333976678699,,random,0.8630859375,0.009553357110465312,0.0,0.0,1.0,0.0,,,,,,,,,,,,,,,,
adult,stateless,aligned,16,XGBoost,5,0.0,0.0,1.0,0.0,0.812109375,0.015527036651837335,0.7767578125,0.013311374383897451,0.35834170465839765,0.05127578517658892,0.8365234375,0.012247978199307145,0.6364624834315379,0.018142068833755725,362.37408338821933,13.316430630702389,-0.059765625,0.007885402046166543,-0.27812077877314023,0.05323235636129289,,random,0.827734375,0.01888076956780778,0.0,0.0,1.0,0.0,,,,,,,,,,,,,,,,
adult,stateless,aligned,256,Logistic Regression,5,0.0,0.0,1.0,0.0,0.9142578125,0.011207091838238103,0.8177734375,0.00853026086012596,0.5066242175106928,0.02554595748232455,0.841015625,0.006306204801157398,0.6271723377708275,0.016251127721159712,5015.179675934578,469.77073142133344,-0.0232421875,0.008496654974279767,-0.12054812026013476,0.02782534827967586,,random,0.9087890625,0.009508329253623504,0.0,0.0,1.0,0.0,,,,,,,,,,,,,,,,
adult,stateless,aligned,256,Random Forest,5,0.0,0.0,1.0,0.0,0.8337890625,0.020407586186872013,0.79296875,0.010540543527794386,0.48997509774516634,0.012944178647534802,0.8287109375,0.012892844269190929,0.6153139307205565,0.010679193061581901,5015.179675934578,469.77073142133344,-0.0357421875,0.008187997584474447,-0.1253388329753902,0.01702679409920119,,random,0.833984375,0.020692988379313566,0.0,0.0,1.0,0.0,,,,,,,,,,,,,,,,
adult,stateless,aligned,256,XGBoost,5,0.0,0.0,1.0,0.0,0.7962890625,0.017975117757568028,0.765234375,0.014884170910775376,0.3570791593208463,0.0188262081957828,0.8365234375,0.012247978199307145,0.6364624834315379,0.018142068833755725,5015.179675934578,469.77073142133344,-0.0712890625,0.009264485332524549,-0.2793833241106916,0.023118283619462464,,random,0.796484375,0.018186100542163717,0.0,0.0,1.0,0.0,,,,,,,,,,,,,,,,
adult,stateless,aligned,full,Logistic Regression,5,0.0,0.0,1.0,0.0,0.9263373642139783,0.005061309460314819,0.8197376511580241,0.0014070024818350266,0.5262871149852932,0.0038905249251843742,0.8357655257224842,0.0026052911498589564,0.6119368372276404,0.0057026307934265694,60264.37633167593,3138.5792164938453,-0.01602787456445993,0.0014412931741544905,-0.08564972224234706,0.0070285447196278975,,full test set,0.922402131584341,0.0029616547437078715,0.0,0.0,1.0,0.0,,,,,,,,,,,,,,,,
adult,stateless,aligned,full,Random Forest,5,0.0,0.0,1.0,0.0,0.8546628407460546,0.008606918262756528,0.801762656282025,0.00677671144174964,0.5066597110117124,0.013712999266297626,0.8293297806927649,0.0025533775777655224,0.6148295232007666,0.005301736119307302,60264.37633167593,3138.5792164938453,-0.027567124410739875,0.0067965964509003,-0.10816981218905405,0.01684576681502255,,full test set,0.8546628407460546,0.008606918262756528,0.0,0.0,1.0,0.0,,,,,,,,,,,,,,,,
adult,stateless,aligned,full,XGBoost,5,0.0,0.0,1.0,0.0,0.8024185283869645,0.0034288717000044242,0.7661201065792171,0.0030747420729830763,0.3526219160878092,0.026948233674222274,0.8388399262143882,0.003102115969933947,0.6368915262122263,0.008586604357636928,60264.37633167593,3138.5792164938453,-0.07271981963517113,0.005224772556787411,-0.28426961012441704,0.030093948649460286,,full test set,0.8024185283869645,0.0034288717000044242,0.0,0.0,1.0,0.0,,,,,,,,,,,,,,,,
adult,stateless,app,1,Logistic Regression,5,1.0,0.0,0.0,0.0,,,,,,,,,,,26.051370858486315,0.5424125685849308,,,,,ValueError: The feature names should match those that were passed during fit.,random,,,0.0,0.0,0.0,0.0,,,,,,,,,,,,,,,,
adult,stateless,app,1,Random Forest,5,1.0,0.0,0.0,0.0,,,,,,,,,,,26.051370858486315,0.5424125685849308,,,,,ValueError: The feature names should match those that were passed during fit.,random,,,0.0,0.0,0.0,0.0,,,,,,,,,,,,,,,,
adult,stateless,app,1,XGBoost,5,1.0,0.0,0.0,0.0,,,,,,,,,,,26.051370858486315,0.5424125685849308,,,,,"ValueError: feature_names mismatch: ['age', 'fnlwgt', 'education', 'education-num', 'occupation', 'sex', 'hours-per-week', 'workclass_Local-gov', 'workclass_Never-worked', ",random,,,0.0,0.0,0.0,0.0,,,,,,,,,,,,,,,,
adult,stateless,app,16,Logistic Regression,5,1.0,0.0,0.0,0.0,,,,,,,,,,,362.37408338821933,13.316430630702389,,,,,ValueError: The feature names should match those that were passed during fit.,random,,,0.0,0.0,0.0,0.0,,,,,,,,,,,,,,,,
adult,stateless,app,16,Random Forest,5,1.0,0.0,0.0,0.0,,,,,,,,,,,362.37408338821933,13.316430630702389,,,,,ValueError: The feature names should match those that were passed during fit.,random,,,0.0,0.0,0.0,0.0,,,,,,,,,,,,,,,,
adult,stateless,app,16,XGBoost,5,1.0,0.0,0.0,0.0,,,,,,,,,,,362.37408338821933,13.316430630702389,,,,,"ValueError: feature_names mismatch: ['age', 'fnlwgt', 'education', 'education-num', 'occupation', 'sex', 'hours-per-week', 'workclass_Local-gov', 'workclass_Never-worked', ",random,,,0.0,0.0,0.0,0.0,,,,,,,,,,,,,,,,
adult,stateless,app,256,Logistic Regression,5,1.0,0.0,0.0,0.0,,,,,,,,,,,5015.179675934578,469.77073142133344,,,,,ValueError: The feature names should match those that were passed during fit.,random,,,0.0,0.0,0.0,0.0,,,,,,,,,,,,,,,,
adult,stateless,app,256,Random Forest,5,1.0,0.0,0.0,0.0,,,,,,,,,,,5015.179675934578,469.77073142133344,,,,,ValueError: The feature names should match those that were passed during fit.,random,,,0.0,0.0,0.0,0.0,,,,,,,,,,,,,,,,
adult,stateless,app,256,XGBoost,5,1.0,0.0,0.0,0.0,,,,,,,,,,,5015.179675934578,469.77073142133344,,,,,"ValueError: feature_names mismatch: ['age', 'fnlwgt', 'education', 'education-num', 'occupation', 'sex', 'hours-per-week', 'workclass_Local-gov', 'workclass_Never-worked', ",random,,,0.0,0.0,0.0,0.0,,,,,,,,,,,,,,,,
adult,stateless,app,full,Logistic Regression,5,1.0,0.0,0.0,0.0,,,,,,,,,,,60264.37633167593,3138.5792164938453,,,,,ValueError: The feature names should match those that were passed during fit.,full test set,,,0.0,0.0,0.0,0.0,,,,,,,,,,,,,,,,
adult,stateless,app,full,Random Forest,5,1.0,0.0,0.0,0.0,,,,,,,,,,,60264.37633167593,3138.5792164938453,,,,,ValueError: The feature names should match those that were passed during fit.,full test set,,,0.0,0.0,0.0,0.0,,,,,,,,,,,,,,,,
adult,stateless,app,full,XGBoost,5,1.0,0.0,0.0,0.0,,,,,,,,,,,60264.37633167593,3138.5792164938453,,,,,"ValueError: feature_names mismatch: ['age', 'fnlwgt', 'education', 'education-num', 'occupation', 'sex', 'hours-per-week', 'workclass_Local-gov', 'workclass_Never-worked', ",full test set,,,0.0,0.0,0.0,0.0,,,,,,,,,,,,,,,,
california,stateful,aligned,1,Random Forest,5,0.0,0.0,1.0,0.0,1.0,0.0,,,,,,,,,696.4464094022487,32.92644850735622,,,,,,random,,,,,,,0.0,0.0,0.49476131127065626,0.015729783265876457,0.8104115034356949,0.012398327082924026,0.49476131127065626,0.015729783265876457,0.8104115034356949,0.012398327082924026,0.0,0.0,0.0,0.0,,
california,stateful,aligned,1,Ridge,5,0.0,0.0,1.0,0.0,0.8630859375,0.012282966940257909,,,,,,,,,696.4464094022487,32.92644850735622,,,,,,random,,,,,,,0.06770492745303405,0.049190999622066876,1.2165488533894955,1.0797474123305153,-0.8777731691507984,3.26726089069476,0.6896589908153757,0.024264981665132617,0.6318849874701451,0.019946989640451277,0.5268898625741197,1.0677760602317559,-1.5096581566209433,3.2529122089509905,,
california,stateful,aligned,1,XGBoost,5,0.0,0.0,1.0,0.0,1.0,0.0,,,,,,,,,696.4464094022487,32.92644850735622,,,,,,random,,,,,,,0.0,0.0,0.45485669483515456,0.02083239142572182,0.8394855172991162,0.016649581053603868,0.45485669483515456,0.02083239142572182,0.8394855172991162,0.016649581053603868,0.0,0.0,0.0,0.0,,
california,stateful,aligned,16,Random Forest,5,0.0,0.0,1.0,0.0,1.0,0.0,,,,,,,,,11374.891184255273,666.9405858448467,,,,,,random,,,,,,,0.0,0.0,0.49476131127065626,0.015729783265876457,0.8104115034356949,0.012398327082924026,0.49476131127065626,0.015729783265876457,0.8104115034356949,0.012398327082924026,0.0,0.0,0.0,0.0,,
california,stateful,aligned,16,Ridge,5,0.0,0.0,1.0,0.0,0.8630859375,0.012282966940257909,,,,,,,,,11374.891184255273,666.9405858448467,,,,,,random,,,,,,,0.06770492745303396,0.04919099962206687,1.2165488533894953,1.0797474123305153,-0.8777731691507983,3.26726089069476,0.6896589908153757,0.024264981665132617,0.6318849874701451,0.019946989640451277,0.5268898625741196,1.0677760602317559,-1.5096581566209433,3.25291220895099,,
california,stateful,aligned,16,XGBoost,5,0.0,0.0,1.0,0.0,1.0,0.0,,,,,,,,,11374.891184255273,666.9405858448467,,,,,,random,,,,,,,0.0,0.0,0.45485669483515456,0.02083239142572182,0.8394855172991162,0.016649581053603868,0.45485669483515456,0.02083239142572182,0.8394855172991162,0.016649581053603868,0.0,0.0,0.0,0.0,,
california,stateful,aligned,256,Random Forest,5,0.0,0.0,1.0,0.0,1.0,0.0,,,,,,,,,178154.7423812587,12753.907792051492,,,,,,random,,,,,,,0.0,0.0,0.49476131127065626,0.015729783265876457,0.8104115034356949,0.012398327082924026,0.49476131127065626,0.015729783265876457,0.8104115034356949,0.012398327082924026,0.0,0.0,0.0,0.0,,
california,stateful,aligned,256,Ridge,5,0.0,0.0,1.0,0.0,0.8630859375,0.012282966940257909,,,,,,,,,178154.7423812587,12753.907792051492,,,,,,random,,,,,,,0.06770492745303396,0.04919099962206687,1.2165488533894953,1.0797474123305153,-0.8777731691507983,3.26726089069476,0.6896589908153757,0.024264981665132617,0.6318849874701451,0.019946989640451277,0.5268898625741196,1.0677760602317559,-1.5096581566209433,3.25291220895099,,
california,stateful,aligned,256,XGBoost,5,0.0,0.0,1.0,0.0,1.0,0.0,,,,,,,,,178154.7423812587,12753.907792051492,,,,,,random,,,,,,,0.0,0.0,0.45485669483515456,0.02083239142572182,0.8394855172991162,0.016649581053603868,0.45485669483515456,0.02083239142572182,0.8394855172991162,0.016649581053603868,0.0,0.0,0.0,0.0,,
california,stateful,aligned,full,Random Forest,5,0.0,0.0,1.0,0.0,1.0,0.0,,,,,,,,,1716571.06177096,352905.6965199091,,,,,,full test set,,,,,,,0.0,0.0,0.5024706747508824,0.009316566923068693,0.8082470342225079,0.007410367710934081,0.5024706747508824,0.009316566923068693,0.8082470342225079,0.007410367710934081,0.0,0.0,0.0,0.0,,
california,stateful,aligned,full,Ridge,5,0.0,0.0,1.0,0.0,0.8646802325581395,0.0047981018818664175,,,,,,,,,1716571.06177096,352905.6965199091,,,,,,full test set,,,,,,,0.09795764678776034,0.04536232546020931,2.9585786303082005,3.0407973774153803,-11.32907244047227,21.188614652740476,0.6826454397898177,0.010242633468610159,0.646129652009779,0.010547481136130996,2.2759331905183826,3.03582344304619,-11.97520209248205,21.183885921969228,,
california,stateful,aligned,full,XGBoost,5,0.0,0.0,1.0,0.0,1.0,0.0,,,,,,,,,1716571.06177096,352905.6965199091,,,,,,full test set,,,,,,,0.0,0.0,0.46022483759597427,0.008914902305714074,0.8391437884198656,0.006189089842159275,0.46022483759597427,0.008914902305714074,0.8391437884198656,0.006189089842159275,0.0,0.0,0.0,0.0,,
california,stateful,app,1,Random Forest,5,1.0,0.0,0.0,0.0,,,,,,,,,,,696.4464094022487,32.92644850735622,,,,,ValueError: The feature names should match those that were passed during fit.,random,,,,,,,,,,,,,,,,,,,,,,
california,stateful,app,1,Ridge,5,1.0,0.0,0.0,0.0,,,,,,,,,,,696.4464094022487,32.92644850735622,,,,,ValueError: The feature names should match those that were passed during fit.,random,,,,,,,,,,,,,,,,,,,,,,
california,stateful,app,1,XGBoost,5,1.0,0.0,0.0,0.0,,,,,,,,,,,696.4464094022487,32.92644850735622,,,,,"ValueError: feature_names mismatch: ['MedInc', 'HouseAge', 'AveRooms', 'Population', 'AveOccup', 'Latitude', 'Longitude'] ['MedInc', 'HouseAge', 'AveRooms', 'AveBedrms', 'P",random,,,,,,,,,,,,,,,,,,,,,,
california,stateful,app,16,Random Forest,5,1.0,0.0,0.0,0.0,,,,,,,,,,,11374.891184255273,666.9405858448467,,,,,ValueError: The feature names should match those that were passed during fit.,random,,,,,,,,,,,,,,,,,,,,,,
california,stateful,app,16,Ridge,5,1.0,0.0,0.0,0.0,,,,,,,,,,,11374.891184255273,666.9405858448467,,,,,ValueError: The feature names should match those that were passed during fit.,random,,,,,,,,,,,,,,,,,,,,,,
california,stateful,app,16,XGBoost,5,1.0,0.0,0.0,0.0,,,,,,,,,,,11374.891184255273,666.9405858448467,,,,,"ValueError: feature_names mismatch: ['MedInc', 'HouseAge', 'AveRooms', 'Population', 'AveOccup', 'Latitude', 'Longitude'] ['MedInc', 'HouseAge', 'AveRooms', 'AveBedrms', 'P",random,,,,,,,,,,,,,,,,,,,,,,
california,stateful,app,256,Random Forest,5,1.0,0.0,0.0,0.0,,,,,,,,,,,178154.7423812587,12753.907792051492,,,,,ValueError: The feature names should match those that were passed during fit.,random,,,,,,,,,,,,,,,,,,,,,,
california,stateful,app,256,Ridge,5,1.0,0.0,0.0,0.0,,,,,,,,,,,178154.7423812587,12753.907792051492,,,,,ValueError: The feature names should match those that were passed during fit.,random,,,,,,,,,,,,,,,,,,,,,,
california,stateful,app,256,XGBoost,5,1.0,0.0,0.0,0.0,,,,,,,,,,,178154.7423812587,12753.907792051492,,,,,"ValueError: feature_names mismatch: ['MedInc', 'HouseAge', 'AveRooms', 'Population', 'AveOccup', 'Latitude', 'Longitude'] ['MedInc', 'HouseAge', 'AveRooms', 'AveBedrms', 'P",random,,,,,,,,,,,,,,,,,,,,,,
california,stateful,app,full,Random Forest,5,1.0,0.0,0.0,0.0,,,,,,,,,,,1716571.06177096,352905.6965199091,,,,,ValueError: The feature names should match those that were passed during fit.,full test set,,,,,,,,,,,,,,,,,,,,,,
california,stateful,app,full,Ridge,5,1.0,0.0,0.0,0.0,,,,,,,,,,,1716571.06177096,352905.6965199091,,,,,ValueError: The feature names should match those that were passed during fit.,full test set,,,,,,,,,,,,,,,,,,,,,,
california,stateful,app,full,XGBoost,5,1.0,0.0,0.0,0.0,,,,,,,,,,,1716571.06177096,352905.6965199091,,,,,"ValueError: feature_names mismatch: ['MedInc', 'HouseAge', 'AveRooms', 'Population', 'AveOccup', 'Latitude', 'Longitude'] ['MedInc', 'HouseAge', 'AveRooms', 'AveBedrms', 'P",full test set,,,,,,,,,,,,,,,,,,,,,,
california,stateless,aligned,1,Random Forest,5,0.0,0.0,1.0,0.0,0.0,0.0,,,,,,,,,42.774398790936075,0.9515784770190514,,,,,,random,0.0,0.0,0.0,0.0,1.0,0.0,1.1941020446679684,0.048219138725481975,1.6146306848757797,0.0509502413880429,-1.017387013925979,0.09050033429339276,0.49476131127065626,0.015729783265876457,0.8104115034356949,0.012398327082924026,1.1198693736051235,0.055025094661364626,-1.8277985173616738,0.09681051842605752,,
california,stateless,aligned,1,Ridge,5,0.0,0.0,1.0,0.0,0.0,0.0,,,,,,,,,42.774398790936075,0.9515784770190514,,,,,,random,0.0,0.0,0.0,0.0,1.0,0.0,0.759893343286699,0.02258758974474398,1.1378931456182149,0.01608214686235183,-0.0017761671150422487,0.0026350865133899773,0.6896589908153757,0.024264981665132617,0.6318849874701451,0.019946989640451277,0.4482341548028389,0.017857278370288363,-0.6336611545851873,0.021243356704637444,,
california,stateless,aligned,1,XGBoost,5,0.0,0.0,1.0,0.0,0.0,0.0,,,,,,,,,42.774398790936075,0.9515784770190514,,,,,,random,0.0,0.0,0.0,0.0,1.0,0.0,1.1768028672784567,0.04072514067590765,1.6015083749846313,0.03736688633206354,-0.9864515462511069,0.11340113272319866,0.45485669483515456,0.02083239142572182,0.8394855172991162,0.016649581053603868,1.1466516801494762,0.03614037113832251,-1.8259370635502232,0.10605118821513143,,
california,stateless,aligned,16,Random Forest,5,0.0,0.0,1.0,0.0,0.0,0.0,,,,,,,,,638.8423358693196,31.49123641671417,,,,,,random,0.0,0.0,0.0,0.0,1.0,0.0,0.47611848171874965,0.01895769351707218,0.8230277077432616,0.022144875222473704,0.47556742220851617,0.027533231140889267,0.49476131127065626,0.015729783265876457,0.8104115034356949,0.012398327082924026,0.3282663964726053,0.012023368909163917,-0.3348440812271788,0.018056481038953475,,
california,stateless,aligned,16,Ridge,5,0.0,0.0,1.0,0.0,0.0,0.0,,,,,,,,,638.8423358693196,31.49123641671417,,,,,,random,0.0,0.0,0.0,0.0,1.0,0.0,0.44240602859569833,0.044124673582591305,0.9203917124486818,0.04179002894104374,0.3438686463115701,0.052564748421579044,0.6896589908153757,0.024264981665132617,0.6318849874701451,0.019946989640451277,0.2307327216333061,0.03336899785262937,-0.288016341158575,0.046857821287983346,,
california,stateless,aligned,16,XGBoost,5,0.0,0.0,1.0,0.0,0.0,0.0,,,,,,,,,638.8423358693196,31.49123641671417,,,,,,random,0.0,0.0,0.0,0.0,1.0,0.0,0.8009424761175978,0.06671923863460398,1.2430640076492487,0.08554773752709886,-0.19902712124908742,0.1540294845667418,0.45485669483515456,0.02083239142572182,0.8394855172991162,0.016649581053603868,0.788207312814094,0.08799150391124748,-1.0385126385482035,0.15536564980113485,,
california,stateless,aligned,256,Random Forest,5,0.0,0.0,1.0,0.0,0.0013671875,0.0005348853100636387,,,,,,,,,9114.814297853069,725.969508138892,,,,,,random,0.0013671875,0.0005348853100636387,0.0,0.0,1.0,0.0,0.17817656851562486,0.0290952114016495,0.5764059489736565,0.025586678939729445,0.7428359008059456,0.01741825632079309,0.49476131127065626,0.015729783265876457,0.8104115034356949,0.012398327082924026,0.08164463770300015,0.01957231647401457,-0.06757560262974927,0.01598241894665246,,
california,stateless,aligned,256,Ridge,5,0.0,0.0,1.0,0.0,0.0,0.0,,,,,,,,,9114.814297853069,725.969508138892,,,,,,random,0.0,0.0,0.0,0.0,1.0,0.0,0.07027545191236012,0.02310854520728722,0.6952133810075537,0.022105465814838025,0.6259706649476943,0.01761374100611308,0.6896589908153757,0.024264981665132617,0.6318849874701451,0.019946989640451277,0.005554390192178005,0.003999327945331382,-0.005914322522450744,0.0042246016721272026,,
california,stateless,aligned,256,XGBoost,5,0.0,0.0,1.0,0.0,0.0041015625,0.0052316778265542475,,,,,,,,,9114.814297853069,725.969508138892,,,,,,random,0.0041015625,0.0052316778265542475,0.0,0.0,1.0,0.0,0.28308305281098,0.0368178270794363,0.6134570747299158,0.0418501512207501,0.708278328840737,0.0343531127805668,0.45485669483515456,0.02083239142572182,0.8394855172991162,0.016649581053603868,0.15860037989476128,0.038563123903228844,-0.13120718845837917,0.03363565526001542,,
california,stateless,aligned,full,Random Forest,5,0.0,0.0,1.0,0.0,0.0027131782945736434,0.001582975702781448,,,,,,,,,99880.7424018136,15244.195833345835,,,,,,full test set,0.0027131782945736434,0.001582975702781448,0.0,0.0,1.0,0.0,0.06604776976259683,0.010586799667895122,0.519732829147719,0.009594418264820723,0.7948470419497428,0.008017056582549486,0.5024706747508824,0.009316566923068693,0.8082470342225079,0.007410367710934081,0.017262154396836593,0.006943975087630776,-0.013399992272765227,0.005402815897468302,,
california,stateless,aligned,full,Ridge,5,0.0,0.0,1.0,0.0,0.0001937984496124031,0.0004333465072674011,,,,,,,,,99880.7424018136,15244.195833345835,,,,,,full test set,0.0001937984496124031,0.0004333465072674011,0.0,0.0,1.0,0.0,0.01706485019490565,0.013224905251575532,0.682883323660651,0.00927914520255837,0.6458820139184767,0.01011657271673256,0.6826454397898177,0.010242633468610159,0.646129652009779,0.010547481136130996,0.00023788387083318875,0.0014052949703111345,-0.00024763809130239344,0.0014486493492542414,,
california,stateless,aligned,full,XGBoost,5,0.0,0.0,1.0,0.0,0.05852713178294574,0.03502332302458969,,,,,,,,,99880.7424018136,15244.195833345835,,,,,,full test set,0.05852713178294574,0.03502332302458969,0.0,0.0,1.0,0.0,0.13293291979880872,0.020515173797535067,0.499013354566492,0.013723527341257978,0.8108712481917919,0.009248222741468822,0.46022483759597427,0.008914902305714074,0.8391437884198656,0.006189089842159275,0.03878851697051773,0.013703935477940531,-0.028272540228073705,0.010133041852973139,,
california,stateless,app,1,Random Forest,5,1.0,0.0,0.0,0.0,,,,,,,,,,,42.774398790936075,0.9515784770190514,,,,,ValueError: The feature names should match those that were passed during fit.,random,,,0.0,0.0,0.0,0.0,,,,,,,,,,,,,,,,
california,stateless,app,1,Ridge,5,1.0,0.0,0.0,0.0,,,,,,,,,,,42.774398790936075,0.9515784770190514,,,,,ValueError: The feature names should match those that were passed during fit.,random,,,0.0,0.0,0.0,0.0,,,,,,,,,,,,,,,,
california,stateless,app,1,XGBoost,5,1.0,0.0,0.0,0.0,,,,,,,,,,,42.774398790936075,0.9515784770190514,,,,,"ValueError: feature_names mismatch: ['MedInc', 'HouseAge', 'AveRooms', 'Population', 'AveOccup', 'Latitude', 'Longitude'] ['MedInc', 'HouseAge', 'AveRooms', 'AveBedrms', 'P",random,,,0.0,0.0,0.0,0.0,,,,,,,,,,,,,,,,
california,stateless,app,16,Random Forest,5,0.425,0.08657434485746918,0.575,0.08657434485746918,0.0,0.0,,,,,,,,,638.8423358693196,31.49123641671417,,,,,ValueError: The feature names should match those that were passed during fit.,random,0.0,0.0,0.0,0.0,0.575,0.08657434485746918,0.3815471079835705,0.01180214605231692,0.7311625169714314,0.02807700568260642,0.5817099258334466,0.0506260618063856,0.5013098215918663,0.04198819919077561,0.8025736392649592,0.036837128407258855,0.22985269537956504,0.01920187537519088,-0.22086371343151262,0.024574516855900046,,
california,stateless,app,16,Ridge,5,0.425,0.08657434485746918,0.575,0.08657434485746918,0.0,0.0,,,,,,,,,638.8423358693196,31.49123641671417,,,,,ValueError: The feature names should match those that were passed during fit.,random,0.0,0.0,0.0,0.0,0.575,0.08657434485746918,0.25583007053631623,0.023984122514655676,0.7707820338204361,0.03643870572057102,0.535529128732674,0.05402099277043387,0.6851674981026833,0.044753740829007016,0.6332089962801035,0.04558399567537867,0.08561453571775282,0.020061693503940468,-0.09767986754742952,0.02650270872697051,,
california,stateless,app,16,XGBoost,5,0.425,0.08657434485746918,0.575,0.08657434485746918,0.0,0.0,,,,,,,,,638.8423358693196,31.49123641671417,,,,,"ValueError: feature_names mismatch: ['MedInc', 'HouseAge', 'AveRooms', 'Population', 'AveOccup', 'Latitude', 'Longitude'] ['MedInc', 'HouseAge', 'AveRooms', 'Population', '",random,0.0,0.0,0.0,0.0,0.575,0.08657434485746918,0.4853804920924162,0.01889745813835501,0.7979562573830327,0.03982493383149768,0.5009338285068987,0.0727601759295767,0.45759526117564564,0.03514717371495069,0.8361482338783015,0.024103244176258667,0.34036099620738713,0.042672277242757586,-0.3352144053714027,0.06396593681767536,,
california,stateless,app,256,Random Forest,5,0.0,0.0,1.0,0.0,0.0013671875,0.0005348853100636387,,,,,,,,,9114.814297853069,725.969508138892,,,,,,random,0.0013671875,0.0005348853100636387,0.0,0.0,1.0,0.0,0.17817656851562486,0.0290952114016495,0.5764059489736565,0.025586678939729445,0.7428359008059456,0.01741825632079309,0.49476131127065626,0.015729783265876457,0.8104115034356949,0.012398327082924026,0.08164463770300015,0.01957231647401457,-0.06757560262974927,0.01598241894665246,,
california,stateless,app,256,Ridge,5,0.0,0.0,1.0,0.0,0.0,0.0,,,,,,,,,9114.814297853069,725.969508138892,,,,,,random,0.0,0.0,0.0,0.0,1.0,0.0,0.07027545191236012,0.02310854520728722,0.6952133810075537,0.022105465814838025,0.6259706649476943,0.01761374100611308,0.6896589908153757,0.024264981665132617,0.6318849874701451,0.019946989640451277,0.005554390192178005,0.003999327945331382,-0.005914322522450744,0.0042246016721272026,,
california,stateless,app,256,XGBoost,5,0.0,0.0,1.0,0.0,0.0041015625,0.0052316778265542475,,,,,,,,,9114.814297853069,725.969508138892,,,,,,random,0.0041015625,0.0052316778265542475,0.0,0.0,1.0,0.0,0.28308305281098,0.0368178270794363,0.6134570747299158,0.0418501512207501,0.708278328840737,0.0343531127805668,0.45485669483515456,0.02083239142572182,0.8394855172991162,0.016649581053603868,0.15860037989476128,0.038563123903228844,-0.13120718845837917,0.03363565526001542,,
california,stateless,app,full,Random Forest,5,0.0,0.0,1.0,0.0,0.0027131782945736434,0.001582975702781448,,,,,,,,,99880.7424018136,15244.195833345835,,,,,,full test set,0.0027131782945736434,0.001582975702781448,0.0,0.0,1.0,0.0,0.06604776976259683,0.010586799667895122,0.519732829147719,0.009594418264820723,0.7948470419497428,0.008017056582549486,0.5024706747508824,0.009316566923068693,0.8082470342225079,0.007410367710934081,0.017262154396836593,0.006943975087630776,-0.013399992272765227,0.005402815897468302,,
california,stateless,app,full,Ridge,5,0.0,0.0,1.0,0.0,0.0001937984496124031,0.0004333465072674011,,,,,,,,,99880.7424018136,15244.195833345835,,,,,,full test set,0.0001937984496124031,0.0004333465072674011,0.0,0.0,1.0,0.0,0.01706485019490565,0.013224905251575532,0.682883323660651,0.00927914520255837,0.6458820139184767,0.01011657271673256,0.6826454397898177,0.010242633468610159,0.646129652009779,0.010547481136130996,0.00023788387083318875,0.0014052949703111345,-0.00024763809130239344,0.0014486493492542414,,
california,stateless,app,full,XGBoost,5,0.0,0.0,1.0,0.0,0.05852713178294574,0.03502332302458969,,,,,,,,,99880.7424018136,15244.195833345835,,,,,,full test set,0.05852713178294574,0.03502332302458969,0.0,0.0,1.0,0.0,0.13293291979880872,0.020515173797535067,0.499013354566492,0.013723527341257978,0.8108712481917919,0.009248222741468822,0.46022483759597427,0.008914902305714074,0.8391437884198656,0.006189089842159275,0.03878851697051773,0.013703935477940531,-0.028272540228073705,0.010133041852973139,,
credit,stateful,aligned,1,Logistic Regression,5,0.0,0.0,1.0,0.0,0.9140625,0.01828285666684478,0.91171875,0.01968445769524422,0.6469556094042556,0.05076194854427884,0.9765625,0.0018269811458857135,0.8560502496805794,0.012215117115854072,383.45514503146524,22.148928965702382,-0.06484375,0.02124556551271531,-0.20909464027632385,0.062158920099228576,,minority-enriched (95 of 1024 rows are class 1),,,,,,,,,,,,,,,,,,,,,,
credit,stateful,aligned,1,Random Forest,5,0.0,0.0,1.0,0.0,1.0,0.0,0.9765625,0.0011960399134683486,0.8557163719814321,0.008432581333823071,0.9765625,0.0011960399134683486,0.8557163719814321,0.008432581333823071,383.45514503146524,22.148928965702382,0.0,0.0,0.0,0.0,,minority-enriched (95 of 1024 rows are class 1),,,,,,,,,,,,,,,,,,,,,,
credit,stateful,aligned,1,XGBoost,5,0.0,0.0,1.0,0.0,0.9998046875,0.00043673202685542777,0.9798828125,0.0016341016143243663,0.8783073322902851,0.011009739302207744,0.9796875,0.0018784554747725923,0.8769528983011206,0.012717743216548208,383.45514503146524,22.148928965702382,0.0001953125,0.00043673202685542777,0.0013544339891645274,0.0030286064708080966,,minority-enriched (95 of 1024 rows are class 1),,,,,,,,,,,,,,,,,,,,,,
credit,stateful,aligned,16,Logistic Regression,5,0.0,0.0,1.0,0.0,0.9140625,0.01828285666684478,0.91171875,0.01968445769524422,0.6469556094042556,0.05076194854427884,0.9765625,0.0018269811458857135,0.8560502496805794,0.012215117115854072,6406.513268986143,372.7823649077158,-0.06484375,0.02124556551271531,-0.20909464027632385,0.062158920099228576,,minority-enriched (95 of 1024 rows are class 1),,,,,,,,,,,,,,,,,,,,,,
credit,stateful,aligned,16,Random Forest,5,0.0,0.0,1.0,0.0,1.0,0.0,0.9765625,0.0011960399134683486,0.8557163719814321,0.008432581333823071,0.9765625,0.0011960399134683486,0.8557163719814321,0.008432581333823071,6406.513268986143,372.7823649077158,0.0,0.0,0.0,0.0,,minority-enriched (95 of 1024 rows are class 1),,,,,,,,,,,,,,,,,,,,,,
credit,stateful,aligned,16,XGBoost,5,0.0,0.0,1.0,0.0,0.9998046875,0.00043673202685542777,0.9798828125,0.0016341016143243663,0.8783073322902851,0.011009739302207744,0.9796875,0.0018784554747725923,0.8769528983011206,0.012717743216548208,6406.513268986143,372.7823649077158,0.0001953125,0.00043673202685542777,0.0013544339891645274,0.0030286064708080966,,minority-enriched (95 of 1024 rows are class 1),,,,,,,,,,,,,,,,,,,,,,
credit,stateful,aligned,256,Logistic Regression,5,0.0,0.0,1.0,0.0,0.9140625,0.01828285666684478,0.91171875,0.01968445769524422,0.6469556094042556,0.05076194854427884,0.9765625,0.0018269811458857135,0.8560502496805794,0.012215117115854072,94669.97708951631,12203.074682284467,-0.06484375,0.02124556551271531,-0.20909464027632385,0.062158920099228576,,minority-enriched (95 of 1024 rows are class 1),,,,,,,,,,,,,,,,,,,,,,
credit,stateful,aligned,256,Random Forest,5,0.0,0.0,1.0,0.0,1.0,0.0,0.9765625,0.0011960399134683486,0.8557163719814321,0.008432581333823071,0.9765625,0.0011960399134683486,0.8557163719814321,0.008432581333823071,94669.97708951631,12203.074682284467,0.0,0.0,0.0,0.0,,minority-enriched (95 of 1024 rows are class 1),,,,,,,,,,,,,,,,,,,,,,
credit,stateful,aligned,256,XGBoost,5,0.0,0.0,1.0,0.0,0.9998046875,0.00043673202685542777,0.9798828125,0.0016341016143243663,0.8783073322902851,0.011009739302207744,0.9796875,0.0018784554747725923,0.8769528983011206,0.012717743216548208,94669.97708951631,12203.074682284467,0.0001953125,0.00043673202685542777,0.0013544339891645274,0.0030286064708080966,,minority-enriched (95 of 1024 rows are class 1),,,,,,,,,,,,,,,,,,,,,,
credit,stateful,aligned,full,Logistic Regression,5,0.0,0.0,1.0,0.0,0.9199136633232365,0.01954300552804906,0.9197032630185188,0.019581808763077878,0.03721164069787954,0.008874828034497613,0.9993687990858469,4.1360906357345245e-05,0.8040241665669885,0.013299003385211745,1275013.7847663816,1013132.8151868463,-0.0796655360673281,0.01961952080335399,-0.7668125258691088,0.02194563582924311,,full test set,,,,,,,,,,,,,,,,,,,,,,
credit,stateful,aligned,full,Random Forest,5,0.0,0.0,1.0,0.0,0.9999818620426968,2.565094521200305e-05,0.9994993923784303,4.175671352265383e-05,0.837649823298455,0.01337811432042264,0.9995102751528122,2.8678628590567627e-05,0.8405856106047725,0.009766682144681788,1275013.7847663816,1013132.8151868463,-1.0882774381970606e-05,1.6223082201242683e-05,-0.0029357873063174723,0.0043497461992613754,,full test set,,,,,,,,,,,,,,,,,,,,,,
credit,stateful,aligned,full,XGBoost,5,0.0,0.0,1.0,0.0,0.9999310757622476,3.9322154406007695e-05,0.9994848820125878,9.901397757391374e-05,0.8401299121736979,0.027423035372781394,0.9995465510674189,7.587651919305528e-05,0.8559696190870516,0.022688742555753472,1275013.7847663816,1013132.8151868463,-6.166905483104835e-05,2.75075742079831e-05,-0.0158397069133537,0.006356155082042798,,full test set,,,,,,,,,,,,,,,,,,,,,,
credit,stateful,app,1,Logistic Regression,5,0.0,0.0,1.0,0.0,0.9140625,0.01828285666684478,0.91171875,0.01968445769524422,0.6469556094042556,0.05076194854427884,0.9765625,0.0018269811458857135,0.8560502496805794,0.012215117115854072,383.45514503146524,22.148928965702382,-0.06484375,0.02124556551271531,-0.20909464027632385,0.062158920099228576,,minority-enriched (95 of 1024 rows are class 1),,,,,,,,,,,,,,,,,,,,,,
credit,stateful,app,1,Random Forest,5,0.0,0.0,1.0,0.0,1.0,0.0,0.9765625,0.0011960399134683486,0.8557163719814321,0.008432581333823071,0.9765625,0.0011960399134683486,0.8557163719814321,0.008432581333823071,383.45514503146524,22.148928965702382,0.0,0.0,0.0,0.0,,minority-enriched (95 of 1024 rows are class 1),,,,,,,,,,,,,,,,,,,,,,
credit,stateful,app,1,XGBoost,5,0.0,0.0,1.0,0.0,0.9998046875,0.00043673202685542777,0.9798828125,0.0016341016143243663,0.8783073322902851,0.011009739302207744,0.9796875,0.0018784554747725923,0.8769528983011206,0.012717743216548208,383.45514503146524,22.148928965702382,0.0001953125,0.00043673202685542777,0.0013544339891645274,0.0030286064708080966,,minority-enriched (95 of 1024 rows are class 1),,,,,,,,,,,,,,,,,,,,,,
credit,stateful,app,16,Logistic Regression,5,0.0,0.0,1.0,0.0,0.9140625,0.01828285666684478,0.91171875,0.01968445769524422,0.6469556094042556,0.05076194854427884,0.9765625,0.0018269811458857135,0.8560502496805794,0.012215117115854072,6406.513268986143,372.7823649077158,-0.06484375,0.02124556551271531,-0.20909464027632385,0.062158920099228576,,minority-enriched (95 of 1024 rows are class 1),,,,,,,,,,,,,,,,,,,,,,
credit,stateful,app,16,Random Forest,5,0.0,0.0,1.0,0.0,1.0,0.0,0.9765625,0.0011960399134683486,0.8557163719814321,0.008432581333823071,0.9765625,0.0011960399134683486,0.8557163719814321,0.008432581333823071,6406.513268986143,372.7823649077158,0.0,0.0,0.0,0.0,,minority-enriched (95 of 1024 rows are class 1),,,,,,,,,,,,,,,,,,,,,,
credit,stateful,app,16,XGBoost,5,0.0,0.0,1.0,0.0,0.9998046875,0.00043673202685542777,0.9798828125,0.0016341016143243663,0.8783073322902851,0.011009739302207744,0.9796875,0.0018784554747725923,0.8769528983011206,0.012717743216548208,6406.513268986143,372.7823649077158,0.0001953125,0.00043673202685542777,0.0013544339891645274,0.0030286064708080966,,minority-enriched (95 of 1024 rows are class 1),,,,,,,,,,,,,,,,,,,,,,
credit,stateful,app,256,Logistic Regression,5,0.0,0.0,1.0,0.0,0.9140625,0.01828285666684478,0.91171875,0.01968445769524422,0.6469556094042556,0.05076194854427884,0.9765625,0.0018269811458857135,0.8560502496805794,0.012215117115854072,94669.97708951631,12203.074682284467,-0.06484375,0.02124556551271531,-0.20909464027632385,0.062158920099228576,,minority-enriched (95 of 1024 rows are class 1),,,,,,,,,,,,,,,,,,,,,,
credit,stateful,app,256,Random Forest,5,0.0,0.0,1.0,0.0,1.0,0.0,0.9765625,0.0011960399134683486,0.8557163719814321,0.008432581333823071,0.9765625,0.0011960399134683486,0.8557163719814321,0.008432581333823071,94669.97708951631,12203.074682284467,0.0,0.0,0.0,0.0,,minority-enriched (95 of 1024 rows are class 1),,,,,,,,,,,,,,,,,,,,,,
credit,stateful,app,256,XGBoost,5,0.0,0.0,1.0,0.0,0.9998046875,0.00043673202685542777,0.9798828125,0.0016341016143243663,0.8783073322902851,0.011009739302207744,0.9796875,0.0018784554747725923,0.8769528983011206,0.012717743216548208,94669.97708951631,12203.074682284467,0.0001953125,0.00043673202685542777,0.0013544339891645274,0.0030286064708080966,,minority-enriched (95 of 1024 rows are class 1),,,,,,,,,,,,,,,,,,,,,,
credit,stateful,app,full,Logistic Regression,5,0.0,0.0,1.0,0.0,0.9199136633232365,0.01954300552804906,0.9197032630185188,0.019581808763077878,0.03721164069787954,0.008874828034497613,0.9993687990858469,4.1360906357345245e-05,0.8040241665669885,0.013299003385211745,1275013.7847663816,1013132.8151868463,-0.0796655360673281,0.01961952080335399,-0.7668125258691088,0.02194563582924311,,full test set,,,,,,,,,,,,,,,,,,,,,,
credit,stateful,app,full,Random Forest,5,0.0,0.0,1.0,0.0,0.9999818620426968,2.565094521200305e-05,0.9994993923784303,4.175671352265383e-05,0.837649823298455,0.01337811432042264,0.9995102751528122,2.8678628590567627e-05,0.8405856106047725,0.009766682144681788,1275013.7847663816,1013132.8151868463,-1.0882774381970606e-05,1.6223082201242683e-05,-0.0029357873063174723,0.0043497461992613754,,full test set,,,,,,,,,,,,,,,,,,,,,,
credit,stateful,app,full,XGBoost,5,0.0,0.0,1.0,0.0,0.9999310757622476,3.9322154406007695e-05,0.9994848820125878,9.901397757391374e-05,0.8401299121736979,0.027423035372781394,0.9995465510674189,7.587651919305528e-05,0.8559696190870516,0.022688742555753472,1275013.7847663816,1013132.8151868463,-6.166905483104835e-05,2.75075742079831e-05,-0.0158397069133537,0.006356155082042798,,full test set,,,,,,,,,,,,,,,,,,,,,,
credit,stateless,aligned,1,Logistic Regression,5,0.0,0.0,1.0,0.0,0.9298828125,0.0012732817197661423,0.9072265625,0.0,0.0,0.0,0.9765625,0.0018269811458857135,0.8560502496805794,0.012215117115854072,13.841971794508012,0.6413631073349501,-0.0693359375,0.0018269811458857135,-0.8560502496805794,0.012215117115854072,,minority-enriched (95 of 1024 rows are class 1),0.8447265625,0.019640806016717544,1.0,0.0,1.0,0.0,,,,,,,,,,,,,,,0.8447265625,0.019640806016717544
credit,stateless,aligned,1,Random Forest,5,0.0,0.0,1.0,0.0,0.9302734375,0.0014810303601663184,0.9072265625,0.0,0.0,0.0,0.9765625,0.0011960399134683486,0.8557163719814321,0.008432581333823071,13.841971794508012,0.6413631073349501,-0.0693359375,0.0011960399134683486,-0.8557163719814321,0.008432581333823071,,minority-enriched (95 of 1024 rows are class 1),0.9302734375,0.0014810303601663184,1.0,0.0,1.0,0.0,,,,,,,,,,,,,,,0.9302734375,0.0014810303601663184
credit,stateless,aligned,1,XGBoost,5,0.0,0.0,1.0,0.0,0.9275390625,0.0018784554747725923,0.9072265625,0.0,0.0,0.0,0.9796875,0.0018784554747725923,0.8769528983011206,0.012717743216548208,13.841971794508012,0.6413631073349501,-0.0724609375,0.0018784554747725921,-0.8769528983011206,0.012717743216548208,,minority-enriched (95 of 1024 rows are class 1),0.92734375,0.0016341016143243663,1.0,0.0,1.0,0.0,,,,,,,,,,,,,,,0.92734375,0.0016341016143243663
credit,stateless,aligned,16,Logistic Regression,5,0.0,0.0,1.0,0.0,0.959375,0.00342493709311527,0.937109375,0.003209311860381833,0.48643012249025136,0.039714148324914315,0.9765625,0.0018269811458857135,0.8560502496805794,0.012215117115854072,186.31793550742816,6.065669187553711,-0.039453125,0.004061842645133871,-0.36962012719032805,0.04411942952111431,,minority-enriched (95 of 1024 rows are class 1),0.874609375,0.0219194233638905,1.0,0.0,1.0,0.0,,,,,,,,,,,,,,,0.874609375,0.0219194233638905
credit,stateless,aligned,16,Random Forest,5,0.0,0.0,1.0,0.0,0.9310546875,0.0017740138793539992,0.9080078125,0.00043673202685542777,0.016666666666666666,0.009316949906249124,0.9765625,0.0011960399134683486,0.8557163719814321,0.008432581333823071,186.31793550742816,6.065669187553711,-0.0685546875,0.0012732817197661423,-0.8390497053147655,0.01314432211788067,,minority-enriched (95 of 1024 rows are class 1),0.9310546875,0.0017740138793539992,1.0,0.0,1.0,0.0,,,,,,,,,,,,,,,0.9310546875,0.0017740138793539992
credit,stateless,aligned,16,XGBoost,5,0.0,0.0,1.0,0.0,0.937109375,0.003819845159298427,0.916796875,0.0035480277587079984,0.1853397984751497,0.06069787984019794,0.9796875,0.0018784554747725923,0.8769528983011206,0.012717743216548208,186.31793550742816,6.065669187553711,-0.062890625,0.003819845159298427,-0.6916130998259706,0.060619047485418354,,minority-enriched (95 of 1024 rows are class 1),0.9369140625,0.003819845159298427,1.0,0.0,1.0,0.0,,,,,,,,,,,,,,,0.9369140625,0.003819845159298427
credit,stateless,aligned,256,Logistic Regression,5,0.0,0.0,1.0,0.0,0.97578125,0.004050086201821821,0.953125,0.003588119740405046,0.6612584621431414,0.0344680534871956,0.9765625,0.0018269811458857135,0.8560502496805794,0.012215117115854072,2692.608284025448,202.66617952176918,-0.0234375,0.004979511243742954,-0.1947917875374378,0.04304394800489783,,minority-enriched (95 of 1024 rows are class 1),0.890625,0.020144190766344012,1.0,0.0,1.0,0.0,,,,,,,,,,,,,,,0.890625,0.020144190766344012
credit,stateless,aligned,256,Random Forest,5,0.0,0.0,1.0,0.0,0.9302734375,0.0014810303601663184,0.9072265625,0.0,0.0,0.0,0.9765625,0.0011960399134683486,0.8557163719814321,0.008432581333823071,2692.608284025448,202.66617952176918,-0.0693359375,0.0011960399134683486,-0.8557163719814321,0.008432581333823071,,minority-enriched (95 of 1024 rows are class 1),0.9302734375,0.0014810303601663184,1.0,0.0,1.0,0.0,,,,,,,,,,,,,,,0.9302734375,0.0014810303601663184
credit,stateless,aligned,256,XGBoost,5,0.0,0.0,1.0,0.0,0.939453125,0.013724091135307809,0.919140625,0.013800317423390236,0.20546647757779493,0.21060607218196226,0.9796875,0.0018784554747725923,0.8769528983011206,0.012717743216548208,2692.608284025448,202.66617952176918,-0.060546875,0.013724091135307809,-0.6714864207233255,0.2100619435935244,,minority-enriched (95 of 1024 rows are class 1),0.9392578125,0.013817582934237495,1.0,0.0,1.0,0.0,,,,,,,,,,,,,,,0.9392578125,0.013817582934237495
credit,stateless,aligned,full,Logistic Regression,5,0.0,0.0,1.0,0.0,0.9999963724085393,8.111541100593412e-06,0.9993724266773076,3.761166878880666e-05,0.8049305705078751,0.012081195098933111,0.9993687990858469,4.1360906357345245e-05,0.8040241665669885,0.013299003385211745,63822.33128245112,2105.389478700143,3.62759146066427e-06,8.111541100643063e-06,0.000906403940886702,0.002026780826896366,,full test set,0.9199100357317759,0.01953818201319261,1.0,0.0,1.0,0.0,,,,,,,,,,,,,,,0.9199100357317759,0.01953818201319261
credit,stateless,aligned,full,Random Forest,5,0.0,0.0,1.0,0.0,0.9999238205793264,6.204135953597364e-05,0.9994631164638237,3.53573879339545e-05,0.8228200364096173,0.013808090549392875,0.9995102751528122,2.8678628590567627e-05,0.8405856106047725,0.009766682144681788,63822.33128245112,2105.389478700143,-4.715868898843567e-05,2.7507574208038003e-05,-0.01776557419515512,0.010296047677848323,,full test set,0.9999274481707869,4.0557705503053945e-05,1.0,0.0,1.0,0.0,,,,,,,,,,,,,,,0.9999274481707869,4.0557705503053945e-05
credit,stateless,aligned,full,XGBoost,5,0.0,0.0,1.0,0.0,0.9999709792683149,2.750757420800506e-05,0.9995247855186549,8.73639713332889e-05,0.8499637341040056,0.02436511157192665,0.9995465510674189,7.587651919305528e-05,0.8559696190870516,0.022688742555753472,63822.33128245112,2105.389478700143,-2.1765548763896804e-05,1.517530383863096e-05,-0.006005884983046062,0.003615427192610797,,full test set,0.9999310757622476,2.980370508615903e-05,1.0,0.0,1.0,0.0,,,,,,,,,,,,,,,0.9999310757622476,2.980370508615903e-05
credit,stateless,app,1,Logistic Regression,5,0.0,0.0,1.0,0.0,0.9298828125,0.0012732817197661423,0.9072265625,0.0,0.0,0.0,0.9765625,0.0018269811458857135,0.8560502496805794,0.012215117115854072,13.841971794508012,0.6413631073349501,-0.0693359375,0.0018269811458857135,-0.8560502496805794,0.012215117115854072,,minority-enriched (95 of 1024 rows are class 1),0.8447265625,0.019640806016717544,1.0,0.0,1.0,0.0,,,,,,,,,,,,,,,0.8447265625,0.019640806016717544
credit,stateless,app,1,Random Forest,5,0.0,0.0,1.0,0.0,0.9302734375,0.0014810303601663184,0.9072265625,0.0,0.0,0.0,0.9765625,0.0011960399134683486,0.8557163719814321,0.008432581333823071,13.841971794508012,0.6413631073349501,-0.0693359375,0.0011960399134683486,-0.8557163719814321,0.008432581333823071,,minority-enriched (95 of 1024 rows are class 1),0.9302734375,0.0014810303601663184,1.0,0.0,1.0,0.0,,,,,,,,,,,,,,,0.9302734375,0.0014810303601663184
credit,stateless,app,1,XGBoost,5,0.0,0.0,1.0,0.0,0.9275390625,0.0018784554747725923,0.9072265625,0.0,0.0,0.0,0.9796875,0.0018784554747725923,0.8769528983011206,0.012717743216548208,13.841971794508012,0.6413631073349501,-0.0724609375,0.0018784554747725921,-0.8769528983011206,0.012717743216548208,,minority-enriched (95 of 1024 rows are class 1),0.92734375,0.0016341016143243663,1.0,0.0,1.0,0.0,,,,,,,,,,,,,,,0.92734375,0.0016341016143243663
credit,stateless,app,16,Logistic Regression,5,0.271875,0.05134898976610932,0.728125,0.05134898976610932,0.9555018958543984,0.0039126670244633175,0.9340852904678739,0.002564990078947824,0.4920252203995091,0.05948457628620133,0.9769338174464565,0.0022186702230959214,0.8675937024092557,0.015698149840726483,186.31793550742816,6.065669187553711,-0.04284852697858257,0.004425255128630854,-0.37556848200974674,0.06083377880201434,ValueError: The feature names should match those that were passed during fit.,minority-enriched (95 of 1024 rows are class 1),0.8703362096700065,0.020405444760533867,0.728125,0.05134898976610932,0.728125,0.05134898976610932,,,,,,,,,,,,,,,0.8703362096700065,0.020405444760533867
credit,stateless,app,16,Random Forest,5,0.271875,0.05134898976610932,0.728125,0.05134898976610932,0.9242082107730489,0.005938636889373283,0.9027517694641052,0.004352709339868899,0.021819768085513027,0.012271116269809814,0.9780435586910562,0.0019241983663891083,0.8738759858038856,0.01762029726452383,186.31793550742816,6.065669187553711,-0.07529178922695098,0.00612430768638492,-0.8520562177183726,0.019820129744921096,ValueError: The feature names should match those that were passed during fit.,minority-enriched (95 of 1024 rows are class 1),0.9242082107730489,0.005938636889373283,0.728125,0.05134898976610932,0.728125,0.05134898976610932,,,,,,,,,,,,,,,0.9242082107730489,0.005938636889373283
credit,stateless,app,16,XGBoost,5,0.271875,0.05134898976610932,0.728125,0.05134898976610932,0.9307515511535988,0.005879410072075517,0.9123033826638478,0.003704361697265345,0.19143053417563222,0.06999812147245221,0.981551831510249,0.002797608755277668,0.8953624009240198,0.02195597141337111,186.31793550742816,6.065669187553711,-0.06924844884640129,0.005879410072075542,-0.7039318667483874,0.06485602984119326,"ValueError: feature_names mismatch: ['V1', 'V2', 'V3', 'V4', 'V5', 'V6', 'V7', 'V8', 'V9', 'V10', 'V11', 'V12', 'V13', 'V14', 'V15', 'V16', 'V17', 'V18', 'V19', 'V20', 'V21",minority-enriched (95 of 1024 rows are class 1),0.9304674602445078,0.005584524523833326,0.728125,0.05134898976610932,0.728125,0.05134898976610932,,,,,,,,,,,,,,,0.9304674602445078,0.005584524523833326
credit,stateless,app,256,Logistic Regression,5,0.0,0.0,1.0,0.0,0.97578125,0.004050086201821821,0.953125,0.003588119740405046,0.6612584621431414,0.0344680534871956,0.9765625,0.0018269811458857135,0.8560502496805794,0.012215117115854072,2692.608284025448,202.66617952176918,-0.0234375,0.004979511243742954,-0.1947917875374378,0.04304394800489783,,minority-enriched (95 of 1024 rows are class 1),0.890625,0.020144190766344012,1.0,0.0,1.0,0.0,,,,,,,,,,,,,,,0.890625,0.020144190766344012
credit,stateless,app,256,Random Forest,5,0.0,0.0,1.0,0.0,0.9302734375,0.0014810303601663184,0.9072265625,0.0,0.0,0.0,0.9765625,0.0011960399134683486,0.8557163719814321,0.008432581333823071,2692.608284025448,202.66617952176918,-0.0693359375,0.0011960399134683486,-0.8557163719814321,0.008432581333823071,,minority-enriched (95 of 1024 rows are class 1),0.9302734375,0.0014810303601663184,1.0,0.0,1.0,0.0,,,,,,,,,,,,,,,0.9302734375,0.0014810303601663184
credit,stateless,app,256,XGBoost,5,0.0,0.0,1.0,0.0,0.939453125,0.013724091135307809,0.919140625,0.013800317423390236,0.20546647757779493,0.21060607218196226,0.9796875,0.0018784554747725923,0.8769528983011206,0.012717743216548208,2692.608284025448,202.66617952176918,-0.060546875,0.013724091135307809,-0.6714864207233255,0.2100619435935244,,minority-enriched (95 of 1024 rows are class 1),0.9392578125,0.013817582934237495,1.0,0.0,1.0,0.0,,,,,,,,,,,,,,,0.9392578125,0.013817582934237495
credit,stateless,app,full,Logistic Regression,5,0.0,0.0,1.0,0.0,0.9999963724085393,8.111541100593412e-06,0.9993724266773076,3.761166878880666e-05,0.8049305705078751,0.012081195098933111,0.9993687990858469,4.1360906357345245e-05,0.8040241665669885,0.013299003385211745,63822.33128245112,2105.389478700143,3.62759146066427e-06,8.111541100643063e-06,0.000906403940886702,0.002026780826896366,,full test set,0.9199100357317759,0.01953818201319261,1.0,0.0,1.0,0.0,,,,,,,,,,,,,,,0.9199100357317759,0.01953818201319261
credit,stateless,app,full,Random Forest,5,0.0,0.0,1.0,0.0,0.9999238205793264,6.204135953597364e-05,0.9994631164638237,3.53573879339545e-05,0.8228200364096173,0.013808090549392875,0.9995102751528122,2.8678628590567627e-05,0.8405856106047725,0.009766682144681788,63822.33128245112,2105.389478700143,-4.715868898843567e-05,2.7507574208038003e-05,-0.01776557419515512,0.010296047677848323,,full test set,0.9999274481707869,4.0557705503053945e-05,1.0,0.0,1.0,0.0,,,,,,,,,,,,,,,0.9999274481707869,4.0557705503053945e-05
credit,stateless,app,full,XGBoost,5,0.0,0.0,1.0,0.0,0.9999709792683149,2.750757420800506e-05,0.9995247855186549,8.73639713332889e-05,0.8499637341040056,0.02436511157192665,0.9995465510674189,7.587651919305528e-05,0.8559696190870516,0.022688742555753472,63822.33128245112,2105.389478700143,-2.1765548763896804e-05,1.517530383863096e-05,-0.006005884983046062,0.003615427192610797,,full test set,0.9999310757622476,2.980370508615903e-05,1.0,0.0,1.0,0.0,,,,,,,,,,,,,,,0.9999310757622476,2.980370508615903e-05
