dataset,seed,variant,model,perturbed_column,status,error,agreement_vs_offline
adult,0,baseline,XGBoost,,crash,"ValueError: feature_names mismatch: ['age', 'fnlwgt', 'education', 'education-num', 'occupation', 'sex', 'hours-per-week', 'workclass_Local-gov', 'workclass_Never-worked', ",
adult,0,baseline,Random Forest,,crash,ValueError: The feature names should match those that were passed during fit.,
adult,0,baseline,Logistic Regression,,crash,ValueError: The feature names should match those that were passed during fit.,
adult,0,reordered_columns,XGBoost,,crash,"ValueError: feature_names mismatch: ['age', 'fnlwgt', 'education', 'education-num', 'occupation', 'sex', 'hours-per-week', 'workclass_Local-gov', 'workclass_Never-worked', ",
adult,0,reordered_columns,Random Forest,,crash,ValueError: The feature names should match those that were passed during fit.,
adult,0,reordered_columns,Logistic Regression,,crash,ValueError: The feature names should match those that were passed during fit.,
adult,0,unseen_category,XGBoost,workclass,crash,"ValueError: feature_names mismatch: ['age', 'fnlwgt', 'education', 'education-num', 'occupation', 'sex', 'hours-per-week', 'workclass_Local-gov', 'workclass_Never-worked', ",
adult,0,unseen_category,Random Forest,workclass,crash,ValueError: The feature names should match those that were passed during fit.,
adult,0,unseen_category,Logistic Regression,workclass,crash,ValueError: The feature names should match those that were passed during fit.,
adult,0,missing_column,XGBoost,age,crash,ValueError: The feature names should match those that were passed during fit.,
adult,0,missing_column,Random Forest,age,crash,ValueError: The feature names should match those that were passed during fit.,
adult,0,missing_column,Logistic Regression,age,crash,ValueError: The feature names should match those that were passed during fit.,
adult,1,baseline,XGBoost,,crash,"ValueError: feature_names mismatch: ['age', 'fnlwgt', 'education', 'education-num', 'occupation', 'sex', 'hours-per-week', 'workclass_Local-gov', 'workclass_Never-worked', ",
adult,1,baseline,Random Forest,,crash,ValueError: The feature names should match those that were passed during fit.,
adult,1,baseline,Logistic Regression,,crash,ValueError: The feature names should match those that were passed during fit.,
adult,1,reordered_columns,XGBoost,,crash,"ValueError: feature_names mismatch: ['age', 'fnlwgt', 'education', 'education-num', 'occupation', 'sex', 'hours-per-week', 'workclass_Local-gov', 'workclass_Never-worked', ",
adult,1,reordered_columns,Random Forest,,crash,ValueError: The feature names should match those that were passed during fit.,
adult,1,reordered_columns,Logistic Regression,,crash,ValueError: The feature names should match those that were passed during fit.,
adult,1,unseen_category,XGBoost,workclass,crash,"ValueError: feature_names mismatch: ['age', 'fnlwgt', 'education', 'education-num', 'occupation', 'sex', 'hours-per-week', 'workclass_Local-gov', 'workclass_Never-worked', ",
adult,1,unseen_category,Random Forest,workclass,crash,ValueError: The feature names should match those that were passed during fit.,
adult,1,unseen_category,Logistic Regression,workclass,crash,ValueError: The feature names should match those that were passed during fit.,
adult,1,missing_column,XGBoost,age,crash,ValueError: The feature names should match those that were passed during fit.,
adult,1,missing_column,Random Forest,age,crash,ValueError: The feature names should match those that were passed during fit.,
adult,1,missing_column,Logistic Regression,age,crash,ValueError: The feature names should match those that were passed during fit.,
adult,2,baseline,XGBoost,,crash,"ValueError: feature_names mismatch: ['age', 'fnlwgt', 'education', 'education-num', 'occupation', 'sex', 'hours-per-week', 'workclass_Local-gov', 'workclass_Never-worked', ",
adult,2,baseline,Random Forest,,crash,ValueError: The feature names should match those that were passed during fit.,
adult,2,baseline,Logistic Regression,,crash,ValueError: The feature names should match those that were passed during fit.,
adult,2,reordered_columns,XGBoost,,crash,"ValueError: feature_names mismatch: ['age', 'fnlwgt', 'education', 'education-num', 'occupation', 'sex', 'hours-per-week', 'workclass_Local-gov', 'workclass_Never-worked', ",
adult,2,reordered_columns,Random Forest,,crash,ValueError: The feature names should match those that were passed during fit.,
adult,2,reordered_columns,Logistic Regression,,crash,ValueError: The feature names should match those that were passed during fit.,
adult,2,unseen_category,XGBoost,workclass,crash,"ValueError: feature_names mismatch: ['age', 'fnlwgt', 'education', 'education-num', 'occupation', 'sex', 'hours-per-week', 'workclass_Local-gov', 'workclass_Never-worked', ",
adult,2,unseen_category,Random Forest,workclass,crash,ValueError: The feature names should match those that were passed during fit.,
adult,2,unseen_category,Logistic Regression,workclass,crash,ValueError: The feature names should match those that were passed during fit.,
adult,2,missing_column,XGBoost,age,crash,ValueError: The feature names should match those that were passed during fit.,
adult,2,missing_column,Random Forest,age,crash,ValueError: The feature names should match those that were passed during fit.,
adult,2,missing_column,Logistic Regression,age,crash,ValueError: The feature names should match those that were passed during fit.,
adult,3,baseline,XGBoost,,crash,"ValueError: feature_names mismatch: ['age', 'fnlwgt', 'education', 'education-num', 'occupation', 'sex', 'hours-per-week', 'workclass_Local-gov', 'workclass_Never-worked', ",
adult,3,baseline,Random Forest,,crash,ValueError: The feature names should match those that were passed during fit.,
adult,3,baseline,Logistic Regression,,crash,ValueError: The feature names should match those that were passed during fit.,
adult,3,reordered_columns,XGBoost,,crash,"ValueError: feature_names mismatch: ['age', 'fnlwgt', 'education', 'education-num', 'occupation', 'sex', 'hours-per-week', 'workclass_Local-gov', 'workclass_Never-worked', ",
adult,3,reordered_columns,Random Forest,,crash,ValueError: The feature names should match those that were passed during fit.,
adult,3,reordered_columns,Logistic Regression,,crash,ValueError: The feature names should match those that were passed during fit.,
adult,3,unseen_category,XGBoost,workclass,crash,"ValueError: feature_names mismatch: ['age', 'fnlwgt', 'education', 'education-num', 'occupation', 'sex', 'hours-per-week', 'workclass_Local-gov', 'workclass_Never-worked', ",
adult,3,unseen_category,Random Forest,workclass,crash,ValueError: The feature names should match those that were passed during fit.,
adult,3,unseen_category,Logistic Regression,workclass,crash,ValueError: The feature names should match those that were passed during fit.,
adult,3,missing_column,XGBoost,age,crash,ValueError: The feature names should match those that were passed during fit.,
adult,3,missing_column,Random Forest,age,crash,ValueError: The feature names should match those that were passed during fit.,
adult,3,missing_column,Logistic Regression,age,crash,ValueError: The feature names should match those that were passed during fit.,
adult,4,baseline,XGBoost,,crash,"ValueError: feature_names mismatch: ['age', 'fnlwgt', 'education', 'education-num', 'occupation', 'sex', 'hours-per-week', 'workclass_Local-gov', 'workclass_Never-worked', ",
adult,4,baseline,Random Forest,,crash,ValueError: The feature names should match those that were passed during fit.,
adult,4,baseline,Logistic Regression,,crash,ValueError: The feature names should match those that were passed during fit.,
adult,4,reordered_columns,XGBoost,,crash,"ValueError: feature_names mismatch: ['age', 'fnlwgt', 'education', 'education-num', 'occupation', 'sex', 'hours-per-week', 'workclass_Local-gov', 'workclass_Never-worked', ",
adult,4,reordered_columns,Random Forest,,crash,ValueError: The feature names should match those that were passed during fit.,
adult,4,reordered_columns,Logistic Regression,,crash,ValueError: The feature names should match those that were passed during fit.,
adult,4,unseen_category,XGBoost,workclass,crash,"ValueError: feature_names mismatch: ['age', 'fnlwgt', 'education', 'education-num', 'occupation', 'sex', 'hours-per-week', 'workclass_Local-gov', 'workclass_Never-worked', ",
adult,4,unseen_category,Random Forest,workclass,crash,ValueError: The feature names should match those that were passed during fit.,
adult,4,unseen_category,Logistic Regression,workclass,crash,ValueError: The feature names should match those that were passed during fit.,
adult,4,missing_column,XGBoost,age,crash,ValueError: The feature names should match those that were passed during fit.,
adult,4,missing_column,Random Forest,age,crash,ValueError: The feature names should match those that were passed during fit.,
adult,4,missing_column,Logistic Regression,age,crash,ValueError: The feature names should match those that were passed during fit.,
credit,0,baseline,XGBoost,,ok,,1.0
credit,0,baseline,Random Forest,,ok,,1.0
credit,0,baseline,Logistic Regression,,ok,,0.984375
credit,0,reordered_columns,XGBoost,,crash,"ValueError: feature_names mismatch: ['V1', 'V2', 'V3', 'V4', 'V5', 'V6', 'V7', 'V8', 'V9', 'V10', 'V11', 'V12', 'V13', 'V14', 'V15', 'V16', 'V17', 'V18', 'V19', 'V20', 'V21",
credit,0,reordered_columns,Random Forest,,crash,ValueError: The feature names should match those that were passed during fit.,
credit,0,reordered_columns,Logistic Regression,,crash,ValueError: The feature names should match those that were passed during fit.,
credit,0,missing_column,XGBoost,V14,crash,ValueError: The feature names should match those that were passed during fit.,
credit,0,missing_column,Random Forest,V14,crash,ValueError: The feature names should match those that were passed during fit.,
credit,0,missing_column,Logistic Regression,V14,crash,ValueError: The feature names should match those that were passed during fit.,
credit,1,baseline,XGBoost,,ok,,1.0
credit,1,baseline,Random Forest,,ok,,1.0
credit,1,baseline,Logistic Regression,,ok,,0.984375
credit,1,reordered_columns,XGBoost,,crash,"ValueError: feature_names mismatch: ['V1', 'V2', 'V3', 'V4', 'V5', 'V6', 'V7', 'V8', 'V9', 'V10', 'V11', 'V12', 'V13', 'V14', 'V15', 'V16', 'V17', 'V18', 'V19', 'V20', 'V21",
credit,1,reordered_columns,Random Forest,,crash,ValueError: The feature names should match those that were passed during fit.,
credit,1,reordered_columns,Logistic Regression,,crash,ValueError: The feature names should match those that were passed during fit.,
credit,1,missing_column,XGBoost,V14,crash,ValueError: The feature names should match those that were passed during fit.,
credit,1,missing_column,Random Forest,V14,crash,ValueError: The feature names should match those that were passed during fit.,
credit,1,missing_column,Logistic Regression,V14,crash,ValueError: The feature names should match those that were passed during fit.,
credit,2,baseline,XGBoost,,ok,,1.0
credit,2,baseline,Random Forest,,ok,,1.0
credit,2,baseline,Logistic Regression,,ok,,0.90625
credit,2,reordered_columns,XGBoost,,crash,"ValueError: feature_names mismatch: ['V1', 'V2', 'V3', 'V4', 'V5', 'V6', 'V7', 'V8', 'V9', 'V10', 'V11', 'V12', 'V13', 'V14', 'V15', 'V16', 'V17', 'V18', 'V19', 'V20', 'V21",
credit,2,reordered_columns,Random Forest,,crash,ValueError: The feature names should match those that were passed during fit.,
credit,2,reordered_columns,Logistic Regression,,crash,ValueError: The feature names should match those that were passed during fit.,
credit,2,missing_column,XGBoost,V14,crash,ValueError: The feature names should match those that were passed during fit.,
credit,2,missing_column,Random Forest,V14,crash,ValueError: The feature names should match those that were passed during fit.,
credit,2,missing_column,Logistic Regression,V14,crash,ValueError: The feature names should match those that were passed during fit.,
credit,3,baseline,XGBoost,,ok,,1.0
credit,3,baseline,Random Forest,,ok,,1.0
credit,3,baseline,Logistic Regression,,ok,,0.90625
credit,3,reordered_columns,XGBoost,,crash,"ValueError: feature_names mismatch: ['V1', 'V2', 'V3', 'V4', 'V5', 'V6', 'V7', 'V8', 'V9', 'V10', 'V11', 'V12', 'V13', 'V14', 'V15', 'V16', 'V17', 'V18', 'V19', 'V20', 'V21",
credit,3,reordered_columns,Random Forest,,crash,ValueError: The feature names should match those that were passed during fit.,
credit,3,reordered_columns,Logistic Regression,,crash,ValueError: The feature names should match those that were passed during fit.,
credit,3,missing_column,XGBoost,V14,crash,ValueError: The feature names should match those that were passed during fit.,
credit,3,missing_column,Random Forest,V14,crash,ValueError: The feature names should match those that were passed during fit.,
credit,3,missing_column,Logistic Regression,V14,crash,ValueError: The feature names should match those that were passed during fit.,
credit,4,baseline,XGBoost,,ok,,1.0
credit,4,baseline,Random Forest,,ok,,1.0
credit,4,baseline,Logistic Regression,,ok,,0.890625
credit,4,reordered_columns,XGBoost,,crash,"ValueError: feature_names mismatch: ['V1', 'V2', 'V3', 'V4', 'V5', 'V6', 'V7', 'V8', 'V9', 'V10', 'V11', 'V12', 'V13', 'V14', 'V15', 'V16', 'V17', 'V18', 'V19', 'V20', 'V21",
credit,4,reordered_columns,Random Forest,,crash,ValueError: The feature names should match those that were passed during fit.,
credit,4,reordered_columns,Logistic Regression,,crash,ValueError: The feature names should match those that were passed during fit.,
credit,4,missing_column,XGBoost,V14,crash,ValueError: The feature names should match those that were passed during fit.,
credit,4,missing_column,Random Forest,V14,crash,ValueError: The feature names should match those that were passed during fit.,
credit,4,missing_column,Logistic Regression,V14,crash,ValueError: The feature names should match those that were passed during fit.,
california,0,baseline,XGBoost,,crash,"ValueError: feature_names mismatch: ['MedInc', 'HouseAge', 'AveRooms', 'Population', 'AveOccup', 'Latitude', 'Longitude'] ['MedInc', 'HouseAge', 'AveRooms', 'AveBedrms', 'P",
california,0,baseline,Random Forest,,crash,ValueError: The feature names should match those that were passed during fit.,
california,0,baseline,Ridge,,crash,ValueError: The feature names should match those that were passed during fit.,
california,0,reordered_columns,XGBoost,,crash,"ValueError: feature_names mismatch: ['MedInc', 'HouseAge', 'AveRooms', 'Population', 'AveOccup', 'Latitude', 'Longitude'] ['Longitude', 'Latitude', 'AveOccup', 'Population'",
california,0,reordered_columns,Random Forest,,crash,ValueError: The feature names should match those that were passed during fit.,
california,0,reordered_columns,Ridge,,crash,ValueError: The feature names should match those that were passed during fit.,
california,0,missing_column,XGBoost,MedInc,crash,ValueError: The feature names should match those that were passed during fit.,
california,0,missing_column,Random Forest,MedInc,crash,ValueError: The feature names should match those that were passed during fit.,
california,0,missing_column,Ridge,MedInc,crash,ValueError: The feature names should match those that were passed during fit.,
california,1,baseline,XGBoost,,crash,"ValueError: feature_names mismatch: ['MedInc', 'HouseAge', 'AveRooms', 'Population', 'AveOccup', 'Latitude', 'Longitude'] ['MedInc', 'HouseAge', 'AveRooms', 'AveBedrms', 'P",
california,1,baseline,Random Forest,,crash,ValueError: The feature names should match those that were passed during fit.,
california,1,baseline,Ridge,,crash,ValueError: The feature names should match those that were passed during fit.,
california,1,reordered_columns,XGBoost,,crash,"ValueError: feature_names mismatch: ['MedInc', 'HouseAge', 'AveRooms', 'Population', 'AveOccup', 'Latitude', 'Longitude'] ['Longitude', 'Latitude', 'AveOccup', 'Population'",
california,1,reordered_columns,Random Forest,,crash,ValueError: The feature names should match those that were passed during fit.,
california,1,reordered_columns,Ridge,,crash,ValueError: The feature names should match those that were passed during fit.,
california,1,missing_column,XGBoost,MedInc,crash,ValueError: The feature names should match those that were passed during fit.,
california,1,missing_column,Random Forest,MedInc,crash,ValueError: The feature names should match those that were passed during fit.,
california,1,missing_column,Ridge,MedInc,crash,ValueError: The feature names should match those that were passed during fit.,
california,2,baseline,XGBoost,,crash,"ValueError: feature_names mismatch: ['MedInc', 'HouseAge', 'AveRooms', 'Population', 'AveOccup', 'Latitude', 'Longitude'] ['MedInc', 'HouseAge', 'AveRooms', 'AveBedrms', 'P",
california,2,baseline,Random Forest,,crash,ValueError: The feature names should match those that were passed during fit.,
california,2,baseline,Ridge,,crash,ValueError: The feature names should match those that were passed during fit.,
california,2,reordered_columns,XGBoost,,crash,"ValueError: feature_names mismatch: ['MedInc', 'HouseAge', 'AveRooms', 'Population', 'AveOccup', 'Latitude', 'Longitude'] ['Longitude', 'Latitude', 'AveOccup', 'Population'",
california,2,reordered_columns,Random Forest,,crash,ValueError: The feature names should match those that were passed during fit.,
california,2,reordered_columns,Ridge,,crash,ValueError: The feature names should match those that were passed during fit.,
california,2,missing_column,XGBoost,MedInc,crash,ValueError: The feature names should match those that were passed during fit.,
california,2,missing_column,Random Forest,MedInc,crash,ValueError: The feature names should match those that were passed during fit.,
california,2,missing_column,Ridge,MedInc,crash,ValueError: The feature names should match those that were passed during fit.,
california,3,baseline,XGBoost,,crash,"ValueError: feature_names mismatch: ['MedInc', 'HouseAge', 'AveRooms', 'Population', 'AveOccup', 'Latitude', 'Longitude'] ['MedInc', 'HouseAge', 'AveRooms', 'AveBedrms', 'P",
california,3,baseline,Random Forest,,crash,ValueError: The feature names should match those that were passed during fit.,
california,3,baseline,Ridge,,crash,ValueError: The feature names should match those that were passed during fit.,
california,3,reordered_columns,XGBoost,,crash,"ValueError: feature_names mismatch: ['MedInc', 'HouseAge', 'AveRooms', 'Population', 'AveOccup', 'Latitude', 'Longitude'] ['Longitude', 'Latitude', 'AveOccup', 'Population'",
california,3,reordered_columns,Random Forest,,crash,ValueError: The feature names should match those that were passed during fit.,
california,3,reordered_columns,Ridge,,crash,ValueError: The feature names should match those that were passed during fit.,
california,3,missing_column,XGBoost,MedInc,crash,ValueError: The feature names should match those that were passed during fit.,
california,3,missing_column,Random Forest,MedInc,crash,ValueError: The feature names should match those that were passed during fit.,
california,3,missing_column,Ridge,MedInc,crash,ValueError: The feature names should match those that were passed during fit.,
california,4,baseline,XGBoost,,crash,"ValueError: feature_names mismatch: ['MedInc', 'HouseAge', 'AveRooms', 'Population', 'AveOccup', 'Latitude', 'Longitude'] ['MedInc', 'HouseAge', 'AveRooms', 'AveBedrms', 'P",
california,4,baseline,Random Forest,,crash,ValueError: The feature names should match those that were passed during fit.,
california,4,baseline,Ridge,,crash,ValueError: The feature names should match those that were passed during fit.,
california,4,reordered_columns,XGBoost,,crash,"ValueError: feature_names mismatch: ['MedInc', 'HouseAge', 'AveRooms', 'Population', 'AveOccup', 'Latitude', 'Longitude'] ['Longitude', 'Latitude', 'AveOccup', 'Population'",
california,4,reordered_columns,Random Forest,,crash,ValueError: The feature names should match those that were passed during fit.,
california,4,reordered_columns,Ridge,,crash,ValueError: The feature names should match those that were passed during fit.,
california,4,missing_column,XGBoost,MedInc,crash,ValueError: The feature names should match those that were passed during fit.,
california,4,missing_column,Random Forest,MedInc,crash,ValueError: The feature names should match those that were passed during fit.,
california,4,missing_column,Ridge,MedInc,crash,ValueError: The feature names should match those that were passed during fit.,
