dataset,config,n_seeds,sel_mean,sel_std,sel_tex,sec_mean,sec_std,sec_tex,best_f1_any_mean,best_f1_any_std,best_f1_any_tex,search_time_s_mean,search_time_s_std,search_time_s_tex,train_time_s_mean,train_time_s_std,train_time_s_tex,n_trained_mean,n_trained_std,n_trained_tex,runtime_failure_rate_mean,runtime_failure_rate_std,runtime_failure_rate_tex,train_time_reduction_pct_mean,train_time_reduction_pct_std,search_time_reduction_pct_mean,search_time_reduction_pct_std,metric_names,n_llm_calls,valid_name_rate_raw,valid_name_rate_after_matcher,ui_default_fallback_rate,advisor_fallback_rate,llm_latency_s_mean,llm_latency_s_std,tokens_per_call_mean,history_in_prompt_rate,n_distinct_selections
adult,as_shipped,5,0.83884,0.0030924100633647924,0.839$\pm$0.003,0.6368799999999999,0.008583239481687533,0.637$\pm$0.009,0.6368799999999999,0.008583239481687533,0.637$\pm$0.009,6.17629394319938,0.23647863010694317,6.2$\pm$0.2,4.840532804199438,0.23647863010694317,4.8$\pm$0.2,2.0,0.0,2.00$\pm$0.00,0.0,0.0,0.00$\pm$0.00,91.04275971943522,0.25719269866421407,88.56910013779463,0.21250323464360252,Accuracy/F1 Score,10.0,1.0,1.0,0.0,1.0,1.335761138999942,0.9515000556623795,,0.0,1.0
adult,full,5,0.84436,0.003232336616133914,0.844$\pm$0.003,0.63922,0.006606209200441653,0.639$\pm$0.007,0.63968,0.007510459373433807,0.640$\pm$0.008,19.09442553367926,0.5386257756729743,19.1$\pm$0.5,16.505491380579272,0.5386257756729743,16.5$\pm$0.5,4.9,0.0,4.90$\pm$0.00,0.0,0.0,0.00$\pm$0.00,69.44874728998539,0.46762932209206415,64.65437082021704,0.4142163281964654,Accuracy/F1 Score,10.0,1.0,1.0,0.0,0.0,2.58893415309999,0.8999959404594745,1206.5,0.0,3.0
adult,no_rag,5,0.84436,0.003232336616133914,0.844$\pm$0.003,0.63922,0.006606209200441653,0.639$\pm$0.007,0.63968,0.007510459373433807,0.640$\pm$0.008,17.978817241279188,0.538430299075545,18.0$\pm$0.5,16.47655371067926,0.538430299075545,16.5$\pm$0.5,4.8,0.0,4.80$\pm$0.00,0.0,0.0,0.00$\pm$0.00,69.50229567938848,0.47088077021689856,66.7202948649316,0.43855380121027127,Accuracy/F1 Score,10.0,1.0,1.0,0.0,0.0,1.5022635305999301,0.3988409936061296,794.8,0.0,4.0
adult,no_meta,5,0.84436,0.003232336616133914,0.844$\pm$0.003,0.63922,0.006606209200441653,0.639$\pm$0.007,0.63968,0.007510459373433807,0.640$\pm$0.008,14.145610063399408,0.42598543821721324,14.1$\pm$0.4,11.79532993409939,0.42598543821721324,11.8$\pm$0.4,4.5,0.0,4.50$\pm$0.00,0.0,0.0,0.00$\pm$0.00,78.16740873535409,0.4593496136390306,73.81498913604229,0.4234046343058901,Accuracy/F1 Score,10.0,1.0,1.0,0.0,0.0,2.3502801293000175,0.5410903948653605,1209.5,0.0,2.0
adult,no_fuzzy,5,0.84436,0.003232336616133914,0.844$\pm$0.003,0.63922,0.006606209200441653,0.639$\pm$0.007,0.63968,0.007510459373433807,0.640$\pm$0.008,15.417815136479325,0.47216165807544724,15.4$\pm$0.5,12.610408563279302,0.47216165807544674,12.6$\pm$0.5,4.6,0.0,4.60$\pm$0.00,0.0,0.0,0.00$\pm$0.00,76.65954412160512,0.4937804848154115,71.46058454223288,0.44067570934847505,Accuracy/F1 Score,10.0,1.0,,,0.0,2.8074065732000237,1.312537171789728,1208.6,0.0,4.0
adult,no_fuzzy_paired,5,0.84436,0.003232336616133914,0.844$\pm$0.003,0.63922,0.006606209200441653,0.639$\pm$0.007,0.63968,0.007510459373433807,0.640$\pm$0.008,19.09442553367926,0.5386257756729743,19.1$\pm$0.5,16.505491380579272,0.5386257756729743,16.5$\pm$0.5,4.9,0.0,4.90$\pm$0.00,0.0,0.0,0.00$\pm$0.00,69.44874728998539,0.46762932209206415,64.65437082021704,0.4142163281964654,Accuracy/F1 Score,10.0,1.0,,,0.0,2.58893415309999,0.8999959404594745,1206.5,0.0,5.0
adult,full_sameprior,5,0.84436,0.003232336616133914,0.844$\pm$0.003,0.63922,0.006606209200441653,0.639$\pm$0.007,0.63968,0.007510459373433807,0.640$\pm$0.008,14.148433133399513,0.34976145339933024,14.1$\pm$0.3,11.27303698819941,0.34976145339932996,11.3$\pm$0.3,4.6,0.0,4.60$\pm$0.00,0.0,0.0,0.00$\pm$0.00,79.13191874110372,0.4084800734225816,73.80705112973442,0.40143043041759874,Accuracy/F1 Score,10.0,1.0,1.0,0.0,0.0,2.875396145200102,1.2084073452461432,1272.8,1.0,4.0
adult,brute_force,5,0.84436,0.0032323366161338893,0.844$\pm$0.003,0.63922,0.006606209200441653,0.639$\pm$0.007,0.63968,0.007510459373433807,0.640$\pm$0.008,54.017023992398435,1.1043029528487458,54.0$\pm$1.1,54.017023992398435,1.1043029528487458,54.0$\pm$1.1,9.0,0.0,9.00$\pm$0.00,0.0,0.0,0.00$\pm$0.00,0.0,0.0,0.0,0.0,Accuracy/F1 Score,,,,,,,,,,
credit,as_shipped,5,0.9995600000000001,5.4772255750510576e-05,1.000$\pm$0.000,0.8549200000000001,0.020575033414310644,0.855$\pm$0.021,0.8580200000000001,0.018508835727835495,0.858$\pm$0.019,134.9402195277998,7.419264605773522,134.9$\pm$7.4,133.59518129059978,7.419264605773522,133.6$\pm$7.4,2.0,0.0,2.00$\pm$0.00,0.0,0.0,0.00$\pm$0.00,81.35888700107216,0.8220358649137295,81.17111599953088,0.8201049123440766,Accuracy/F1 Score,10.0,1.0,1.0,0.0,1.0,1.345038237200015,0.9732201609076475,,0.0,1.0
credit,full,5,0.9995600000000001,5.4772255750510576e-05,1.000$\pm$0.000,0.8559760000000001,0.018944521107697603,0.856$\pm$0.019,0.8590760000000002,0.016430334141459214,0.859$\pm$0.016,489.83384912793997,5.077029906312248,489.8$\pm$5.1,487.78069375304005,5.077029906312254,487.8$\pm$5.1,4.9,0.0,4.90$\pm$0.00,0.0,0.0,0.00$\pm$0.00,31.91114468299703,0.25228777728018986,31.62451860025653,0.25450114603671764,Accuracy/F1 Score,10.0,1.0,1.0,0.0,0.0,2.053155374900052,0.6556496604387926,1346.6,0.0,3.0
credit,no_rag,5,0.9995600000000001,5.4772255750510576e-05,1.000$\pm$0.000,0.855624,0.019471386185888253,0.856$\pm$0.019,0.8587240000000002,0.017115019135250775,0.859$\pm$0.017,505.34447253666,5.517695958364851,505.3$\pm$5.5,503.96598988976,5.517695958364863,504.0$\pm$5.5,5.0,0.0,5.00$\pm$0.00,0.0,0.0,0.00$\pm$0.00,29.65221648216238,0.2474212771282403,29.459776549930773,0.24863475273471752,Accuracy/F1 Score,10.0,1.0,1.0,0.0,0.0,1.3784826469000564,0.13737091419494923,820.7,0.0,2.0
credit,no_meta,5,0.9995600000000001,5.4772255750510576e-05,1.000$\pm$0.000,0.8558,0.019205728312146838,0.856$\pm$0.019,0.8589,0.01677155329717551,0.859$\pm$0.017,494.9688220954,5.234168396050921,495.0$\pm$5.2,492.758009501,5.234168396050909,492.8$\pm$5.2,4.9,0.0,4.90$\pm$0.00,0.0,0.0,0.00$\pm$0.00,31.21650821974606,0.2483192558487878,30.907872759735106,0.2505482903846503,Accuracy/F1 Score,10.0,1.0,1.0,0.0,0.0,2.2108125944000223,0.5974930930571705,1199.1,0.0,3.0
credit,no_fuzzy,5,0.9995600000000001,5.4772255750510576e-05,1.000$\pm$0.000,0.8580200000000001,0.018508835727835495,0.858$\pm$0.019,0.8585480000000001,0.017460599073342246,0.859$\pm$0.017,499.18995624441993,5.432435701834363,499.2$\pm$5.4,496.48197635611996,5.432435701834324,496.5$\pm$5.4,4.8,0.0,4.80$\pm$0.00,0.0,0.0,0.00$\pm$0.00,30.696890567576833,0.2445378791993913,30.31884919914836,0.24694493402734335,Accuracy/F1 Score,10.0,1.0,,,0.0,2.7079798882999055,1.1772357190404719,1220.5,0.0,5.0
credit,no_fuzzy_paired,5,0.9995600000000001,5.4772255750510576e-05,1.000$\pm$0.000,0.8580200000000001,0.018508835727835495,0.858$\pm$0.019,0.8590760000000002,0.016430334141459214,0.859$\pm$0.016,489.83384912793997,5.077029906312248,489.8$\pm$5.1,487.78069375304005,5.077029906312254,487.8$\pm$5.1,4.9,0.0,4.90$\pm$0.00,0.0,0.0,0.00$\pm$0.00,31.91114468299703,0.25228777728018986,31.62451860025653,0.25450114603671764,Accuracy/F1 Score,10.0,1.0,,,0.0,2.053155374900052,0.6556496604387926,1346.6,0.0,4.0
credit,full_sameprior,5,0.9995600000000001,5.4772255750510576e-05,1.000$\pm$0.000,0.8566800000000001,0.017948036104265007,0.857$\pm$0.018,0.8597800000000001,0.01509095755742493,0.860$\pm$0.015,476.2326757586199,4.580080522734051,476.2$\pm$4.6,474.01475592381996,4.580080522734033,474.0$\pm$4.6,4.9,0.0,4.90$\pm$0.00,0.0,0.0,0.00$\pm$0.00,33.83222469316923,0.276861181283748,33.522597043039674,0.2796614957368772,Accuracy/F1 Score,10.0,1.0,1.0,0.0,0.0,2.2179198347999316,0.6889299822373545,1274.7,1.0,2.0
credit,brute_force,5,0.9995600000000001,5.4772255750510576e-05,1.000$\pm$0.000,0.8566800000000001,0.01794803610426498,0.857$\pm$0.018,0.8597800000000001,0.015090957557424895,0.860$\pm$0.015,716.4050174466001,8.868393261769338,716.4$\pm$8.9,716.4050174466001,8.868393261769338,716.4$\pm$8.9,9.0,0.0,9.00$\pm$0.00,0.0,0.0,0.00$\pm$0.00,0.0,0.0,0.0,0.0,Accuracy/F1 Score,,,,,,,,,,
california,as_shipped,5,0.46024000000000004,0.008927653667117709,0.460$\pm$0.009,0.8391400000000001,0.006178834841618613,0.839$\pm$0.006,,,---,13.865817918200083,0.4120585399294718,13.9$\pm$0.4,12.133907375000126,0.4120585399294718,12.1$\pm$0.4,3.0,0.0,3.00$\pm$0.00,0.0,0.0,0.00$\pm$0.00,58.01969939139872,0.9607105051997361,52.02038737911535,1.2129559528721967,RMSE/R²,10.0,1.0,1.0,0.0,1.0,1.731910543199956,0.8421751856143167,,0.0,1.0
california,full,5,0.46024000000000004,0.008927653667117709,0.460$\pm$0.009,0.8391400000000001,0.006178834841618613,0.839$\pm$0.006,,,---,22.08925531617991,0.7569457011431492,22.1$\pm$0.8,19.56071830937984,0.7569457011431493,19.6$\pm$0.8,4.4,0.0,4.40$\pm$0.00,0.0,0.0,0.00$\pm$0.00,32.342993290348154,0.9094810723778827,23.58417921767043,1.3084194874013289,RMSE/R²,10.0,1.0,1.0,0.0,0.0,2.5285370068000703,0.7522703896421974,1119.1,0.0,3.0
california,no_rag,5,0.46024000000000004,0.008927653667117709,0.460$\pm$0.009,0.8391400000000001,0.006178834841618613,0.839$\pm$0.006,,,---,21.50577874239975,0.8873236309607271,21.5$\pm$0.9,20.03584481259977,0.8873236309607271,20.0$\pm$0.9,5.0,0.0,5.00$\pm$0.00,0.0,0.0,0.00$\pm$0.00,30.714405312777426,0.6483361138274502,25.622576339891623,0.8507902163351632,RMSE/R²,10.0,1.0,1.0,0.0,0.0,1.4699339297999814,0.5430610132079807,769.1,0.0,1.0
california,no_meta,5,0.46024000000000004,0.008927653667117709,0.460$\pm$0.009,0.8391400000000001,0.006178834841618613,0.839$\pm$0.006,,,---,23.237714332959843,0.832001443906739,23.2$\pm$0.8,20.48833426305984,0.8320014439067398,20.5$\pm$0.8,4.6,0.0,4.60$\pm$0.00,0.0,0.0,0.00$\pm$0.00,29.140130418698497,0.8059724065489756,19.616319304755024,1.240288669450251,RMSE/R²,10.0,1.0,1.0,0.0,0.0,2.7493800699000075,0.9235555690023183,1116.1,0.0,4.0
california,no_fuzzy,5,0.46024000000000004,0.008927653667117709,0.460$\pm$0.009,0.8391400000000001,0.006178834841618613,0.839$\pm$0.006,,,---,21.915891939759863,0.7207087121415412,21.9$\pm$0.7,19.424258982159824,0.7207087121415425,19.4$\pm$0.7,4.1,0.0,4.10$\pm$0.00,0.0,0.0,0.00$\pm$0.00,32.810759729445905,1.001358893543146,24.179780726851288,1.3973401367637166,RMSE/R²,10.0,1.0,,,0.0,2.4916329576000407,0.5736595301481855,1088.0,0.0,3.0
california,no_fuzzy_paired,5,0.46024000000000004,0.008927653667117709,0.460$\pm$0.009,0.8391400000000001,0.006178834841618613,0.839$\pm$0.006,,,---,22.08925531617991,0.7569457011431492,22.1$\pm$0.8,19.56071830937984,0.7569457011431493,19.6$\pm$0.8,4.4,0.0,4.40$\pm$0.00,0.0,0.0,0.00$\pm$0.00,32.342993290348154,0.9094810723778827,23.58417921767043,1.3084194874013289,RMSE/R²,10.0,1.0,,,0.0,2.5285370068000703,0.7522703896421974,1119.1,0.0,5.0
california,full_sameprior,5,0.46024000000000004,0.008927653667117709,0.460$\pm$0.009,0.8391400000000001,0.006178834841618613,0.839$\pm$0.006,,,---,21.917276324799722,0.7682347780634388,21.9$\pm$0.8,19.306245527699847,0.7682347780634388,19.3$\pm$0.8,4.5,0.0,4.50$\pm$0.00,0.0,0.0,0.00$\pm$0.00,33.22586002454716,0.8480977995028822,24.18128870590337,1.2543681711684154,RMSE/R²,10.0,1.0,1.0,0.0,0.0,2.6110307970998745,0.8102905554771632,1124.3,0.0,3.0
california,brute_force,5,0.4602399999999999,0.008927653667117692,0.460$\pm$0.009,0.8391400000000001,0.006178834841618611,0.839$\pm$0.006,,,---,28.925934716800022,1.474647322456002,28.9$\pm$1.5,28.925934716800022,1.474647322456002,28.9$\pm$1.5,12.0,0.0,12.00$\pm$0.00,0.0,0.0,0.00$\pm$0.00,0.0,0.0,0.0,0.0,RMSE/R²,,,,,,,,,,
