dataset,seed,config,runtime_s,route,explainer,X_test_dtypes,shape,nan_frac,status,message,peak_mem_mb,kernel_rows_done,wall_s,timeout_s,model,model_class,exitcode,extrapolated_runtime_s,rerun,rerun_reason,original_status
adult,0,full,105.653988002,tree,TreeExplainer,"{""float32"": 29}","[200, 29]",0.0,ok,,132.964352,0,105.69643205500006,300.0,Random Forest,RandomForestClassifier,,,,,
adult,0,forced_tree,107.14823049899996,tree,TreeExplainer,"{""float32"": 29}","[200, 29]",0.0,ok,,132.964352,0,107.17928188799988,300.0,Random Forest,RandomForestClassifier,,,,,
adult,0,forced_kernel,253.1234925509998,kernel,KernelExplainer,"{""float32"": 29}","[200, 29]",0.0,ok,,263.950336,200,253.153184839,300.0,Random Forest,RandomForestClassifier,,,,,
adult,0,no_cast,102.82184669000026,tree,TreeExplainer,"{""bool"": 22, ""float64"": 7}","[200, 29]",0.0,ok,,131.067904,0,102.85559060600008,300.0,Random Forest,RandomForestClassifier,,,,,
adult,0,full,0.19576426899993749,tree,TreeExplainer,"{""float32"": 29}","[200, 29]",0.0,ok,,23.06048,0,0.23167438199971002,300.0,XGBoost,XGBClassifier,,,,,
adult,0,forced_tree,0.17800913000019136,tree,TreeExplainer,"{""float32"": 29}","[200, 29]",0.0,ok,,23.06048,0,0.20625208899991776,300.0,XGBoost,XGBClassifier,,,,,
adult,0,forced_kernel,0.022906572000010783,kernel,,"{""float32"": 29}",,,error,[SHAP] Explainer build failed: property 'feature_names_in_' of 'XGBClassifier' object has no setter,3.231744,0,0.048456049999913375,300.0,XGBoost,XGBClassifier,,,,,
adult,0,no_cast,0.1699472909999713,tree,TreeExplainer,"{""bool"": 22, ""float64"": 7}","[200, 29]",0.0,ok,,19.361792,0,0.20073805699985314,300.0,XGBoost,XGBClassifier,,,,,
adult,0,full,0.02737134800008789,tree,TreeExplainer,"{""float32"": 29}","[200, 29]",0.0,ok,,3.047424,0,0.055500234000191995,300.0,Gradient Boosting,GradientBoostingClassifier,,,,,
adult,0,forced_tree,0.031437864000054105,tree,TreeExplainer,"{""float32"": 29}","[200, 29]",0.0,ok,,3.231744,0,0.06140421800000695,300.0,Gradient Boosting,GradientBoostingClassifier,,,,,
adult,0,forced_kernel,71.40924565800015,kernel,KernelExplainer,"{""float32"": 29}","[200, 29]",0.0,ok,,52.69504,200,71.4394749500002,300.0,Gradient Boosting,GradientBoostingClassifier,,,,,
adult,0,no_cast,0.03848050900023736,tree,TreeExplainer,"{""bool"": 22, ""float64"": 7}","[200, 29]",0.0,ok,,3.047424,0,0.07407965499987768,300.0,Gradient Boosting,GradientBoostingClassifier,,,,,
adult,0,full,1.1214329770000404,linear,LinearExplainer,"{""float32"": 29}","[200, 29]",0.0,ok,,32.038912,0,1.1542347399999926,300.0,Logistic Regression,LogisticRegression,,,,,
adult,0,forced_tree,0.014739937000285863,tree,,"{""float32"": 29}",,,error,[SHAP] Explainer build failed: Model type not yet supported by TreeExplainer: <class 'sklearn.linear_model._logistic.LogisticRegression'>,3.047424,0,0.042010417000255984,300.0,Logistic Regression,LogisticRegression,,,,,
adult,0,forced_kernel,59.137282260999655,kernel,KernelExplainer,"{""float32"": 29}","[200, 29]",0.0,ok,,75.75552,200,59.179180427999654,300.0,Logistic Regression,LogisticRegression,,,,,
adult,0,no_cast,0.06361997399972097,linear,,"{""bool"": 22, ""float64"": 7}",,,error,[SHAP] Explainer build failed: 'float' object has no attribute 'shape',6.504448,0,0.08995088200026657,300.0,Logistic Regression,LogisticRegression,,,,,
adult,0,full,300.1355371909999,,,,,,timeout,,75.997184,3,300.1355371909999,300.0,SVM,SVC,-9.0,20009.035812733327,,,
adult,0,forced_tree,0.019900528000107442,tree,,"{""float32"": 29}",,,error,[SHAP] Explainer build failed: Model type not yet supported by TreeExplainer: <class 'sklearn.svm._classes.SVC'>,3.047424,0,0.07521283799997036,300.0,SVM,SVC,,,,,
adult,0,forced_kernel,300.12428200700015,,,,,,timeout,,75.997184,3,300.12428200700015,300.0,SVM,SVC,-9.0,20008.285467133344,,,
adult,0,no_cast,300.12075776599977,,,,,,timeout,,76.845056,3,300.12075776599977,300.0,SVM,SVC,-9.0,20008.050517733318,,,
adult,0,full,300.11969600400016,,,,,,timeout,,2218.688512,1,300.11969600400016,300.0,KNN,KNeighborsClassifier,-9.0,60023.93920080003,,,
adult,0,forced_tree,0.016367171999718266,tree,,"{""float32"": 29}",,,error,[SHAP] Explainer build failed: Model type not yet supported by TreeExplainer: <class 'sklearn.neighbors._classification.KNeighborsClassifier'>,3.047424,0,0.04328302299973075,300.0,KNN,KNeighborsClassifier,,,,,
adult,0,forced_kernel,300.11816984300003,,,,,,timeout,,2220.326912,2,300.11816984300003,300.0,KNN,KNeighborsClassifier,-9.0,30011.816984300003,,,
adult,0,no_cast,300.1195574469998,,,,,,timeout,,91.168768,20,300.1195574469998,300.0,KNN,KNeighborsClassifier,-9.0,3001.195574469998,,,
adult,1,full,101.64419748799992,tree,TreeExplainer,"{""float32"": 29}","[200, 29]",0.0,ok,,130.203648,0,101.69459395899958,300.0,Random Forest,RandomForestClassifier,,,,,
adult,1,forced_tree,105.0173204040002,tree,TreeExplainer,"{""float32"": 29}","[200, 29]",0.0,ok,,130.203648,0,105.08614638099971,300.0,Random Forest,RandomForestClassifier,,,,,
adult,1,forced_kernel,258.2661516190001,kernel,KernelExplainer,"{""float32"": 29}","[200, 29]",0.0,ok,,264.646656,200,258.3029224669999,300.0,Random Forest,RandomForestClassifier,,,,,
adult,1,no_cast,102.74955702399984,tree,TreeExplainer,"{""bool"": 22, ""float64"": 7}","[200, 29]",0.0,ok,,128.417792,0,102.78974770000059,300.0,Random Forest,RandomForestClassifier,,,,,
adult,1,full,0.1828432479996991,tree,TreeExplainer,"{""float32"": 29}","[200, 29]",0.0,ok,,3.268608,0,0.22275124000043434,300.0,XGBoost,XGBClassifier,,,,,
adult,1,forced_tree,0.18227477599975828,tree,TreeExplainer,"{""float32"": 29}","[200, 29]",0.0,ok,,3.035136,0,0.2178559949998089,300.0,XGBoost,XGBClassifier,,,,,
adult,1,forced_kernel,0.02617703200030519,kernel,,"{""float32"": 29}",,,error,[SHAP] Explainer build failed: property 'feature_names_in_' of 'XGBClassifier' object has no setter,3.035136,0,0.060218479000468506,300.0,XGBoost,XGBClassifier,,,,,
adult,1,no_cast,0.2190590969994446,tree,TreeExplainer,"{""bool"": 22, ""float64"": 7}","[200, 29]",0.0,ok,,3.100672,0,0.25722217800012004,300.0,XGBoost,XGBClassifier,,,,,
adult,1,full,0.031821089999539254,tree,TreeExplainer,"{""float32"": 29}","[200, 29]",0.0,ok,,3.268608,0,0.07060826800079667,300.0,Gradient Boosting,GradientBoostingClassifier,,,,,
adult,1,forced_tree,0.03149362500062125,tree,TreeExplainer,"{""float32"": 29}","[200, 29]",0.0,ok,,3.657728,0,0.07059840200054168,300.0,Gradient Boosting,GradientBoostingClassifier,,,,,
adult,1,forced_kernel,69.71348941199994,kernel,KernelExplainer,"{""float32"": 29}","[200, 29]",0.0,ok,,48.635904,200,69.74762518399984,300.0,Gradient Boosting,GradientBoostingClassifier,,,,,
adult,1,no_cast,0.02681856700019125,tree,TreeExplainer,"{""bool"": 22, ""float64"": 7}","[200, 29]",0.0,ok,,3.268608,0,0.06709637199946883,300.0,Gradient Boosting,GradientBoostingClassifier,,,,,
adult,1,full,1.021894131999943,linear,LinearExplainer,"{""float32"": 29}","[200, 29]",0.0,ok,,25.391104,0,1.0564402489999338,300.0,Logistic Regression,LogisticRegression,,,,,
adult,1,forced_tree,0.016005946000404947,tree,,"{""float32"": 29}",,,error,[SHAP] Explainer build failed: Model type not yet supported by TreeExplainer: <class 'sklearn.linear_model._logistic.LogisticRegression'>,3.268608,0,0.04935082900010457,300.0,Logistic Regression,LogisticRegression,,,,,
adult,1,forced_kernel,57.39155935599956,kernel,KernelExplainer,"{""float32"": 29}","[200, 29]",0.0,ok,,72.290304,200,57.42465904100027,300.0,Logistic Regression,LogisticRegression,,,,,
adult,1,no_cast,0.07377476799956639,linear,,"{""bool"": 22, ""float64"": 7}",,,error,[SHAP] Explainer build failed: 'float' object has no attribute 'shape',29.507584,0,0.11024411900052655,300.0,Logistic Regression,LogisticRegression,,,,,
adult,1,full,300.12800279399926,,,,,,timeout,,72.777728,3,300.12800279399926,300.0,SVM,SVC,-9.0,20008.53351959995,,,
adult,1,forced_tree,0.018301533999874664,tree,,"{""float32"": 29}",,,error,[SHAP] Explainer build failed: Model type not yet supported by TreeExplainer: <class 'sklearn.svm._classes.SVC'>,3.268608,0,0.05278616099985811,300.0,SVM,SVC,,,,,
adult,1,forced_kernel,300.1274969019996,,,,,,timeout,,72.777728,3,300.1274969019996,300.0,SVM,SVC,-9.0,20008.499793466643,,,
adult,1,no_cast,300.12649548900026,,,,,,timeout,,72.78592,3,300.12649548900026,300.0,SVM,SVC,-9.0,20008.433032600016,,,
adult,1,full,300.143133175,,,,,,timeout,,2218.070016,2,300.143133175,300.0,KNN,KNeighborsClassifier,-9.0,30014.3133175,,,
adult,1,forced_tree,0.022982115000559133,tree,,"{""float32"": 29}",,,error,[SHAP] Explainer build failed: Model type not yet supported by TreeExplainer: <class 'sklearn.neighbors._classification.KNeighborsClassifier'>,3.268608,0,0.06379367200042907,300.0,KNN,KNeighborsClassifier,,,,,
adult,1,forced_kernel,300.1271685820002,,,,,,timeout,,2213.761024,2,300.1271685820002,300.0,KNN,KNeighborsClassifier,-9.0,30012.71685820002,,,
adult,1,no_cast,300.1247453320002,,,,,,timeout,,88.604672,19,300.1247453320002,300.0,KNN,KNeighborsClassifier,-9.0,3159.207845600002,,,
adult,2,full,104.21569877600086,tree,TreeExplainer,"{""float32"": 29}","[200, 29]",0.0,ok,,130.379776,0,104.27464044799945,300.0,Random Forest,RandomForestClassifier,,,,,
adult,2,forced_tree,105.29439603899937,tree,TreeExplainer,"{""float32"": 29}","[200, 29]",0.0,ok,,130.379776,0,105.33409681500052,300.0,Random Forest,RandomForestClassifier,,,,,
adult,2,forced_kernel,259.3552063699999,kernel,KernelExplainer,"{""float32"": 29}","[200, 29]",0.0,ok,,274.767872,200,259.3973750639998,300.0,Random Forest,RandomForestClassifier,,,,,
adult,2,no_cast,107.31955930999993,tree,TreeExplainer,"{""bool"": 22, ""float64"": 7}","[200, 29]",0.0,ok,,128.589824,0,107.36405609600024,300.0,Random Forest,RandomForestClassifier,,,,,
adult,2,full,0.1958035839998047,tree,TreeExplainer,"{""float32"": 29}","[200, 29]",0.0,ok,,20.66432,0,0.2321137489998364,300.0,XGBoost,XGBClassifier,,,,,
adult,2,forced_tree,0.17825705100040068,tree,TreeExplainer,"{""float32"": 29}","[200, 29]",0.0,ok,,20.66432,0,0.21848292900085653,300.0,XGBoost,XGBClassifier,,,,,
adult,2,forced_kernel,0.028348939000352402,kernel,,"{""float32"": 29}",,,error,[SHAP] Explainer build failed: property 'feature_names_in_' of 'XGBClassifier' object has no setter,0.167936,0,0.06790324000030523,300.0,XGBoost,XGBClassifier,,,,,
adult,2,no_cast,0.19828267999946547,tree,TreeExplainer,"{""bool"": 22, ""float64"": 7}","[200, 29]",0.0,ok,,20.369408,0,0.23741458800031978,300.0,XGBoost,XGBClassifier,,,,,
adult,2,full,0.05206235400055448,tree,TreeExplainer,"{""float32"": 29}","[200, 29]",0.0,ok,,9.633792,0,0.15838894999978947,300.0,Gradient Boosting,GradientBoostingClassifier,,,,,
adult,2,forced_tree,0.03344126899992261,tree,TreeExplainer,"{""float32"": 29}","[200, 29]",0.0,ok,,3.1744,0,0.07233170000017708,300.0,Gradient Boosting,GradientBoostingClassifier,,,,,
adult,2,forced_kernel,76.93359249999958,kernel,KernelExplainer,"{""float32"": 29}","[200, 29]",0.0,ok,,61.038592,200,76.9726110319998,300.0,Gradient Boosting,GradientBoostingClassifier,,,,,
adult,2,no_cast,0.029768401000183076,tree,TreeExplainer,"{""bool"": 22, ""float64"": 7}","[200, 29]",0.0,ok,,3.055616,0,0.0789301129998421,300.0,Gradient Boosting,GradientBoostingClassifier,,,,,
adult,2,full,1.2601666689997728,linear,LinearExplainer,"{""float32"": 29}","[200, 29]",0.0,ok,,22.675456,0,1.2987634560004153,300.0,Logistic Regression,LogisticRegression,,,,,
adult,2,forced_tree,0.01819604899992555,tree,,"{""float32"": 29}",,,error,[SHAP] Explainer build failed: Model type not yet supported by TreeExplainer: <class 'sklearn.linear_model._logistic.LogisticRegression'>,3.1744,0,0.06506740100030584,300.0,Logistic Regression,LogisticRegression,,,,,
adult,2,forced_kernel,61.96724495499984,kernel,KernelExplainer,"{""float32"": 29}","[200, 29]",0.0,ok,,92.622848,200,62.001274987001125,300.0,Logistic Regression,LogisticRegression,,,,,
adult,2,no_cast,0.07176336100019398,linear,,"{""bool"": 22, ""float64"": 7}",,,error,[SHAP] Explainer build failed: 'float' object has no attribute 'shape',29.392896,0,0.10984138700041512,300.0,Logistic Regression,LogisticRegression,,,,,
adult,2,full,300.12994039600017,,,,,,timeout,,73.728,3,300.12994039600017,300.0,SVM,SVC,-9.0,20008.66269306668,,,
adult,2,forced_tree,0.020666013000663952,tree,,"{""float32"": 29}",,,error,[SHAP] Explainer build failed: Model type not yet supported by TreeExplainer: <class 'sklearn.svm._classes.SVC'>,2.99008,0,0.06298587399942335,300.0,SVM,SVC,,,,,
adult,2,forced_kernel,300.1257532319996,,,,,,timeout,,73.728,3,300.1257532319996,300.0,SVM,SVC,-9.0,20008.383548799975,,,
adult,2,no_cast,300.1431656630011,,,,,,timeout,,72.896512,3,300.1431656630011,300.0,SVM,SVC,-9.0,20009.54437753341,,,
adult,2,full,300.10739528699924,,,,,,timeout,,2211.479552,1,300.10739528699924,300.0,KNN,KNeighborsClassifier,-9.0,60021.47905739985,True,original worker killed by SIGKILL (container out-of-memory while 4 units ran in parallel),crashed_process
adult,2,forced_tree,0.021029252000516863,tree,,"{""float32"": 29}",,,error,[SHAP] Explainer build failed: Model type not yet supported by TreeExplainer: <class 'sklearn.neighbors._classification.KNeighborsClassifier'>,0.180224,0,0.07198031699954299,300.0,KNN,KNeighborsClassifier,,,,,
adult,2,forced_kernel,300.10514246099956,,,,,,timeout,,2212.1472,2,300.10514246099956,300.0,KNN,KNeighborsClassifier,-9.0,30010.514246099956,True,original worker killed by SIGKILL (container out-of-memory while 4 units ran in parallel),crashed_process
adult,2,no_cast,300.1655532349996,,,,,,timeout,,73.375744,20,300.1655532349996,300.0,KNN,KNeighborsClassifier,-9.0,3001.655532349996,,,
adult,3,full,104.73705511800017,tree,TreeExplainer,"{""float32"": 29}","[200, 29]",0.0,ok,,132.85376,0,104.78929521400005,300.0,Random Forest,RandomForestClassifier,,,,,
adult,3,forced_tree,105.50322956499986,tree,TreeExplainer,"{""float32"": 29}","[200, 29]",0.0,ok,,132.857856,0,105.55358052800057,300.0,Random Forest,RandomForestClassifier,,,,,
adult,3,forced_kernel,264.6323676860002,kernel,KernelExplainer,"{""float32"": 29}","[200, 29]",0.0,ok,,276.205568,200,264.6748219779993,300.0,Random Forest,RandomForestClassifier,,,,,
adult,3,no_cast,107.33565917099986,tree,TreeExplainer,"{""bool"": 22, ""float64"": 7}","[200, 29]",0.0,ok,,130.936832,0,107.37899869499961,300.0,Random Forest,RandomForestClassifier,,,,,
adult,3,full,0.2094481430003725,tree,TreeExplainer,"{""float32"": 29}","[200, 29]",0.0,ok,,22.106112,0,0.25877316300011444,300.0,XGBoost,XGBClassifier,,,,,
adult,3,forced_tree,0.22333553899989056,tree,TreeExplainer,"{""float32"": 29}","[200, 29]",0.0,ok,,22.110208,0,0.2797675920000984,300.0,XGBoost,XGBClassifier,,,,,
adult,3,forced_kernel,0.025454700000409503,kernel,,"{""float32"": 29}",,,error,[SHAP] Explainer build failed: property 'feature_names_in_' of 'XGBClassifier' object has no setter,3.035136,0,0.0637179629993625,300.0,XGBoost,XGBClassifier,,,,,
adult,3,no_cast,0.18453010899975197,tree,TreeExplainer,"{""bool"": 22, ""float64"": 7}","[200, 29]",0.0,ok,,20.549632,0,0.22585774299932382,300.0,XGBoost,XGBClassifier,,,,,
adult,3,full,0.031453229000362626,tree,TreeExplainer,"{""float32"": 29}","[200, 29]",0.0,ok,,3.280896,0,0.07432917000005546,300.0,Gradient Boosting,GradientBoostingClassifier,,,,,
adult,3,forced_tree,0.03109162100008689,tree,TreeExplainer,"{""float32"": 29}","[200, 29]",0.0,ok,,3.03104,0,0.07498425599987968,300.0,Gradient Boosting,GradientBoostingClassifier,,,,,
adult,3,forced_kernel,75.98660365399974,kernel,KernelExplainer,"{""float32"": 29}","[200, 29]",0.0,ok,,62.083072,200,76.02510691299995,300.0,Gradient Boosting,GradientBoostingClassifier,,,,,
adult,3,no_cast,0.03604839599938714,tree,TreeExplainer,"{""bool"": 22, ""float64"": 7}","[200, 29]",0.0,ok,,3.280896,0,0.08122542999990401,300.0,Gradient Boosting,GradientBoostingClassifier,,,,,
adult,3,full,1.1334661959999721,linear,LinearExplainer,"{""float32"": 29}","[200, 29]",0.0,ok,,23.814144,0,1.1725963009994302,300.0,Logistic Regression,LogisticRegression,,,,,
adult,3,forced_tree,0.016198340999835636,tree,,"{""float32"": 29}",,,error,[SHAP] Explainer build failed: Model type not yet supported by TreeExplainer: <class 'sklearn.linear_model._logistic.LogisticRegression'>,3.280896,0,0.05765953600075591,300.0,Logistic Regression,LogisticRegression,,,,,
adult,3,forced_kernel,62.730418694000946,kernel,KernelExplainer,"{""float32"": 29}","[200, 29]",0.0,ok,,91.598848,200,62.770005862999824,300.0,Logistic Regression,LogisticRegression,,,,,
adult,3,no_cast,0.07460170400008792,linear,,"{""bool"": 22, ""float64"": 7}",,,error,[SHAP] Explainer build failed: 'float' object has no attribute 'shape',28.553216,0,0.11525922999862814,300.0,Logistic Regression,LogisticRegression,,,,,
adult,3,full,300.1438687030004,,,,,,timeout,,74.887168,3,300.1438687030004,300.0,SVM,SVC,-9.0,20009.591246866694,,,
adult,3,forced_tree,0.018961515999762923,tree,,"{""float32"": 29}",,,error,[SHAP] Explainer build failed: Model type not yet supported by TreeExplainer: <class 'sklearn.svm._classes.SVC'>,3.03104,0,0.05976774500049942,300.0,SVM,SVC,,,,,
adult,3,forced_kernel,300.1310654450008,,,,,,timeout,,74.887168,3,300.1310654450008,300.0,SVM,SVC,-9.0,20008.737696333385,,,
adult,3,no_cast,300.12623718800023,,,,,,timeout,,75.743232,3,300.12623718800023,300.0,SVM,SVC,-9.0,20008.41581253335,,,
adult,3,full,300.10740113799875,,,,,,timeout,,2211.483648,2,300.10740113799875,300.0,KNN,KNeighborsClassifier,-9.0,30010.740113799875,True,original worker killed by SIGKILL (container out-of-memory while 4 units ran in parallel),crashed_process
adult,3,forced_tree,0.021699126999010332,tree,,"{""float32"": 29}",,,error,[SHAP] Explainer build failed: Model type not yet supported by TreeExplainer: <class 'sklearn.neighbors._classification.KNeighborsClassifier'>,0.167936,0,0.06897039099931135,300.0,KNN,KNeighborsClassifier,,,,,
adult,3,forced_kernel,300.1016118280004,,,,,,timeout,,2211.483648,2,300.1016118280004,300.0,KNN,KNeighborsClassifier,-9.0,30010.16118280004,True,original worker killed by SIGKILL (container out-of-memory while 4 units ran in parallel),crashed_process
adult,3,no_cast,300.12994096299917,,,,,,timeout,,93.290496,20,300.12994096299917,300.0,KNN,KNeighborsClassifier,-9.0,3001.2994096299917,,,
adult,4,full,103.9812831170002,tree,TreeExplainer,"{""float32"": 29}","[200, 29]",0.0,ok,,84.11136,0,104.04228227800013,300.0,Random Forest,RandomForestClassifier,,,,,
adult,4,forced_tree,105.24251253500006,tree,TreeExplainer,"{""float32"": 29}","[200, 29]",0.0,ok,,84.11136,0,105.2845810939998,300.0,Random Forest,RandomForestClassifier,,,,,
adult,4,forced_kernel,238.6892314609995,kernel,KernelExplainer,"{""float32"": 29}","[200, 29]",0.0,ok,,227.577856,200,238.7338078069988,300.0,Random Forest,RandomForestClassifier,,,,,
adult,4,no_cast,102.69338384999901,tree,TreeExplainer,"{""bool"": 22, ""float64"": 7}","[200, 29]",0.0,ok,,79.499264,0,102.73507286200038,300.0,Random Forest,RandomForestClassifier,,,,,
adult,4,full,0.2025778379993426,tree,TreeExplainer,"{""float32"": 29}","[200, 29]",0.0,ok,,10.764288,0,0.24423039200155472,300.0,XGBoost,XGBClassifier,,,,,
adult,4,forced_tree,0.18951394600117055,tree,TreeExplainer,"{""float32"": 29}","[200, 29]",0.0,ok,,10.77248,0,0.2329132329996355,300.0,XGBoost,XGBClassifier,,,,,
adult,4,forced_kernel,0.02956221199929132,kernel,,"{""float32"": 29}",,,error,[SHAP] Explainer build failed: property 'feature_names_in_' of 'XGBClassifier' object has no setter,1.675264,0,0.08192056700136163,300.0,XGBoost,XGBClassifier,,,,,
adult,4,no_cast,0.197225690999403,tree,TreeExplainer,"{""bool"": 22, ""float64"": 7}","[200, 29]",0.0,ok,,10.842112,0,0.25228659700042044,300.0,XGBoost,XGBClassifier,,,,,
adult,4,full,0.031328041999586276,tree,TreeExplainer,"{""float32"": 29}","[200, 29]",0.0,ok,,1.47456,0,0.08049655400100164,300.0,Gradient Boosting,GradientBoostingClassifier,,,,,
adult,4,forced_tree,0.04260547299963946,tree,TreeExplainer,"{""float32"": 29}","[200, 29]",0.0,ok,,1.47456,0,0.08678948700071487,300.0,Gradient Boosting,GradientBoostingClassifier,,,,,
adult,4,forced_kernel,68.5210787420001,kernel,KernelExplainer,"{""float32"": 29}","[200, 29]",0.0,ok,,23.998464,200,68.56448622799871,300.0,Gradient Boosting,GradientBoostingClassifier,,,,,
adult,4,no_cast,0.04384663099881436,tree,TreeExplainer,"{""bool"": 22, ""float64"": 7}","[200, 29]",0.0,ok,,1.675264,0,0.0884693989992229,300.0,Gradient Boosting,GradientBoostingClassifier,,,,,
adult,4,full,1.183669854000982,linear,LinearExplainer,"{""float32"": 29}","[200, 29]",0.0,ok,,6.504448,0,1.2331772599991382,300.0,Logistic Regression,LogisticRegression,,,,,
adult,4,forced_tree,0.01595991700014565,tree,,"{""float32"": 29}",,,error,[SHAP] Explainer build failed: Model type not yet supported by TreeExplainer: <class 'sklearn.linear_model._logistic.LogisticRegression'>,1.47456,0,0.057426098001087666,300.0,Logistic Regression,LogisticRegression,,,,,
adult,4,forced_kernel,60.045871104999605,kernel,KernelExplainer,"{""float32"": 29}","[200, 29]",0.0,ok,,24.90368,200,60.08591841099951,300.0,Logistic Regression,LogisticRegression,,,,,
adult,4,no_cast,0.08569205099956889,linear,,"{""bool"": 22, ""float64"": 7}",,,error,[SHAP] Explainer build failed: 'float' object has no attribute 'shape',12.345344,0,0.12733085599938931,300.0,Logistic Regression,LogisticRegression,,,,,
adult,4,full,300.1329441180005,,,,,,timeout,,32.600064,3,300.1329441180005,300.0,SVM,SVC,-9.0,20008.862941200034,,,
adult,4,forced_tree,0.019698004000019864,tree,,"{""float32"": 29}",,,error,[SHAP] Explainer build failed: Model type not yet supported by TreeExplainer: <class 'sklearn.svm._classes.SVC'>,1.490944,0,0.06158066200077883,300.0,SVM,SVC,,,,,
adult,4,forced_kernel,300.1179628379996,,,,,,timeout,,32.91136,3,300.1179628379996,300.0,SVM,SVC,-9.0,20007.864189199972,,,
adult,4,no_cast,300.0914009099997,,,,,,timeout,,33.0752,3,300.0914009099997,300.0,SVM,SVC,-9.0,20006.09339399998,,,
adult,4,full,300.0931255730011,,,,,,timeout,,2160.173056,1,300.0931255730011,300.0,KNN,KNeighborsClassifier,-9.0,60018.62511460022,,,
adult,4,forced_tree,0.03732203599975037,tree,,"{""float32"": 29}",,,error,[SHAP] Explainer build failed: Model type not yet supported by TreeExplainer: <class 'sklearn.neighbors._classification.KNeighborsClassifier'>,0.1024,0,0.11185871499947098,300.0,KNN,KNeighborsClassifier,,,,,
adult,4,forced_kernel,300.10971679999966,,,,,,timeout,,2160.197632,2,300.10971679999966,300.0,KNN,KNeighborsClassifier,-9.0,30010.971679999966,,,
adult,4,no_cast,300.13638938700024,,,,,,timeout,,34.885632,18,300.13638938700024,300.0,KNN,KNeighborsClassifier,-9.0,3334.8487709666692,,,
credit,0,full,1.4957546069999808,tree,TreeExplainer,"{""float32"": 29}","[200, 29]",0.0,ok,,56.569856,0,1.5317110639998646,300.0,Random Forest,RandomForestClassifier,,,,,
credit,0,forced_tree,1.3366732950003097,tree,TreeExplainer,"{""float32"": 29}","[200, 29]",0.0,ok,,7.08608,0,1.368238275999829,300.0,Random Forest,RandomForestClassifier,,,,,
credit,0,forced_kernel,154.77669763699987,kernel,KernelExplainer,"{""float32"": 29}","[200, 29]",0.0,ok,,23.73632,200,154.8031700519996,300.0,Random Forest,RandomForestClassifier,,,,,
credit,0,no_cast,1.385929995999959,tree,TreeExplainer,"{""float64"": 29}","[200, 29]",0.0,ok,,58.249216,0,1.40902514399977,300.0,Random Forest,RandomForestClassifier,,,,,
credit,0,full,0.3645964379998077,tree,TreeExplainer,"{""float32"": 29}","[200, 29]",0.0,ok,,52.248576,0,0.39371269200000825,300.0,XGBoost,XGBClassifier,,,,,
credit,0,forced_tree,0.20752353099987886,tree,TreeExplainer,"{""float32"": 29}","[200, 29]",0.0,ok,,37.568512,0,0.22634439400007977,300.0,XGBoost,XGBClassifier,,,,,
credit,0,forced_kernel,0.1640982530002475,kernel,,"{""float32"": 29}",,,error,[SHAP] Explainer build failed: property 'feature_names_in_' of 'XGBClassifier' object has no setter,6.975488,0,0.18890310999995563,300.0,XGBoost,XGBClassifier,,,,,
credit,0,no_cast,0.2014346799996929,tree,TreeExplainer,"{""float64"": 29}","[200, 29]",0.0,ok,,70.49216,0,0.22545559899981527,300.0,XGBoost,XGBClassifier,,,,,
credit,0,full,0.1383155580001585,tree,TreeExplainer,"{""float32"": 29}","[200, 29]",0.0,ok,,35.47136,0,0.15863586400018903,300.0,Gradient Boosting,GradientBoostingClassifier,,,,,
credit,0,forced_tree,0.13313496999990093,tree,TreeExplainer,"{""float32"": 29}","[200, 29]",0.0,ok,,41.762816,0,0.15560788199991293,300.0,Gradient Boosting,GradientBoostingClassifier,,,,,
credit,0,forced_kernel,72.58617502000016,kernel,KernelExplainer,"{""float32"": 29}","[200, 29]",0.0,ok,,52.248576,200,72.6067992809999,300.0,Gradient Boosting,GradientBoostingClassifier,,,,,
credit,0,no_cast,0.21389232600040486,tree,TreeExplainer,"{""float64"": 29}","[200, 29]",0.0,ok,,57.327616,0,0.2589827950000654,300.0,Gradient Boosting,GradientBoostingClassifier,,,,,
credit,0,full,1.9210304519997408,linear,LinearExplainer,"{""float32"": 29}","[200, 29]",0.0,ok,,20.791296,0,1.9425594700001056,300.0,Logistic Regression,LogisticRegression,,,,,
credit,0,forced_tree,0.13035075500010862,tree,,"{""float32"": 29}",,,error,[SHAP] Explainer build failed: Model type not yet supported by TreeExplainer: <class 'sklearn.linear_model._logistic.LogisticRegression'>,20.791296,0,0.15727870199998506,300.0,Logistic Regression,LogisticRegression,,,,,
credit,0,forced_kernel,62.51237625799968,kernel,KernelExplainer,"{""float32"": 29}","[200, 29]",0.0,ok,,37.568512,200,62.53224025599957,300.0,Logistic Regression,LogisticRegression,,,,,
credit,0,no_cast,1.5124115919998076,linear,LinearExplainer,"{""float64"": 29}","[200, 29]",0.0,ok,,66.78528,0,1.541145699000026,300.0,Logistic Regression,LogisticRegression,,,,,
credit,0,full,300.1162443010003,,,,,,timeout,,39.665664,25,300.1162443010003,300.0,SVM,SVC,-9.0,2400.9299544080022,,,
credit,0,forced_tree,0.1456895110000005,tree,,"{""float32"": 29}",,,error,[SHAP] Explainer build failed: Model type not yet supported by TreeExplainer: <class 'sklearn.svm._classes.SVC'>,3.866624,0,0.1664659620000748,300.0,SVM,SVC,,,,,
credit,0,forced_kernel,300.1193373340002,,,,,,timeout,,50.151424,26,300.1193373340002,300.0,SVM,SVC,-9.0,2308.610287184617,,,
credit,0,no_cast,300.1154782159997,,,,,,timeout,,74.821632,24,300.1154782159997,300.0,SVM,SVC,-9.0,2500.962318466664,,,
credit,0,full,300.1116942100002,,,,,,timeout,,2159.828992,0,300.1116942100002,300.0,KNN,KNeighborsClassifier,-9.0,,,,
credit,0,forced_tree,0.14709798200010482,tree,,"{""float32"": 29}",,,error,[SHAP] Explainer build failed: Model type not yet supported by TreeExplainer: <class 'sklearn.neighbors._classification.KNeighborsClassifier'>,3.866624,0,0.16835520499989798,300.0,KNN,KNeighborsClassifier,,,,,
credit,0,forced_kernel,300.11408671399977,,,,,,timeout,,2159.828992,0,300.11408671399977,300.0,KNN,KNeighborsClassifier,-9.0,,,,
credit,0,no_cast,300.11270835600044,,,,,,timeout,,83.935232,3,300.11270835600044,300.0,KNN,KNeighborsClassifier,-9.0,20007.51389040003,,,
credit,1,full,1.4938041760001397,tree,TreeExplainer,"{""float32"": 29}","[200, 29]",0.0,ok,,52.314112,0,1.5262893350000013,300.0,Random Forest,RandomForestClassifier,,,,,
credit,1,forced_tree,1.264428518999921,tree,TreeExplainer,"{""float32"": 29}","[200, 29]",0.0,ok,,35.536896,0,1.2950285460001396,300.0,Random Forest,RandomForestClassifier,,,,,
credit,1,forced_kernel,156.29663164900012,kernel,KernelExplainer,"{""float32"": 29}","[200, 29]",0.0,ok,,22.953984,200,156.31832197899985,300.0,Random Forest,RandomForestClassifier,,,,,
credit,1,no_cast,1.3753439679999246,tree,TreeExplainer,"{""float64"": 29}","[200, 29]",0.0,ok,,58.232832,0,1.4025034410001354,300.0,Random Forest,RandomForestClassifier,,,,,
credit,1,full,0.20925172900024336,tree,TreeExplainer,"{""float32"": 29}","[200, 29]",0.0,ok,,33.439744,0,0.229013747999943,300.0,XGBoost,XGBClassifier,,,,,
credit,1,forced_tree,0.2017209819996424,tree,TreeExplainer,"{""float32"": 29}","[200, 29]",0.0,ok,,35.536896,0,0.22721977699984564,300.0,XGBoost,XGBClassifier,,,,,
credit,1,forced_kernel,0.22193107600014628,kernel,,"{""float32"": 29}",,,error,[SHAP] Explainer build failed: property 'feature_names_in_' of 'XGBClassifier' object has no setter,43.925504,0,0.2473671650000142,300.0,XGBoost,XGBClassifier,,,,,
credit,1,no_cast,0.34093171099993924,tree,TreeExplainer,"{""float64"": 29}","[200, 29]",0.0,ok,,70.586368,0,0.3636787469999945,300.0,XGBoost,XGBClassifier,,,,,
credit,1,full,0.1423444990000462,tree,TreeExplainer,"{""float32"": 29}",,,error," that the model was trained on. If your data shape is correct then please report this on GitHub. Consider retrying with the feature_perturbation='interventional' option. This check failed because for one of the samples the sum of the SHAP values was -137438953472.000000, while the model output was -3.603747. If this difference is acceptable you can set check_additivity=False to disable this check.",27.148288,0,0.16797216700024364,300.0,Gradient Boosting,GradientBoostingClassifier,,,,,
credit,1,forced_tree,0.1511751309999454,tree,TreeExplainer,"{""float32"": 29}",,,error," that the model was trained on. If your data shape is correct then please report this on GitHub. Consider retrying with the feature_perturbation='interventional' option. This check failed because for one of the samples the sum of the SHAP values was -137438953472.000000, while the model output was -3.603747. If this difference is acceptable you can set check_additivity=False to disable this check.",9.244672,0,0.18057747100010602,300.0,Gradient Boosting,GradientBoostingClassifier,,,,,
credit,1,forced_kernel,71.5355077309996,kernel,KernelExplainer,"{""float32"": 29}","[200, 29]",0.0,ok,,20.959232,200,71.56023022699992,300.0,Gradient Boosting,GradientBoostingClassifier,,,,,
credit,1,no_cast,1.2339475419998962,tree,TreeExplainer,"{""float64"": 29}",,,error," that the model was trained on. If your data shape is correct then please report this on GitHub. Consider retrying with the feature_perturbation='interventional' option. This check failed because for one of the samples the sum of the SHAP values was -137438953472.000000, while the model output was -3.603747. If this difference is acceptable you can set check_additivity=False to disable this check.",58.494976,0,1.303700630000094,300.0,Gradient Boosting,GradientBoostingClassifier,,,,,
credit,1,full,2.1050641209999412,linear,LinearExplainer,"{""float32"": 29}","[200, 29]",0.0,ok,,52.314112,0,2.174575473999994,300.0,Logistic Regression,LogisticRegression,,,,,
credit,1,forced_tree,0.2188744269997187,tree,,"{""float32"": 29}",,,error,[SHAP] Explainer build failed: Model type not yet supported by TreeExplainer: <class 'sklearn.linear_model._logistic.LogisticRegression'>,56.619008,0,0.23942166400001952,300.0,Logistic Regression,LogisticRegression,,,,,
credit,1,forced_kernel,63.175807733000056,kernel,KernelExplainer,"{""float32"": 29}","[200, 29]",0.0,ok,,23.134208,200,63.1968778319997,300.0,Logistic Regression,LogisticRegression,,,,,
credit,1,no_cast,1.335821868000039,linear,LinearExplainer,"{""float64"": 29}","[200, 29]",0.0,ok,,66.818048,0,1.3696337559999847,300.0,Logistic Regression,LogisticRegression,,,,,
credit,1,full,300.112933894,,,,,,timeout,,20.750336,25,300.112933894,300.0,SVM,SVC,-9.0,2400.903471152,,,
credit,1,forced_tree,0.17648468400011552,tree,,"{""float32"": 29}",,,error,[SHAP] Explainer build failed: Model type not yet supported by TreeExplainer: <class 'sklearn.svm._classes.SVC'>,54.411264,0,0.197819637000066,300.0,SVM,SVC,,,,,
credit,1,forced_kernel,300.11155066799984,,,,,,timeout,,25.051136,25,300.11155066799984,300.0,SVM,SVC,-9.0,2400.8924053439987,,,
credit,1,no_cast,300.1108058300001,,,,,,timeout,,71.913472,24,300.1108058300001,300.0,SVM,SVC,-9.0,2500.9233819166675,,,
credit,1,full,300.11382590799985,,,,,,timeout,,2159.75936,0,300.11382590799985,300.0,KNN,KNeighborsClassifier,-9.0,,,,
credit,1,forced_tree,0.14716421400044055,tree,,"{""float32"": 29}",,,error,[SHAP] Explainer build failed: Model type not yet supported by TreeExplainer: <class 'sklearn.neighbors._classification.KNeighborsClassifier'>,3.8912,0,0.18002921400011473,300.0,KNN,KNeighborsClassifier,,,,,
credit,1,forced_kernel,300.08347245299956,,,,,,timeout,,2158.83776,0,300.08347245299956,300.0,KNN,KNeighborsClassifier,-9.0,,,,
credit,1,no_cast,300.1147847729999,,,,,,timeout,,81.055744,3,300.1147847729999,300.0,KNN,KNeighborsClassifier,-9.0,20007.65231819999,,,
credit,2,full,1.3570494360001248,tree,TreeExplainer,"{""float32"": 29}","[200, 29]",0.0,ok,,48.001024,0,1.3987409670003217,300.0,Random Forest,RandomForestClassifier,,,,,
credit,2,forced_tree,1.4148960360003002,tree,TreeExplainer,"{""float32"": 29}","[200, 29]",0.0,ok,,7.098368,0,1.4391375720001633,300.0,Random Forest,RandomForestClassifier,,,,,
credit,2,forced_kernel,166.5924769190001,kernel,KernelExplainer,"{""float32"": 29}","[200, 29]",0.0,ok,,23.678976,200,166.61557311800016,300.0,Random Forest,RandomForestClassifier,,,,,
credit,2,no_cast,1.2735968669999238,tree,TreeExplainer,"{""float64"": 29}","[200, 29]",0.0,ok,,58.261504,0,1.3006665409998277,300.0,Random Forest,RandomForestClassifier,,,,,
credit,2,full,0.21912228900009723,tree,TreeExplainer,"{""float32"": 29}","[200, 29]",0.0,ok,,20.738048,0,0.2426435299998957,300.0,XGBoost,XGBClassifier,,,,,
credit,2,forced_tree,0.24104544600004374,tree,TreeExplainer,"{""float32"": 29}","[200, 29]",0.0,ok,,19.345408,0,0.2707337690003442,300.0,XGBoost,XGBClassifier,,,,,
credit,2,forced_kernel,0.16322707300014372,kernel,,"{""float32"": 29}",,,error,[SHAP] Explainer build failed: property 'feature_names_in_' of 'XGBClassifier' object has no setter,7.04512,0,0.20734010699970895,300.0,XGBoost,XGBClassifier,,,,,
credit,2,no_cast,0.1972479010000825,tree,TreeExplainer,"{""float64"": 29}","[200, 29]",0.0,ok,,70.500352,0,0.21887664599989876,300.0,XGBoost,XGBClassifier,,,,,
credit,2,full,0.16407400499974756,tree,TreeExplainer,"{""float32"": 29}",,,error,"ng with the feature_perturbation='interventional' option. This check failed because for one of the samples the sum of the SHAP values was 58172925253541876707768547106883851504899612100856747297049093984147709628795398432616650518694945066588026658202055530774528.000000, while the model output was -9.846198. If this difference is acceptable you can set check_additivity=False to disable this check.",12.34944,0,0.1862734580004144,300.0,Gradient Boosting,GradientBoostingClassifier,,,,,
credit,2,forced_tree,0.1470136010002534,tree,TreeExplainer,"{""float32"": 29}",,,error,"ng with the feature_perturbation='interventional' option. This check failed because for one of the samples the sum of the SHAP values was 58172925253541876707768547106883851504899612100856747297049093984147709628795398432616650518694945066588026658202055530774528.000000, while the model output was -9.846198. If this difference is acceptable you can set check_additivity=False to disable this check.",16.543744,0,0.17020930899980158,300.0,Gradient Boosting,GradientBoostingClassifier,,,,,
credit,2,forced_kernel,74.11709028400037,kernel,KernelExplainer,"{""float32"": 29}","[200, 29]",0.0,ok,,33.32096,200,74.1427819810001,300.0,Gradient Boosting,GradientBoostingClassifier,,,,,
credit,2,no_cast,0.22392681400015135,tree,TreeExplainer,"{""float64"": 29}",,,error,"ng with the feature_perturbation='interventional' option. This check failed because for one of the samples the sum of the SHAP values was 58172925253541876707768547106883851504899612100856747297049093984147709628795398432616650518694945066588026658202055530774528.000000, while the model output was -9.846198. If this difference is acceptable you can set check_additivity=False to disable this check.",56.516608,0,0.24790583699996205,300.0,Gradient Boosting,GradientBoostingClassifier,,,,,
credit,2,full,1.2393620780003403,linear,LinearExplainer,"{""float32"": 29}","[200, 29]",0.0,ok,,15.577088,0,1.2652801849999378,300.0,Logistic Regression,LogisticRegression,,,,,
credit,2,forced_tree,0.1429003820003345,tree,,"{""float32"": 29}",,,error,[SHAP] Explainer build failed: Model type not yet supported by TreeExplainer: <class 'sklearn.linear_model._logistic.LogisticRegression'>,3.801088,0,0.18407627100077661,300.0,Logistic Regression,LogisticRegression,,,,,
credit,2,forced_kernel,62.20468549799989,kernel,KernelExplainer,"{""float32"": 29}","[200, 29]",0.0,ok,,27.029504,200,62.22672797799987,300.0,Logistic Regression,LogisticRegression,,,,,
credit,2,no_cast,1.5062696430004507,linear,LinearExplainer,"{""float64"": 29}","[200, 29]",0.0,ok,,66.740224,0,1.5312682320000022,300.0,Logistic Regression,LogisticRegression,,,,,
credit,2,full,300.1168482490002,,,,,,timeout,,20.815872,24,300.1168482490002,300.0,SVM,SVC,-9.0,2500.973735408335,,,
credit,2,forced_tree,0.1476288879994172,tree,,"{""float32"": 29}",,,error,[SHAP] Explainer build failed: Model type not yet supported by TreeExplainer: <class 'sklearn.svm._classes.SVC'>,3.801088,0,0.17205644699970435,300.0,SVM,SVC,,,,,
credit,2,forced_kernel,300.114703749,,,,,,timeout,,37.515264,24,300.114703749,300.0,SVM,SVC,-9.0,2500.955864575,,,
credit,2,no_cast,300.1248355509997,,,,,,timeout,,71.979008,24,300.1248355509997,300.0,SVM,SVC,-9.0,2501.0402962583307,,,
credit,2,full,300.1154048360004,,,,,,timeout,,2159.886336,0,300.1154048360004,300.0,KNN,KNeighborsClassifier,-9.0,,,,
credit,2,forced_tree,0.14541406700027437,tree,,"{""float32"": 29}",,,error,[SHAP] Explainer build failed: Model type not yet supported by TreeExplainer: <class 'sklearn.neighbors._classification.KNeighborsClassifier'>,3.801088,0,0.17034202699960588,300.0,KNN,KNeighborsClassifier,,,,,
credit,2,forced_kernel,300.11350227599996,,,,,,timeout,,2159.886336,0,300.11350227599996,300.0,KNN,KNeighborsClassifier,-9.0,,,,
credit,2,no_cast,300.1137212240001,,,,,,timeout,,75.128832,3,300.1137212240001,300.0,KNN,KNeighborsClassifier,-9.0,20007.58141493334,,,
credit,3,full,1.7308185539995975,tree,TreeExplainer,"{""float32"": 29}","[200, 29]",0.0,ok,,56.553472,0,1.778213837000294,300.0,Random Forest,RandomForestClassifier,,,,,
credit,3,forced_tree,1.433487824000622,tree,TreeExplainer,"{""float32"": 29}","[200, 29]",0.0,ok,,7.00416,0,1.4560972100007348,300.0,Random Forest,RandomForestClassifier,,,,,
credit,3,forced_kernel,154.51149219299987,kernel,KernelExplainer,"{""float32"": 29}","[200, 29]",0.0,ok,,22.802432,200,154.53190480000012,300.0,Random Forest,RandomForestClassifier,,,,,
credit,3,no_cast,1.230488387999685,tree,TreeExplainer,"{""float64"": 29}","[200, 29]",0.0,ok,,58.167296,0,1.2536707429999296,300.0,Random Forest,RandomForestClassifier,,,,,
credit,3,full,0.20793342500019207,tree,TreeExplainer,"{""float32"": 29}","[200, 29]",0.0,ok,,26.996736,0,0.2329643680004665,300.0,XGBoost,XGBClassifier,,,,,
credit,3,forced_tree,0.2144255590001194,tree,TreeExplainer,"{""float32"": 29}","[200, 29]",0.0,ok,,29.093888,0,0.24132995800027857,300.0,XGBoost,XGBClassifier,,,,,
credit,3,forced_kernel,0.15445984699999826,kernel,,"{""float32"": 29}",,,error,[SHAP] Explainer build failed: property 'feature_names_in_' of 'XGBClassifier' object has no setter,22.20032,0,0.17365599100048712,300.0,XGBoost,XGBClassifier,,,,,
credit,3,no_cast,0.19485646300017834,tree,TreeExplainer,"{""float64"": 29}","[200, 29]",0.0,ok,,70.414336,0,0.22055531900059577,300.0,XGBoost,XGBClassifier,,,,,
credit,3,full,0.14456417399924248,tree,TreeExplainer,"{""float32"": 29}",,,error,"r retrying with the feature_perturbation='interventional' option. This check failed because for one of the samples the sum of the SHAP values was -39402006196394479212279040100143613805079739270465446667948293404245721771497210611414266254884915640806627990306816.000000, while the model output was -8.520431. If this difference is acceptable you can set check_additivity=False to disable this check.",24.899584,0,0.1651436450001711,300.0,Gradient Boosting,GradientBoostingClassifier,,,,,
credit,3,forced_tree,0.14104454300013458,tree,TreeExplainer,"{""float32"": 29}",,,error,"r retrying with the feature_perturbation='interventional' option. This check failed because for one of the samples the sum of the SHAP values was -39402006196394479212279040100143613805079739270465446667948293404245721771497210611414266254884915640806627990306816.000000, while the model output was -8.520431. If this difference is acceptable you can set check_additivity=False to disable this check.",45.871104,0,0.161128715999439,300.0,Gradient Boosting,GradientBoostingClassifier,,,,,
credit,3,forced_kernel,72.39675583999997,kernel,KernelExplainer,"{""float32"": 29}","[200, 29]",0.0,ok,,20.996096,200,72.42101761499998,300.0,Gradient Boosting,GradientBoostingClassifier,,,,,
credit,3,no_cast,0.15825496700017538,tree,TreeExplainer,"{""float64"": 29}",,,error,"r retrying with the feature_perturbation='interventional' option. This check failed because for one of the samples the sum of the SHAP values was -39402006196394479212279040100143613805079739270465446667948293404245721771497210611414266254884915640806627990306816.000000, while the model output was -8.520431. If this difference is acceptable you can set check_additivity=False to disable this check.",58.42944,0,0.18494511700009753,300.0,Gradient Boosting,GradientBoostingClassifier,,,,,
credit,3,full,1.3237642320000305,linear,LinearExplainer,"{""float32"": 29}","[200, 29]",0.0,ok,,15.581184,0,1.3468175580001116,300.0,Logistic Regression,LogisticRegression,,,,,
credit,3,forced_tree,0.13121412999953463,tree,,"{""float32"": 29}",,,error,[SHAP] Explainer build failed: Model type not yet supported by TreeExplainer: <class 'sklearn.linear_model._logistic.LogisticRegression'>,29.093888,0,0.15183419299955858,300.0,Logistic Regression,LogisticRegression,,,,,
credit,3,forced_kernel,60.83482783999989,kernel,KernelExplainer,"{""float32"": 29}","[200, 29]",0.0,ok,,23.187456,200,60.85545277100027,300.0,Logistic Regression,LogisticRegression,,,,,
credit,3,no_cast,1.4202268529998037,linear,LinearExplainer,"{""float64"": 29}","[200, 29]",0.0,ok,,66.74432,0,1.441926252000485,300.0,Logistic Regression,LogisticRegression,,,,,
credit,3,full,300.112206668,,,,,,timeout,,23.61344,25,300.112206668,300.0,SVM,SVC,-9.0,2400.897653344,,,
credit,3,forced_tree,0.27960029899986694,tree,,"{""float32"": 29}",,,error,[SHAP] Explainer build failed: Model type not yet supported by TreeExplainer: <class 'sklearn.svm._classes.SVC'>,54.259712,0,0.30049548799979675,300.0,SVM,SVC,,,,,
credit,3,forced_kernel,300.1131113000001,,,,,,timeout,,35.385344,26,300.1131113000001,300.0,SVM,SVC,-9.0,2308.5623946153855,,,
credit,3,no_cast,300.11130076100017,,,,,,timeout,,74.776576,26,300.11130076100017,300.0,SVM,SVC,-9.0,2308.548467392309,,,
credit,3,full,300.1109171090002,,,,,,timeout,,2159.824896,0,300.1109171090002,300.0,KNN,KNeighborsClassifier,-9.0,,,,
credit,3,forced_tree,0.1438930509993952,tree,,"{""float32"": 29}",,,error,[SHAP] Explainer build failed: Model type not yet supported by TreeExplainer: <class 'sklearn.neighbors._classification.KNeighborsClassifier'>,3.805184,0,0.1707923789999768,300.0,KNN,KNeighborsClassifier,,,,,
credit,3,forced_kernel,300.1151294179999,,,,,,timeout,,2155.835392,0,300.1151294179999,300.0,KNN,KNeighborsClassifier,-9.0,,,,
credit,3,no_cast,300.1129519440001,,,,,,timeout,,75.485184,3,300.1129519440001,300.0,KNN,KNeighborsClassifier,-9.0,20007.530129600007,,,
credit,4,full,1.2462721730007615,tree,TreeExplainer,"{""float32"": 29}","[200, 29]",0.0,ok,,7.02464,0,1.2726836250003544,300.0,Random Forest,RandomForestClassifier,,,,,
credit,4,forced_tree,1.1860954370004038,tree,TreeExplainer,"{""float32"": 29}","[200, 29]",0.0,ok,,22.91712,0,1.2080430070000148,300.0,Random Forest,RandomForestClassifier,,,,,
credit,4,forced_kernel,152.29577235800025,kernel,KernelExplainer,"{""float32"": 29}","[200, 29]",0.0,ok,,37.597184,200,152.31640112399964,300.0,Random Forest,RandomForestClassifier,,,,,
credit,4,no_cast,1.3004623010001524,tree,TreeExplainer,"{""float64"": 29}","[200, 29]",0.0,ok,,58.187776,0,1.3234772600008,300.0,Random Forest,RandomForestClassifier,,,,,
credit,4,full,0.22292112699960853,tree,TreeExplainer,"{""float32"": 29}","[200, 29]",0.0,ok,,19.152896,0,0.24723182799971255,300.0,XGBoost,XGBClassifier,,,,,
credit,4,forced_tree,0.21601520000058372,tree,TreeExplainer,"{""float32"": 29}","[200, 29]",0.0,ok,,19.12832,0,0.23618131800049014,300.0,XGBoost,XGBClassifier,,,,,
credit,4,forced_kernel,0.1471666749994256,kernel,,"{""float32"": 29}",,,error,[SHAP] Explainer build failed: property 'feature_names_in_' of 'XGBClassifier' object has no setter,5.79584,0,0.16823084599946014,300.0,XGBoost,XGBClassifier,,,,,
credit,4,no_cast,0.20157792000009067,tree,TreeExplainer,"{""float64"": 29}","[200, 29]",0.0,ok,,70.295552,0,0.224307743999816,300.0,XGBoost,XGBClassifier,,,,,
credit,4,full,0.1423032009997769,tree,TreeExplainer,"{""float32"": 29}",,,error,"is correct then please report this on GitHub. Consider retrying with the feature_perturbation='interventional' option. This check failed because for one of the samples the sum of the SHAP values was 6582018229284824168619876730229402019930943462534319453394436096.000000, while the model output was -7.888691. If this difference is acceptable you can set check_additivity=False to disable this check.",25.014272,0,0.16315957000006165,300.0,Gradient Boosting,GradientBoostingClassifier,,,,,
credit,4,forced_tree,0.13938351800061355,tree,TreeExplainer,"{""float32"": 29}",,,error,"is correct then please report this on GitHub. Consider retrying with the feature_perturbation='interventional' option. This check failed because for one of the samples the sum of the SHAP values was 6582018229284824168619876730229402019930943462534319453394436096.000000, while the model output was -7.888691. If this difference is acceptable you can set check_additivity=False to disable this check.",27.111424,0,0.16892423100034648,300.0,Gradient Boosting,GradientBoostingClassifier,,,,,
credit,4,forced_kernel,70.16458307100038,kernel,KernelExplainer,"{""float32"": 29}","[200, 29]",0.0,ok,,23.506944,200,70.1872992460003,300.0,Gradient Boosting,GradientBoostingClassifier,,,,,
credit,4,no_cast,0.33410037699923123,tree,TreeExplainer,"{""float64"": 29}",,,error,"is correct then please report this on GitHub. Consider retrying with the feature_perturbation='interventional' option. This check failed because for one of the samples the sum of the SHAP values was 6582018229284824168619876730229402019930943462534319453394436096.000000, while the model output was -7.888691. If this difference is acceptable you can set check_additivity=False to disable this check.",54.3744,0,0.35588584700053616,300.0,Gradient Boosting,GradientBoostingClassifier,,,,,
credit,4,full,1.2741089470000588,linear,LinearExplainer,"{""float32"": 29}","[200, 29]",0.0,ok,,37.597184,0,1.2972000859999753,300.0,Logistic Regression,LogisticRegression,,,,,
credit,4,forced_tree,0.13561697700060904,tree,,"{""float32"": 29}",,,error,[SHAP] Explainer build failed: Model type not yet supported by TreeExplainer: <class 'sklearn.linear_model._logistic.LogisticRegression'>,3.936256,0,0.1601789149999604,300.0,Logistic Regression,LogisticRegression,,,,,
credit,4,forced_kernel,56.08548628099925,kernel,KernelExplainer,"{""float32"": 29}","[200, 29]",0.0,ok,,22.900736,200,56.1137780250001,300.0,Logistic Regression,LogisticRegression,,,,,
credit,4,no_cast,1.4576974279998467,linear,LinearExplainer,"{""float64"": 29}","[200, 29]",0.0,ok,,66.6624,0,1.4846404170002643,300.0,Logistic Regression,LogisticRegression,,,,,
credit,4,full,300.1166612390007,,,,,,timeout,,20.525056,26,300.1166612390007,300.0,SVM,SVC,-9.0,2308.5897018384667,,,
credit,4,forced_tree,0.14028000399957818,tree,,"{""float32"": 29}",,,error,[SHAP] Explainer build failed: Model type not yet supported by TreeExplainer: <class 'sklearn.svm._classes.SVC'>,3.87072,0,0.17248450500028412,300.0,SVM,SVC,,,,,
credit,4,forced_kernel,300.1141692840001,,,,,,timeout,,20.819968,26,300.1141692840001,300.0,SVM,SVC,-9.0,2308.5705329538473,,,
credit,4,no_cast,300.11245187500026,,,,,,timeout,,71.688192,26,300.11245187500026,300.0,SVM,SVC,-9.0,2308.557322115387,,,
credit,4,full,300.1160798010005,,,,,,timeout,,2155.577344,0,300.1160798010005,300.0,KNN,KNeighborsClassifier,-9.0,,,,
credit,4,forced_tree,0.15289323500019236,tree,,"{""float32"": 29}",,,error,[SHAP] Explainer build failed: Model type not yet supported by TreeExplainer: <class 'sklearn.neighbors._classification.KNeighborsClassifier'>,6.979584,0,0.17633308299991768,300.0,KNN,KNeighborsClassifier,,,,,
credit,4,forced_kernel,300.1116726119999,,,,,,timeout,,2159.538176,0,300.1116726119999,300.0,KNN,KNeighborsClassifier,-9.0,,,,
credit,4,no_cast,300.11463233299946,,,,,,timeout,,74.805248,3,300.11463233299946,300.0,KNN,KNeighborsClassifier,-9.0,20007.642155533296,,,
california,0,full,43.230818807000105,tree,TreeExplainer,"{""float32"": 7}","[200, 7]",0.0,ok,,158.806016,0,43.29277505699997,300.0,Random Forest,RandomForestRegressor,,,,,
california,0,forced_tree,43.805030780999914,tree,TreeExplainer,"{""float32"": 7}","[200, 7]",0.0,ok,,158.806016,0,43.846185662999915,300.0,Random Forest,RandomForestRegressor,,,,,
california,0,forced_kernel,21.10220658000003,kernel,KernelExplainer,"{""float32"": 7}","[200, 7]",0.0,ok,,300.888064,200,21.155701173000125,300.0,Random Forest,RandomForestRegressor,,,,,
california,0,no_cast,42.90202846200009,tree,TreeExplainer,"{""float64"": 7}","[200, 7]",0.0,ok,,77.807616,0,42.94048355700011,300.0,Random Forest,RandomForestRegressor,,,,,
california,0,full,0.717708557999913,tree,TreeExplainer,"{""float32"": 7}","[200, 7]",0.0,ok,,28.880896,0,0.7867416270000831,300.0,XGBoost,XGBRegressor,,,,,
california,0,forced_tree,0.6218749139998181,tree,TreeExplainer,"{""float32"": 7}","[200, 7]",0.0,ok,,28.884992,0,0.6660269179999432,300.0,XGBoost,XGBRegressor,,,,,
california,0,forced_kernel,0.015821733999928256,kernel,,"{""float32"": 7}",,,error,[SHAP] Explainer build failed: property 'feature_names_in_' of 'XGBRegressor' object has no setter,3.293184,0,0.048609409999926356,300.0,XGBoost,XGBRegressor,,,,,
california,0,no_cast,0.6425575860000663,tree,TreeExplainer,"{""float64"": 7}","[200, 7]",0.0,ok,,28.442624,0,0.6744986780001909,300.0,XGBoost,XGBRegressor,,,,,
california,0,full,0.021027516999993168,tree,TreeExplainer,"{""float32"": 7}","[200, 7]",0.0,ok,,3.059712,0,0.05516093899996122,300.0,Gradient Boosting,GradientBoostingRegressor,,,,,
california,0,forced_tree,0.020823281000048155,tree,TreeExplainer,"{""float32"": 7}","[200, 7]",0.0,ok,,3.059712,0,0.05513517800000045,300.0,Gradient Boosting,GradientBoostingRegressor,,,,,
california,0,forced_kernel,4.569268574000034,kernel,KernelExplainer,"{""float32"": 7}","[200, 7]",0.0,ok,,13.725696,200,4.604093400000011,300.0,Gradient Boosting,GradientBoostingRegressor,,,,,
california,0,no_cast,0.024389540000129273,tree,TreeExplainer,"{""float64"": 7}","[200, 7]",0.0,ok,,3.059712,0,0.06990175999999337,300.0,Gradient Boosting,GradientBoostingRegressor,,,,,
california,0,full,0.2219174250001288,linear,LinearExplainer,"{""float32"": 7}","[200, 7]",0.0,ok,,15.609856,0,0.2692480030000297,300.0,Ridge,Ridge,,,,,
california,0,forced_tree,0.007770617999995011,tree,,"{""float32"": 7}",,,error,[SHAP] Explainer build failed: Model type not yet supported by TreeExplainer: <class 'sklearn.linear_model._ridge.Ridge'>,3.293184,0,0.04744082100000924,300.0,Ridge,Ridge,,,,,
california,0,forced_kernel,4.320265840000047,kernel,KernelExplainer,"{""float32"": 7}","[200, 7]",0.0,ok,,13.049856,200,4.358932646999847,300.0,Ridge,Ridge,,,,,
california,0,no_cast,0.20370145499987302,linear,LinearExplainer,"{""float64"": 7}","[200, 7]",0.0,ok,,15.609856,0,0.23966579900002216,300.0,Ridge,Ridge,,,,,
california,0,full,300.123784679,,,,,,timeout,,14.639104,135,300.123784679,300.0,SVM,SVR,-9.0,444.62782915407405,,,
california,0,forced_tree,0.009476279999944381,tree,,"{""float32"": 7}",,,error,[SHAP] Explainer build failed: Model type not yet supported by TreeExplainer: <class 'sklearn.svm._classes.SVR'>,3.293184,0,0.046404714999880525,300.0,SVM,SVR,,,,,
california,0,forced_kernel,300.12644956199983,,,,,,timeout,,14.639104,136,300.12644956199983,300.0,SVM,SVR,-9.0,441.36242582647037,,,
california,0,no_cast,300.13331548899987,,,,,,timeout,,14.860288,128,300.13331548899987,300.0,SVM,SVR,-9.0,468.9583054515623,,,
california,0,full,45.6353267479999,kernel,KernelExplainer,"{""float32"": 7}","[200, 7]",0.0,ok,,14.147584,200,45.67044009199981,300.0,KNN,KNeighborsRegressor,,,,,
california,0,forced_tree,0.007946832000016002,tree,,"{""float32"": 7}",,,error,[SHAP] Explainer build failed: Model type not yet supported by TreeExplainer: <class 'sklearn.neighbors._regression.KNeighborsRegressor'>,0.1024,0,0.057259320999946794,300.0,KNN,KNeighborsRegressor,,,,,
california,0,forced_kernel,45.570716402000016,kernel,KernelExplainer,"{""float32"": 7}","[200, 7]",0.0,ok,,14.147584,200,45.623453189999964,300.0,KNN,KNeighborsRegressor,,,,,
california,0,no_cast,46.69140030499966,kernel,KernelExplainer,"{""float64"": 7}","[200, 7]",0.0,ok,,14.503936,200,46.724068649999936,300.0,KNN,KNeighborsRegressor,,,,,
california,1,full,43.41433606299961,tree,TreeExplainer,"{""float32"": 7}","[200, 7]",0.0,ok,,158.420992,0,43.45944794800016,300.0,Random Forest,RandomForestRegressor,,,,,
california,1,forced_tree,42.51271259499936,tree,TreeExplainer,"{""float32"": 7}","[200, 7]",0.0,ok,,158.420992,0,42.54468789400016,300.0,Random Forest,RandomForestRegressor,,,,,
california,1,forced_kernel,20.82319889000064,kernel,KernelExplainer,"{""float32"": 7}","[200, 7]",0.0,ok,,300.269568,200,20.857436833000065,300.0,Random Forest,RandomForestRegressor,,,,,
california,1,no_cast,42.222087189000376,tree,TreeExplainer,"{""float64"": 7}","[200, 7]",0.0,ok,,159.064064,0,42.25945867700011,300.0,Random Forest,RandomForestRegressor,,,,,
california,1,full,0.6390852690001338,tree,TreeExplainer,"{""float32"": 7}","[200, 7]",0.0,ok,,27.754496,0,0.6698329250002644,300.0,XGBoost,XGBRegressor,,,,,
california,1,forced_tree,0.6118168089997198,tree,TreeExplainer,"{""float32"": 7}","[200, 7]",0.0,ok,,27.754496,0,0.6491497160004656,300.0,XGBoost,XGBRegressor,,,,,
california,1,forced_kernel,0.015554347000033886,kernel,,"{""float32"": 7}",,,error,[SHAP] Explainer build failed: property 'feature_names_in_' of 'XGBRegressor' object has no setter,3.018752,0,0.04674479300047096,300.0,XGBoost,XGBRegressor,,,,,
california,1,no_cast,0.6074682429998575,tree,TreeExplainer,"{""float64"": 7}","[200, 7]",0.0,ok,,27.754496,0,0.6448976100000436,300.0,XGBoost,XGBRegressor,,,,,
california,1,full,0.020470853000006173,tree,TreeExplainer,"{""float32"": 7}","[200, 7]",0.0,ok,,3.70688,0,0.054402659000515996,300.0,Gradient Boosting,GradientBoostingRegressor,,,,,
california,1,forced_tree,0.020205531000101473,tree,TreeExplainer,"{""float32"": 7}","[200, 7]",0.0,ok,,5.193728,0,0.050104347000342386,300.0,Gradient Boosting,GradientBoostingRegressor,,,,,
california,1,forced_kernel,4.694859704999544,kernel,KernelExplainer,"{""float32"": 7}","[200, 7]",0.0,ok,,13.615104,200,4.723987823000243,300.0,Gradient Boosting,GradientBoostingRegressor,,,,,
california,1,no_cast,0.019386664000194287,tree,TreeExplainer,"{""float64"": 7}","[200, 7]",0.0,ok,,3.772416,0,0.05006008700001985,300.0,Gradient Boosting,GradientBoostingRegressor,,,,,
california,1,full,0.23277347599923814,linear,LinearExplainer,"{""float32"": 7}","[200, 7]",0.0,ok,,15.536128,0,0.2742025609995835,300.0,Ridge,Ridge,,,,,
california,1,forced_tree,0.011658700999760185,tree,,"{""float32"": 7}",,,error,[SHAP] Explainer build failed: Model type not yet supported by TreeExplainer: <class 'sklearn.linear_model._ridge.Ridge'>,3.641344,0,0.05566663299941865,300.0,Ridge,Ridge,,,,,
california,1,forced_kernel,4.137538939000478,kernel,KernelExplainer,"{""float32"": 7}","[200, 7]",0.0,ok,,14.290944,200,4.167578716999742,300.0,Ridge,Ridge,,,,,
california,1,no_cast,0.29598803899989434,linear,LinearExplainer,"{""float64"": 7}","[200, 7]",0.0,ok,,15.536128,0,0.33187657600046805,300.0,Ridge,Ridge,,,,,
california,1,full,300.1331555199995,,,,,,timeout,,14.536704,135,300.1331555199995,300.0,SVM,SVR,-9.0,444.6417118814807,,,
california,1,forced_tree,0.009140177000517724,tree,,"{""float32"": 7}",,,error,[SHAP] Explainer build failed: Model type not yet supported by TreeExplainer: <class 'sklearn.svm._classes.SVR'>,3.018752,0,0.047495231000539206,300.0,SVM,SVR,,,,,
california,1,forced_kernel,300.1238385480001,,,,,,timeout,,14.524416,134,300.1238385480001,300.0,SVM,SVR,-9.0,447.94602768358226,,,
california,1,no_cast,300.12464941100006,,,,,,timeout,,13.963264,132,300.12464941100006,300.0,SVM,SVR,-9.0,454.734317289394,,,
california,1,full,48.235581949000334,kernel,KernelExplainer,"{""float32"": 7}","[200, 7]",0.0,ok,,13.832192,200,48.2733095020003,300.0,KNN,KNeighborsRegressor,,,,,
california,1,forced_tree,0.007870548000028066,tree,,"{""float32"": 7}",,,error,[SHAP] Explainer build failed: Model type not yet supported by TreeExplainer: <class 'sklearn.neighbors._regression.KNeighborsRegressor'>,3.014656,0,0.03974601800018718,300.0,KNN,KNeighborsRegressor,,,,,
california,1,forced_kernel,47.90196749900042,kernel,KernelExplainer,"{""float32"": 7}","[200, 7]",0.0,ok,,13.832192,200,47.93453746100022,300.0,KNN,KNeighborsRegressor,,,,,
california,1,no_cast,46.879140388999986,kernel,KernelExplainer,"{""float64"": 7}","[200, 7]",0.0,ok,,14.184448,200,46.914125369999965,300.0,KNN,KNeighborsRegressor,,,,,
california,2,full,42.620671971000775,tree,TreeExplainer,"{""float32"": 7}","[200, 7]",0.0,ok,,157.786112,0,42.67365413399966,300.0,Random Forest,RandomForestRegressor,,,,,
california,2,forced_tree,43.1892065789998,tree,TreeExplainer,"{""float32"": 7}","[200, 7]",0.0,ok,,157.786112,0,43.223020688999895,300.0,Random Forest,RandomForestRegressor,,,,,
california,2,forced_kernel,20.352667778000068,kernel,KernelExplainer,"{""float32"": 7}","[200, 7]",0.0,ok,,301.207552,200,20.393088933999934,300.0,Random Forest,RandomForestRegressor,,,,,
california,2,no_cast,43.88005109599999,tree,TreeExplainer,"{""float64"": 7}","[200, 7]",0.0,ok,,158.511104,0,43.91831772900059,300.0,Random Forest,RandomForestRegressor,,,,,
california,2,full,0.6704823950003629,tree,TreeExplainer,"{""float32"": 7}","[200, 7]",0.0,ok,,26.497024,0,0.7031839029996263,300.0,XGBoost,XGBRegressor,,,,,
california,2,forced_tree,0.693186761999641,tree,TreeExplainer,"{""float32"": 7}","[200, 7]",0.0,ok,,26.497024,0,0.7337960180002483,300.0,XGBoost,XGBRegressor,,,,,
california,2,forced_kernel,0.01611780799976259,kernel,,"{""float32"": 7}",,,error,[SHAP] Explainer build failed: property 'feature_names_in_' of 'XGBRegressor' object has no setter,5.193728,0,0.05414387800010445,300.0,XGBoost,XGBRegressor,,,,,
california,2,no_cast,0.6447918569992908,tree,TreeExplainer,"{""float64"": 7}","[200, 7]",0.0,ok,,26.497024,0,0.6756196579999596,300.0,XGBoost,XGBRegressor,,,,,
california,2,full,0.021479684000041743,tree,TreeExplainer,"{""float32"": 7}","[200, 7]",0.0,ok,,3.70688,0,0.05952137500025856,300.0,Gradient Boosting,GradientBoostingRegressor,,,,,
california,2,forced_tree,0.021073832999718434,tree,TreeExplainer,"{""float32"": 7}","[200, 7]",0.0,ok,,3.252224,0,0.05094254499999806,300.0,Gradient Boosting,GradientBoostingRegressor,,,,,
california,2,forced_kernel,4.75448657600009,kernel,KernelExplainer,"{""float32"": 7}","[200, 7]",0.0,ok,,13.606912,200,4.783291539999482,300.0,Gradient Boosting,GradientBoostingRegressor,,,,,
california,2,no_cast,0.023991762999685307,tree,TreeExplainer,"{""float64"": 7}","[200, 7]",0.0,ok,,3.70688,0,0.06244411100033176,300.0,Gradient Boosting,GradientBoostingRegressor,,,,,
california,2,full,0.2509422650000488,linear,LinearExplainer,"{""float32"": 7}","[200, 7]",0.0,ok,,14.925824,0,0.2894740259998798,300.0,Ridge,Ridge,,,,,
california,2,forced_tree,0.007348097000431153,tree,,"{""float32"": 7}",,,error,[SHAP] Explainer build failed: Model type not yet supported by TreeExplainer: <class 'sklearn.linear_model._ridge.Ridge'>,3.084288,0,0.040105131000018446,300.0,Ridge,Ridge,,,,,
california,2,forced_kernel,3.8732753090007463,kernel,KernelExplainer,"{""float32"": 7}","[200, 7]",0.0,ok,,12.951552,200,3.9018071299997246,300.0,Ridge,Ridge,,,,,
california,2,no_cast,0.3060741429999325,linear,LinearExplainer,"{""float64"": 7}","[200, 7]",0.0,ok,,12.972032,0,0.3471227990003172,300.0,Ridge,Ridge,,,,,
california,2,full,300.1259467360005,,,,,,timeout,,14.532608,132,300.1259467360005,300.0,SVM,SVR,-9.0,454.7362829333341,,,
california,2,forced_tree,0.009449995999602834,tree,,"{""float32"": 7}",,,error,[SHAP] Explainer build failed: Model type not yet supported by TreeExplainer: <class 'sklearn.svm._classes.SVR'>,0.1024,0,0.04276213699995424,300.0,SVM,SVR,,,,,
california,2,forced_kernel,300.12306671900024,,,,,,timeout,,14.532608,129,300.12306671900024,300.0,SVM,SVR,-9.0,465.3070801844965,,,
california,2,no_cast,300.1237398880003,,,,,,timeout,,14.532608,133,300.1237398880003,300.0,SVM,SVR,-9.0,451.31389456842146,,,
california,2,full,42.91125080100028,kernel,KernelExplainer,"{""float32"": 7}","[200, 7]",0.0,ok,,13.733888,200,42.94884171400008,300.0,KNN,KNeighborsRegressor,,,,,
california,2,forced_tree,0.007784064000588842,tree,,"{""float32"": 7}",,,error,[SHAP] Explainer build failed: Model type not yet supported by TreeExplainer: <class 'sklearn.neighbors._regression.KNeighborsRegressor'>,3.252224,0,0.040509583999664756,300.0,KNN,KNeighborsRegressor,,,,,
california,2,forced_kernel,43.471785388999706,kernel,KernelExplainer,"{""float32"": 7}","[200, 7]",0.0,ok,,13.733888,200,43.5020697960008,300.0,KNN,KNeighborsRegressor,,,,,
california,2,no_cast,42.79051706300015,kernel,KernelExplainer,"{""float64"": 7}","[200, 7]",0.0,ok,,13.733888,200,42.829392869,300.0,KNN,KNeighborsRegressor,,,,,
california,3,full,45.31197720499949,tree,TreeExplainer,"{""float32"": 7}","[200, 7]",0.0,ok,,156.143616,0,45.37894031399992,300.0,Random Forest,RandomForestRegressor,,,,,
california,3,forced_tree,44.30596393799988,tree,TreeExplainer,"{""float32"": 7}","[200, 7]",0.0,ok,,156.143616,0,44.35425514100007,300.0,Random Forest,RandomForestRegressor,,,,,
california,3,forced_kernel,22.154095454000526,kernel,KernelExplainer,"{""float32"": 7}","[200, 7]",0.0,ok,,298.602496,200,22.208879799999522,300.0,Random Forest,RandomForestRegressor,,,,,
california,3,no_cast,43.729460769999605,tree,TreeExplainer,"{""float64"": 7}","[200, 7]",0.0,ok,,156.786688,0,43.776174970000284,300.0,Random Forest,RandomForestRegressor,,,,,
california,3,full,0.7052382159999979,tree,TreeExplainer,"{""float32"": 7}","[200, 7]",0.0,ok,,26.423296,0,0.7469285709994438,300.0,XGBoost,XGBRegressor,,,,,
california,3,forced_tree,0.6498215069996149,tree,TreeExplainer,"{""float32"": 7}","[200, 7]",0.0,ok,,26.423296,0,0.6991309629993339,300.0,XGBoost,XGBRegressor,,,,,
california,3,forced_kernel,0.01734570500047994,kernel,,"{""float32"": 7}",,,error,[SHAP] Explainer build failed: property 'feature_names_in_' of 'XGBRegressor' object has no setter,2.998272,0,0.0640200019997792,300.0,XGBoost,XGBRegressor,,,,,
california,3,no_cast,0.712833977999253,tree,TreeExplainer,"{""float64"": 7}","[200, 7]",0.0,ok,,26.423296,0,0.7579839059999358,300.0,XGBoost,XGBRegressor,,,,,
california,3,full,0.028785936000531365,tree,TreeExplainer,"{""float32"": 7}","[200, 7]",0.0,ok,,3.637248,0,0.08635844600030396,300.0,Gradient Boosting,GradientBoostingRegressor,,,,,
california,3,forced_tree,0.023071409999829484,tree,TreeExplainer,"{""float32"": 7}","[200, 7]",0.0,ok,,3.571712,0,0.08022882399927767,300.0,Gradient Boosting,GradientBoostingRegressor,,,,,
california,3,forced_kernel,5.070197678000113,kernel,KernelExplainer,"{""float32"": 7}","[200, 7]",0.0,ok,,13.774848,200,5.119565054000304,300.0,Gradient Boosting,GradientBoostingRegressor,,,,,
california,3,no_cast,0.021575402999587823,tree,TreeExplainer,"{""float64"": 7}","[200, 7]",0.0,ok,,5.169152,0,0.07468909799990797,300.0,Gradient Boosting,GradientBoostingRegressor,,,,,
california,3,full,0.25546661099997436,linear,LinearExplainer,"{""float32"": 7}","[200, 7]",0.0,ok,,13.049856,0,0.30238629399991623,300.0,Ridge,Ridge,,,,,
california,3,forced_tree,0.007642380000106641,tree,,"{""float32"": 7}",,,error,[SHAP] Explainer build failed: Model type not yet supported by TreeExplainer: <class 'sklearn.linear_model._ridge.Ridge'>,2.998272,0,0.05961819399999513,300.0,Ridge,Ridge,,,,,
california,3,forced_kernel,4.361660670000674,kernel,KernelExplainer,"{""float32"": 7}","[200, 7]",0.0,ok,,13.139968,200,4.403773158000149,300.0,Ridge,Ridge,,,,,
california,3,no_cast,0.22762897699976747,linear,LinearExplainer,"{""float64"": 7}","[200, 7]",0.0,ok,,13.012992,0,0.2694771119995494,300.0,Ridge,Ridge,,,,,
california,3,full,300.13333041199985,,,,,,timeout,,14.721024,127,300.13333041199985,300.0,SVM,SVR,-9.0,472.65091403464544,,,
california,3,forced_tree,0.008411093000177061,tree,,"{""float32"": 7}",,,error,[SHAP] Explainer build failed: Model type not yet supported by TreeExplainer: <class 'sklearn.svm._classes.SVR'>,5.169152,0,0.052868187998683425,300.0,SVM,SVR,,,,,
california,3,forced_kernel,300.1348319919998,,,,,,timeout,,14.721024,135,300.1348319919998,300.0,SVM,SVR,-9.0,444.64419554370346,,,
california,3,no_cast,300.13956810200034,,,,,,timeout,,14.721024,136,300.13956810200034,300.0,SVM,SVR,-9.0,441.3817177970593,,,
california,3,full,46.34393933700085,kernel,KernelExplainer,"{""float32"": 7}","[200, 7]",0.0,ok,,13.80352,200,46.397254587000134,300.0,KNN,KNeighborsRegressor,,,,,
california,3,forced_tree,0.008605405000707833,tree,,"{""float32"": 7}",,,error,[SHAP] Explainer build failed: Model type not yet supported by TreeExplainer: <class 'sklearn.neighbors._regression.KNeighborsRegressor'>,3.637248,0,0.061848806000853074,300.0,KNN,KNeighborsRegressor,,,,,
california,3,forced_kernel,44.38347532899934,kernel,KernelExplainer,"{""float32"": 7}","[200, 7]",0.0,ok,,13.80352,200,44.43549862599866,300.0,KNN,KNeighborsRegressor,,,,,
california,3,no_cast,44.84187918099997,kernel,KernelExplainer,"{""float64"": 7}","[200, 7]",0.0,ok,,13.80352,200,44.88471732200014,300.0,KNN,KNeighborsRegressor,,,,,
california,4,full,42.10114924800109,tree,TreeExplainer,"{""float32"": 7}","[200, 7]",0.0,ok,,158.969856,0,42.16449845599891,300.0,Random Forest,RandomForestRegressor,,,,,
california,4,forced_tree,47.512888616000055,tree,TreeExplainer,"{""float32"": 7}","[200, 7]",0.0,ok,,113.926144,0,48.23826825700053,300.0,Random Forest,RandomForestRegressor,,,True,original worker killed by SIGKILL (container out-of-memory while 4 units ran in parallel),crashed_process
california,4,forced_kernel,20.86091771900101,kernel,KernelExplainer,"{""float32"": 7}","[200, 7]",0.0,ok,,294.858752,200,20.92639772200164,300.0,Random Forest,RandomForestRegressor,,,,,
california,4,no_cast,42.33354316199984,tree,TreeExplainer,"{""float64"": 7}","[200, 7]",0.0,ok,,156.704768,0,42.38253769000039,300.0,Random Forest,RandomForestRegressor,,,,,
california,4,full,0.6713169560007373,tree,TreeExplainer,"{""float32"": 7}","[200, 7]",0.0,ok,,14.225408,0,0.718859041999167,300.0,XGBoost,XGBRegressor,,,,,
california,4,forced_tree,0.595143583999743,tree,TreeExplainer,"{""float32"": 7}","[200, 7]",0.0,ok,,14.573568,0,0.6358464509994519,300.0,XGBoost,XGBRegressor,,,,,
california,4,forced_kernel,0.019285172998934286,kernel,,"{""float32"": 7}",,,error,[SHAP] Explainer build failed: property 'feature_names_in_' of 'XGBRegressor' object has no setter,3.19488,0,0.059224222000921145,300.0,XGBoost,XGBRegressor,,,,,
california,4,no_cast,0.5742012229984539,tree,TreeExplainer,"{""float64"": 7}","[200, 7]",0.0,ok,,14.606336,0,0.6168327149989636,300.0,XGBoost,XGBRegressor,,,,,
california,4,full,0.022066665000238572,tree,TreeExplainer,"{""float32"": 7}","[200, 7]",0.0,ok,,1.671168,0,0.06166055900030187,300.0,Gradient Boosting,GradientBoostingRegressor,,,,,
california,4,forced_tree,0.022114225999757764,tree,TreeExplainer,"{""float32"": 7}","[200, 7]",0.0,ok,,2.187264,0,0.062228415999925346,300.0,Gradient Boosting,GradientBoostingRegressor,,,,,
california,4,forced_kernel,4.467305006999595,kernel,KernelExplainer,"{""float32"": 7}","[200, 7]",0.0,ok,,8.638464,200,4.512660598998991,300.0,Gradient Boosting,GradientBoostingRegressor,,,,,
california,4,no_cast,0.02045003999955952,tree,TreeExplainer,"{""float64"": 7}","[200, 7]",0.0,ok,,2.187264,0,0.06450468799994269,300.0,Gradient Boosting,GradientBoostingRegressor,,,,,
california,4,full,0.2036145670008409,linear,LinearExplainer,"{""float32"": 7}","[200, 7]",0.0,ok,,8.691712,0,0.24586968599942338,300.0,Ridge,Ridge,,,,,
california,4,forced_tree,0.008465117000014288,tree,,"{""float32"": 7}",,,error,[SHAP] Explainer build failed: Model type not yet supported by TreeExplainer: <class 'sklearn.linear_model._ridge.Ridge'>,1.470464,0,0.058505487999354955,300.0,Ridge,Ridge,,,,,
california,4,forced_kernel,3.8139380370012077,kernel,KernelExplainer,"{""float32"": 7}","[200, 7]",0.0,ok,,8.024064,200,3.855940216999443,300.0,Ridge,Ridge,,,,,
california,4,no_cast,0.3041540239992173,linear,LinearExplainer,"{""float64"": 7}","[200, 7]",0.0,ok,,8.265728,0,0.35710131999985606,300.0,Ridge,Ridge,,,,,
california,4,full,300.13789115799955,,,,,,timeout,,8.507392,139,300.13789115799955,300.0,SVM,SVR,-9.0,431.85308080287706,,,
california,4,forced_tree,0.010164285000428208,tree,,"{""float32"": 7}",,,error,[SHAP] Explainer build failed: Model type not yet supported by TreeExplainer: <class 'sklearn.svm._classes.SVR'>,0.1024,0,0.05743818200062378,300.0,SVM,SVR,,,,,
california,4,forced_kernel,300.14611991899983,,,,,,timeout,,8.646656,141,300.14611991899983,300.0,SVM,SVR,-9.0,425.7391771900707,,,
california,4,no_cast,300.13588948399956,,,,,,timeout,,8.916992,138,300.13588948399956,300.0,SVM,SVR,-9.0,434.979549976811,,,
california,4,full,46.38006285600022,kernel,KernelExplainer,"{""float32"": 7}","[200, 7]",0.0,ok,,9.080832,200,46.426124229999914,300.0,KNN,KNeighborsRegressor,,,,,
california,4,forced_tree,0.008306388999699266,tree,,"{""float32"": 7}",,,error,[SHAP] Explainer build failed: Model type not yet supported by TreeExplainer: <class 'sklearn.neighbors._regression.KNeighborsRegressor'>,0.167936,0,0.06083486600073229,300.0,KNN,KNeighborsRegressor,,,,,
california,4,forced_kernel,45.604411594998965,kernel,KernelExplainer,"{""float32"": 7}","[200, 7]",0.0,ok,,9.080832,200,45.650434418999794,300.0,KNN,KNeighborsRegressor,,,,,
california,4,no_cast,44.914502505998826,kernel,KernelExplainer,"{""float64"": 7}","[200, 7]",0.0,ok,,9.080832,200,44.95991182599937,300.0,KNN,KNeighborsRegressor,,,,,
