dataset,config,n_models,models_ok_mean,models_ok_min,success_rate,timeouts,errors,nan_values
adult,forced_kernel,6,3.0,3,0.5,10,5,0
adult,forced_tree,6,3.0,3,0.5,0,15,0
adult,full,6,4.0,4,0.6666666666666666,10,0,0
adult,no_cast,6,3.0,3,0.5,10,5,0
california,forced_kernel,6,4.0,4,0.6666666666666666,5,5,0
california,forced_tree,6,3.0,3,0.5,0,15,0
california,full,6,5.0,5,0.8333333333333334,5,0,0
california,no_cast,6,5.0,5,0.8333333333333334,5,0,0
credit,forced_kernel,6,3.0,3,0.5,10,5,0
credit,forced_tree,6,2.2,2,0.36666666666666664,0,19,0
credit,full,6,3.2,3,0.5333333333333333,10,4,0
credit,no_cast,6,3.2,3,0.5333333333333333,10,4,0
