dataset,model,config,n_seeds,success_rate,status_counts,explainer,runtime_s_mean,runtime_s_std,peak_mem_mb_mean,peak_mem_mb_std,message,extrapolated_runtime_s_mean
adult,Gradient Boosting,forced_kernel,5,1.0,"{""ok"": 5}",KernelExplainer,72.5128019931999,3.7615996833122347,49.6902144,15.431908336041296,,
adult,Gradient Boosting,forced_tree,5,1.0,"{""ok"": 5}",TreeExplainer,0.03401397040006486,0.00489056476657979,2.9138944,0.8377927200333027,,
adult,Gradient Boosting,full,5,1.0,"{""ok"": 5}",TreeExplainer,0.0348072126000261,0.0098145650609153,4.141056,3.16138503560702,,
adult,Gradient Boosting,no_cast,5,1.0,"{""ok"": 5}",TreeExplainer,0.03499250079976264,0.006815077951437376,2.8655616000000004,0.6747132814083326,,
adult,KNN,forced_kernel,5,0.0,"{""timeout"": 5}",,,,2203.5832831999996,24.50513557482717,,30011.236190279997
adult,KNN,forced_tree,5,0.0,"{""error"": 5}",,,,1.3533184,1.6495762171554245,[SHAP] Explainer build failed: Model type not yet supported by TreeExplainer: <class 'sklearn.neighbors._classification.KNeighborsClassifier'>,
adult,KNN,full,5,0.0,"{""timeout"": 5}",,,,2203.9789568,24.730877596745373,,48017.819360819994
adult,KNN,no_cast,5,0.0,"{""timeout"": 5}",,,,76.2650624,24.41749995395165,,3099.6414266033316
adult,Logistic Regression,forced_kernel,5,1.0,"{""ok"": 5}",KernelExplainer,60.25447527419992,2.153589984210069,71.43424,27.568405127497968,,
adult,Logistic Regression,forced_tree,5,0.0,"{""error"": 5}",,,,2.8491776,0.7741039058400363,[SHAP] Explainer build failed: Model type not yet supported by TreeExplainer: <class 'sklearn.linear_model._logistic.LogisticRegression'>,
adult,Logistic Regression,full,5,1.0,"{""ok"": 5}",LinearExplainer,1.1441259656001421,0.0874619739088636,22.0848128,9.435343998401924,,
adult,Logistic Regression,no_cast,5,0.0,"{""error"": 5}",,,,21.2606976,11.006305497263138,[SHAP] Explainer build failed: 'float' object has no attribute 'shape',
adult,Random Forest,forced_kernel,5,1.0,"{""ok"": 5}",KernelExplainer,254.8132899373999,9.897047835889067,261.4296576,19.741345327742916,,
adult,Random Forest,forced_tree,5,1.0,"{""ok"": 5}",TreeExplainer,105.64113780839989,0.8600330195594112,122.10339839999999,21.27866374398723,,
adult,Random Forest,full,5,1.0,"{""ok"": 5}",TreeExplainer,104.04644450020024,1.4886926192938021,122.1025792,21.27814627630788,,
adult,Random Forest,no_cast,5,1.0,"{""ok"": 5}",TreeExplainer,104.58400120899978,2.5049804230099073,119.7023232,22.50901847488627,,
adult,SVM,forced_kernel,5,0.0,"{""timeout"": 5}",,,,66.060288,18.57030524565323,,20008.354138986666
adult,SVM,forced_tree,5,0.0,"{""error"": 5}",,,,2.7656192,0.7207703163166475,[SHAP] Explainer build failed: Model type not yet supported by TreeExplainer: <class 'sklearn.svm._classes.SVC'>,
adult,SVM,full,5,0.0,"{""timeout"": 5}",,,,65.9980288,18.70922719681396,,20008.937242693337
adult,SVM,no_cast,5,0.0,"{""timeout"": 5}",,,,66.269184,18.640255848379766,,20008.107426880015
adult,XGBoost,forced_kernel,5,0.0,"{""error"": 5}",,,,2.2290432000000004,1.3095623687885964,[SHAP] Explainer build failed: property 'feature_names_in_' of 'XGBClassifier' object has no setter,
adult,XGBoost,forced_tree,5,1.0,"{""ok"": 5}",TreeExplainer,0.1902780884002823,0.01905560707196544,15.9285248,8.722528605053194,,
adult,XGBoost,full,5,1.0,"{""ok"": 5}",TreeExplainer,0.19728741639983127,0.009861890912982106,15.972761600000002,8.63695802064852,,
adult,XGBoost,no_cast,5,1.0,"{""ok"": 5}",TreeExplainer,0.19380897359960728,0.01819844748321563,14.8447232,7.704149403181847,,
california,Gradient Boosting,forced_kernel,5,1.0,"{""ok"": 5}",KernelExplainer,4.711223507999875,0.22948276637141377,12.6722048,2.256073304862942,,
california,Gradient Boosting,forced_tree,5,1.0,"{""ok"": 5}",TreeExplainer,0.02145765619989106,0.0011349950317101943,3.452928,1.1001477807349338,,
california,Gradient Boosting,full,5,1.0,"{""ok"": 5}",TreeExplainer,0.022766131000162206,0.0034158941198177417,3.1563776,0.8735751141949958,,
california,Gradient Boosting,no_cast,5,1.0,"{""ok"": 5}",TreeExplainer,0.021958681999831243,0.0021840712578261087,3.5790848000000004,1.0941818303240098,,
california,KNN,forced_kernel,5,1.0,"{""ok"": 5}",KernelExplainer,45.386471242799686,1.6644209513076436,12.919603200000001,2.151818308654149,,
california,KNN,forced_tree,5,0.0,"{""error"": 5}",,,,2.0348927999999997,1.74853005983975,[SHAP] Explainer build failed: Model type not yet supported by TreeExplainer: <class 'sklearn.neighbors._regression.KNeighborsRegressor'>,
california,KNN,full,5,1.0,"{""ok"": 5}",KernelExplainer,45.901232338200316,1.929063997947102,12.919603200000001,2.151818308654149,,
california,KNN,no_cast,5,1.0,"{""ok"": 5}",KernelExplainer,45.22348788879972,1.6625579895824973,13.0613248,2.246667014740547,,
california,Random Forest,forced_kernel,5,1.0,"{""ok"": 5}",KernelExplainer,21.058617284200455,0.669858957342711,299.16528639999996,2.6086979925251703,,
california,Random Forest,forced_tree,5,1.0,"{""ok"": 5}",TreeExplainer,44.2651605017998,1.9358378479468403,149.01657600000001,19.642518006725723,,
california,Random Forest,full,5,1.0,"{""ok"": 5}",TreeExplainer,43.335790658800214,1.2204748959391036,158.0253184,1.146322515935542,,
california,Random Forest,no_cast,5,1.0,"{""ok"": 5}",TreeExplainer,43.01343413579998,0.768864755208663,141.77484800000002,35.773886691013935,,
california,Ridge,forced_kernel,5,1.0,"{""ok"": 5}",KernelExplainer,4.101335759000631,0.2508082581177803,12.2912768,2.4463981936003796,,
california,Ridge,forced_tree,5,0.0,"{""error"": 5}",,,,2.8975104000000003,0.8353661206134708,[SHAP] Explainer build failed: Model type not yet supported by TreeExplainer: <class 'sklearn.linear_model._ridge.Ridge'>,
california,Ridge,full,5,1.0,"{""ok"": 5}",LinearExplainer,0.2329428688000462,0.02128987797983389,13.562675199999997,2.9125978893549997,,
california,Ridge,no_cast,5,1.0,"{""ok"": 5}",LinearExplainer,0.26750932759973695,0.04822603740141745,13.079347199999997,2.984380004852466,,
california,SVM,forced_kernel,5,0.0,"{""timeout"": 5}",,,,13.4127616,2.6655703069078482,,444.9997812856647
california,SVM,forced_tree,5,0.0,"{""error"": 5}",,,,2.3371776,2.2015354156108415,[SHAP] Explainer build failed: Model type not yet supported by TreeExplainer: <class 'sklearn.svm._classes.SVR'>,
california,SVM,full,5,0.0,"{""timeout"": 5}",,,,13.3873664,2.7291113479982454,,449.70196376128223
california,SVM,no_cast,5,0.0,"{""timeout"": 5}",,,,13.398835200000002,2.528584911128594,,450.27355701664953
california,XGBoost,forced_kernel,5,0.0,"{""error"": 5}",,,,3.5397632000000003,0.9327393356877365,[SHAP] Explainer build failed: property 'feature_names_in_' of 'XGBRegressor' object has no setter,
california,XGBoost,forced_tree,5,1.0,"{""ok"": 5}",TreeExplainer,0.6343687151997074,0.0384110851939264,24.8266752,5.820385301537622,,
california,XGBoost,full,5,1.0,"{""ok"": 5}",TreeExplainer,0.680766278800229,0.03120882186221793,24.756224,5.973067750591149,,
california,XGBoost,no_cast,5,1.0,"{""ok"": 5}",TreeExplainer,0.6363705773993843,0.051614489770778677,24.744755199999997,5.731672146608806,,
credit,Gradient Boosting,forced_kernel,5,1.0,"{""ok"": 5}",KernelExplainer,72.1600223892001,1.4525460549710667,30.2063616,13.330233805993231,,
credit,Gradient Boosting,forced_tree,5,0.2,"{""ok"": 1, ""error"": 4}",TreeExplainer,0.13313496999990093,0.0,28.106752,15.752239362341852, that the model was trained on. If your data shape is correct then please report this on GitHub. Consider retrying with the feature_perturbation='interventional,
credit,Gradient Boosting,full,5,0.2,"{""ok"": 1, ""error"": 4}",TreeExplainer,0.1383155580001585,0.0,24.976588800000002,8.281134229919184, that the model was trained on. If your data shape is correct then please report this on GitHub. Consider retrying with the feature_perturbation='interventional,
credit,Gradient Boosting,no_cast,5,0.2,"{""ok"": 1, ""error"": 4}",TreeExplainer,0.21389232600040486,0.0,57.028608,1.6962410865628739, that the model was trained on. If your data shape is correct then please report this on GitHub. Consider retrying with the feature_perturbation='interventional,
credit,KNN,forced_kernel,5,0.0,"{""timeout"": 5}",,,,2158.7853312,1.7009633146200978,,
credit,KNN,forced_tree,5,0.0,"{""error"": 5}",,,,4.468736,1.4041456013846998,[SHAP] Explainer build failed: Model type not yet supported by TreeExplainer: <class 'sklearn.neighbors._classification.KNeighborsClassifier'>,
credit,KNN,full,5,0.0,"{""timeout"": 5}",,,,2158.9753855999998,1.9000950642189611,,
credit,KNN,no_cast,5,0.0,"{""timeout"": 5}",,,,78.082048,4.16248833197836,,20007.583981733333
credit,Logistic Regression,forced_kernel,5,1.0,"{""ok"": 5}",KernelExplainer,60.96263672199975,2.856809201268361,26.764083199999998,6.278929796916923,,
credit,Logistic Regression,forced_tree,5,0.0,"{""error"": 5}",,,,22.848307199999997,21.818346906752836,[SHAP] Explainer build failed: Model type not yet supported by TreeExplainer: <class 'sklearn.linear_model._logistic.LogisticRegression'>,
credit,Logistic Regression,full,5,1.0,"{""ok"": 5}",LinearExplainer,1.5726659660000224,0.40834588864442406,28.372172799999998,16.148611138998277,,
credit,Logistic Regression,no_cast,5,1.0,"{""ok"": 5}",LinearExplainer,1.4464854767999895,0.07242592194760136,66.7500544,0.05847389691819706,,
credit,Random Forest,forced_kernel,5,1.0,"{""ok"": 5}",KernelExplainer,156.89461415120005,5.606253468308369,26.153779199999995,6.410742754469812,,
credit,Random Forest,forced_tree,5,1.0,"{""ok"": 5}",TreeExplainer,1.3271162222003112,0.10359556097122083,15.9285248,12.93380715628199,,
credit,Random Forest,full,5,1.0,"{""ok"": 5}",TreeExplainer,1.4647397892001208,0.1816107637783381,44.092620800000006,21.022951413748242,,
credit,Random Forest,no_cast,5,1.0,"{""ok"": 5}",TreeExplainer,1.313164303999929,0.06656460505559744,58.219724799999995,0.040486219917399216,,
credit,SVM,forced_kernel,5,0.0,"{""timeout"": 5}",,,,33.7846272,11.496828251874827,,2365.5182969345697
credit,SVM,forced_tree,5,0.0,"{""error"": 5}",,,,24.041881600000004,27.654218333366735,[SHAP] Explainer build failed: Model type not yet supported by TreeExplainer: <class 'sklearn.svm._classes.SVC'>,
credit,SVM,full,5,0.0,"{""timeout"": 5}",,,,25.0740736,8.254824494497555,,2402.4589032301606
credit,SVM,no_cast,5,0.0,"{""timeout"": 5}",,,,73.035776,1.613379512392544,,2424.0063572298714
credit,XGBoost,forced_kernel,5,0.0,"{""error"": 5}",,,,17.188454399999998,16.408627276604854,[SHAP] Explainer build failed: property 'feature_names_in_' of 'XGBClassifier' object has no setter,
credit,XGBoost,forced_tree,5,1.0,"{""ok"": 5}",TreeExplainer,0.21614614360005363,0.015044829284912124,28.134604799999998,8.704537474981837,,
credit,XGBoost,full,5,1.0,"{""ok"": 5}",TreeExplainer,0.24476500159998976,0.06729047904839908,30.5152,13.39745155154636,,
credit,XGBoost,no_cast,5,1.0,"{""ok"": 5}",TreeExplainer,0.22720973499999672,0.06363661864744671,70.4577536,0.10924117237012557,,
